CreditScore,Geography,Gender,Age,Tenure,Balance,NumOfProducts,HasCrCard,IsActiveMember,EstimatedSalary,TenureBucket,Exited
584.0,France,Female,44.0,5,95671.75,2,1,1,106564.88,Mid,0
453.0,Germany,Female,38.0,8,120623.21,1,1,0,129697.99,Loyal,0
803.0,Spain,Male,43.0,3,0.0,1,1,0,72051.44,Mid,0
601.0,Spain,Female,41.0,3,0.0,2,1,0,54342.83,Mid,0
531.0,Germany,Female,42.0,6,88324.31,2,1,0,75248.75,Loyal,0
664.0,France,Male,40.0,9,0.0,2,1,0,194767.3,Loyal,0
605.0,Spain,Female,57.0,2,0.0,3,1,0,66652.75,New,1
652.0,France,Female,37.0,4,0.0,2,1,0,143393.24,Mid,0
743.0,France,Male,40.0,8,68155.59,1,1,0,94876.65,Loyal,0
557.0,France,Male,34.0,3,83074.0,1,1,0,132673.22,Mid,0
660.0,Germany,Male,41.0,1,129901.21,1,1,0,26025.6,New,1
764.0,Spain,Male,29.0,5,0.0,2,1,0,65868.28,Mid,0
655.0,Germany,Male,52.0,9,144696.75,1,1,1,49025.79,Loyal,0
773.0,France,Male,25.0,2,135903.33,1,1,0,73656.38,New,0
602.0,France,Male,23.0,7,113758.48,2,0,0,84077.6,Loyal,0
610.0,France,Female,57.0,7,72092.95,4,0,1,113228.82,Loyal,1
711.0,France,Female,21.0,0,82844.33,2,0,1,1408.68,New,0
763.0,Spain,Female,39.0,7,0.0,2,1,0,19458.75,Loyal,0
553.0,Spain,Male,47.0,3,116528.15,1,0,0,145704.19,Mid,1
472.0,France,Female,37.0,1,0.0,2,1,1,48357.9,New,0
558.0,Germany,Male,39.0,10,144757.02,1,1,0,22878.16,Loyal,1
660.0,France,Female,35.0,6,100768.77,1,1,0,19199.61,Loyal,0
566.0,Germany,Male,62.0,4,120100.41,1,1,0,107563.16,Mid,1
625.0,France,Female,28.0,3,0.0,1,0,0,183646.41,Mid,0
681.0,Spain,Female,37.0,6,121231.39,1,1,1,146366.08,Loyal,0
525.0,France,Male,36.0,2,114628.4,1,0,1,168290.06,New,0
543.0,France,Female,36.0,3,0.0,2,0,0,26019.59,Mid,0
703.0,France,Female,45.0,5,0.0,2,1,0,131906.44,Mid,0
704.0,Spain,Female,36.0,2,175509.8,2,1,0,152039.67,New,0
667.0,Spain,Male,62.0,4,137260.78,1,0,1,94433.08,Mid,1
667.0,Germany,Male,32.0,0,103846.65,1,1,0,20560.69,New,0
593.0,France,Male,36.0,2,70181.48,2,1,0,80608.12,New,0
802.0,France,Female,60.0,3,92887.06,1,1,0,39473.63,Mid,1
684.0,France,Male,34.0,9,0.0,2,1,1,65257.57,Loyal,0
489.0,Germany,Female,46.0,8,92060.06,1,1,0,147222.95,Loyal,1
623.0,Germany,Male,33.0,2,80002.33,1,1,1,104079.62,New,0
569.0,Spain,Male,43.0,8,161546.68,2,0,1,178187.28,Loyal,0
531.0,Spain,Female,42.0,6,75302.85,2,0,0,57034.35,Loyal,0
427.0,France,Male,29.0,1,141325.56,1,1,1,93839.3,New,0
519.0,France,Female,21.0,1,146329.57,2,1,1,194867.27,New,0
621.0,Spain,Male,42.0,8,68683.68,1,1,1,74157.71,Loyal,0
596.0,Spain,Female,29.0,6,0.0,2,1,0,116696.77,Loyal,0
632.0,France,Male,50.0,2,0.0,2,0,0,57942.88,New,0
635.0,Germany,Female,28.0,3,81623.67,2,1,1,156791.36,Mid,0
586.0,Germany,Male,32.0,1,149814.54,1,1,0,31830.06,New,0
649.0,France,Male,46.0,5,0.0,2,1,1,76946.6,Mid,0
653.0,Germany,Female,25.0,2,158266.42,3,1,1,199357.24,New,0
559.0,France,Male,29.0,1,0.0,2,0,0,155639.76,New,0
539.0,France,Male,39.0,3,139153.68,2,1,0,147662.33,Mid,0
738.0,France,Male,18.0,4,0.0,2,1,1,47799.15,Mid,0
581.0,France,Female,37.0,10,104255.03,1,1,0,86609.37,Loyal,0
719.0,France,Female,22.0,7,114415.84,1,1,1,177497.4,Loyal,0
692.0,Germany,Male,53.0,7,150926.99,2,0,0,119817.19,Loyal,0
656.0,Spain,Female,34.0,6,59877.33,1,1,0,14032.62,Loyal,1
456.0,Spain,Male,32.0,9,147506.25,1,1,1,135399.21,Loyal,0
816.0,Spain,Male,62.0,6,151858.98,1,1,1,72814.31,Loyal,0
689.0,Spain,Female,31.0,3,139799.63,1,0,1,120663.57,Mid,0
569.0,France,Male,38.0,7,0.0,1,1,1,108469.2,Loyal,0
686.0,France,Male,39.0,4,0.0,2,1,0,155023.93,Mid,0
729.0,Spain,Female,38.0,10,0.0,2,1,0,189727.12,Loyal,0
525.0,Spain,Female,30.0,5,0.0,2,0,1,149195.44,Mid,0
642.0,France,Male,26.0,0,0.0,1,0,0,47472.68,New,0
646.0,France,Male,30.0,7,0.0,2,1,0,153566.97,Loyal,0
750.0,Spain,Female,33.0,3,161801.47,1,0,1,153288.97,Mid,1
561.0,France,Male,28.0,7,0.0,2,1,0,7797.01,Loyal,0
775.0,Germany,Female,62.0,0,161371.5,1,1,1,134869.93,New,0
634.0,France,Female,36.0,1,69518.95,1,1,0,116238.39,New,0
670.0,France,Male,36.0,7,0.0,2,0,0,59571.5,Loyal,0
714.0,France,Female,24.0,7,0.0,2,1,0,166335.0,Loyal,0
812.0,France,Male,24.0,10,0.0,2,1,1,156906.15,Loyal,0
453.0,France,Male,29.0,6,0.0,1,0,0,198376.02,Loyal,1
456.0,France,Female,62.0,1,165350.61,2,0,0,140758.07,New,1
771.0,France,Female,41.0,10,108309.0,4,1,1,137510.41,Loyal,1
676.0,France,Female,41.0,4,101457.14,1,1,1,79101.67,Mid,0
785.0,France,Male,55.0,5,0.0,2,1,1,7008.65,Mid,0
685.0,Spain,Male,31.0,10,135213.71,1,1,1,125777.28,Loyal,0
557.0,France,Female,46.0,4,96173.17,2,1,1,116378.31,Mid,0
492.0,Germany,Female,38.0,8,57068.43,2,1,0,188974.81,Loyal,0
711.0,France,Female,37.0,8,113899.92,1,0,0,80215.2,Loyal,0
789.0,Germany,Male,39.0,7,124828.46,2,1,1,124411.08,Loyal,0
744.0,Spain,Male,44.0,5,120654.68,1,1,0,82290.81,Mid,0
636.0,France,Male,31.0,6,0.0,2,1,1,2382.61,Loyal,0
718.0,France,Female,62.0,7,0.0,3,1,1,82782.08,Loyal,0
584.0,Spain,Female,38.0,3,0.0,2,1,1,4525.4,Mid,0
642.0,France,Male,36.0,4,0.0,2,1,1,195224.91,Mid,0
633.0,France,Male,35.0,3,0.0,2,1,1,36249.76,Mid,0
679.0,France,Female,39.0,4,0.0,1,0,0,172939.3,Mid,1
717.0,Spain,Male,35.0,1,0.0,3,0,0,174770.14,New,1
670.0,Germany,Female,35.0,2,79585.96,1,0,1,198802.9,New,0
537.0,France,Male,38.0,3,0.0,2,0,0,141023.01,Mid,0
512.0,France,Male,43.0,1,0.0,2,1,1,52471.36,New,0
530.0,France,Female,48.0,0,0.0,1,1,0,85081.09,New,0
486.0,Spain,Male,24.0,1,0.0,1,1,0,98802.76,New,0
671.0,France,Female,31.0,6,0.0,2,1,1,15846.42,Loyal,0
654.0,France,Male,29.0,4,132954.64,1,1,1,146715.07,Mid,0
698.0,France,Female,39.0,4,0.0,2,0,1,47455.82,Mid,0
660.0,Spain,Male,30.0,4,0.0,2,1,0,129149.06,Mid,0
821.0,France,Female,28.0,8,0.0,1,1,1,36754.13,Loyal,0
730.0,France,Female,22.0,9,65763.57,1,1,1,145792.01,Loyal,0
721.0,France,Male,41.0,6,135071.12,1,1,1,64477.25,Loyal,0
537.0,Germany,Female,37.0,7,158411.95,4,1,1,117690.58,Loyal,1
537.0,France,Female,45.0,7,158621.04,1,1,0,120892.96,Loyal,1
552.0,Germany,Male,50.0,4,121175.56,1,1,0,117505.07,Mid,1
547.0,Germany,Male,25.0,4,98141.57,2,1,1,52309.8,Mid,0
646.0,France,Male,36.0,6,124445.52,1,1,0,88481.32,Loyal,0
724.0,Germany,Male,31.0,2,160997.54,2,0,1,64831.36,New,0
450.0,Spain,Female,34.0,2,0.0,2,1,0,175480.93,New,0
706.0,Spain,Female,42.0,8,95386.82,1,1,1,75732.25,Loyal,0
569.0,Spain,Male,31.0,1,115406.97,1,0,0,145528.22,New,0
599.0,Germany,Male,25.0,7,108380.72,1,1,1,79005.95,Loyal,0
681.0,France,Female,43.0,8,154100.3,1,0,0,114659.81,Loyal,0
669.0,France,Female,41.0,0,150219.41,2,0,0,107839.03,New,0
769.0,Germany,Female,31.0,7,148913.72,2,1,0,53817.23,Loyal,0
548.0,France,Female,32.0,2,172448.77,1,1,0,188083.77,New,1
527.0,Spain,Male,33.0,9,132168.28,1,0,0,98734.15,Loyal,0
644.0,Spain,Female,46.0,6,12459.19,1,0,0,156787.34,Loyal,1
809.0,Spain,Female,48.0,2,0.0,1,1,0,160976.85,New,1
530.0,Germany,Female,42.0,0,99948.45,1,0,1,97338.62,New,0
799.0,France,Female,32.0,3,106045.92,2,1,1,17938.0,Mid,0
792.0,France,Female,42.0,2,0.0,2,1,0,92664.09,New,0
633.0,France,Female,37.0,9,156091.97,1,1,0,72008.61,Loyal,0
606.0,France,Female,36.0,10,0.0,2,0,1,155641.46,Loyal,0
461.0,France,Male,51.0,9,119889.84,1,0,0,56767.67,Loyal,1
726.0,Germany,Male,30.0,5,111375.32,2,1,0,2704.09,Mid,0
573.0,Spain,Male,41.0,5,0.0,2,0,1,14479.29,Mid,0
513.0,France,Female,45.0,0,164649.52,3,1,0,49915.52,New,1
572.0,Germany,Male,47.0,4,99353.42,1,1,0,196549.85,Mid,1
556.0,Spain,Male,38.0,2,115463.16,1,1,0,150679.65,New,0
418.0,France,Male,34.0,8,155973.88,1,1,0,154208.96,Loyal,0
501.0,France,Male,42.0,9,114631.23,1,0,1,91429.74,Loyal,0
754.0,Germany,Female,48.0,7,141819.02,1,1,0,93550.53,Loyal,1
607.0,France,Male,25.0,3,0.0,2,0,0,187048.72,Mid,0
702.0,France,Male,37.0,10,150525.8,1,1,1,94728.49,Loyal,0
695.0,Spain,Male,35.0,7,0.0,2,1,0,160387.98,Loyal,0
701.0,Germany,Male,32.0,5,102500.34,1,0,0,106287.77,Mid,0
484.0,Spain,Male,36.0,8,0.0,2,1,0,186136.48,Loyal,0
656.0,Spain,Female,40.0,10,167878.5,1,0,1,151887.16,Loyal,0
629.0,France,Male,40.0,9,0.0,1,1,0,106.67,Loyal,0
596.0,Germany,Male,54.0,1,123544.0,1,1,1,120314.75,New,1
791.0,France,Female,33.0,3,0.0,1,1,1,144413.92,Mid,1
715.0,France,Male,21.0,8,0.0,2,1,0,68666.63,Loyal,0
545.0,Germany,Male,37.0,9,110483.86,1,1,1,127394.67,Loyal,0
773.0,France,Male,25.0,1,124532.78,2,0,1,11723.57,New,0
696.0,Spain,Male,47.0,1,106758.6,1,1,1,80591.18,New,0
602.0,Spain,Male,34.0,8,98382.72,1,1,0,39542.0,Loyal,0
850.0,Spain,Male,48.0,2,0.0,1,1,0,169425.3,New,1
728.0,France,Male,38.0,1,115934.74,1,1,1,139059.05,New,0
694.0,Germany,Female,58.0,1,143212.22,1,0,0,102628.56,New,1
588.0,Spain,Male,46.0,8,0.0,1,1,0,61931.21,Loyal,0
597.0,Germany,Female,43.0,7,119127.46,2,1,0,55809.92,Loyal,0
676.0,Spain,Male,36.0,1,82729.49,1,1,0,113810.12,New,0
634.0,Spain,Female,35.0,10,0.0,1,1,0,82634.41,Loyal,0
826.0,Spain,Female,56.0,8,174506.1,2,0,1,161802.82,Loyal,1
505.0,France,Male,26.0,8,112972.57,1,1,0,145011.62,Loyal,0
625.0,Spain,Female,62.0,1,107569.96,1,1,1,182336.45,New,0
706.0,Spain,Male,62.0,4,114386.85,1,1,1,28601.68,Mid,0
577.0,Germany,Female,43.0,3,127940.47,1,0,0,125140.72,Mid,1
663.0,Spain,Female,33.0,8,122528.18,1,1,0,196260.3,Loyal,0
696.0,Spain,Female,43.0,4,0.0,2,1,1,66406.37,Mid,0
667.0,France,Male,33.0,4,0.0,2,1,1,131834.75,Mid,0
622.0,France,Female,35.0,5,0.0,2,1,0,51112.8,Mid,0
693.0,Germany,Male,25.0,6,146580.69,1,0,1,14633.35,Loyal,0
498.0,Germany,Male,61.0,7,102453.26,1,1,0,187247.56,Loyal,1
800.0,Spain,Male,38.0,9,0.0,1,1,0,78744.39,Loyal,0
577.0,France,Female,46.0,1,0.0,1,1,1,158750.53,New,0
651.0,France,Male,35.0,2,86911.8,1,1,0,174094.24,New,0
678.0,France,Male,38.0,3,0.0,2,1,0,66561.6,Mid,0
545.0,France,Male,26.0,7,0.0,2,0,1,156598.23,Loyal,0
693.0,Germany,Female,43.0,1,121927.92,1,1,0,87994.95,New,1
590.0,France,Male,31.0,8,112211.61,1,1,0,26261.42,Loyal,0
697.0,France,Male,32.0,7,175464.85,3,1,0,116442.42,Loyal,1
506.0,Spain,Male,50.0,3,0.0,2,1,0,12016.79,Mid,0
621.0,Spain,Female,36.0,7,116338.68,1,1,1,155743.48,Loyal,0
849.0,France,Female,41.0,6,0.0,2,1,1,169203.51,Loyal,1
666.0,France,Male,51.0,2,148222.65,1,0,0,156953.54,New,1
785.0,France,Female,47.0,9,122031.55,1,1,1,33823.5,Loyal,1
614.0,Spain,Female,36.0,1,44054.84,1,1,1,73329.08,New,0
493.0,France,Female,31.0,3,0.0,1,1,1,176570.28,Mid,1
586.0,France,Female,38.0,6,0.0,2,1,1,37935.83,Loyal,0
590.0,France,Female,60.0,6,147751.75,1,1,0,88206.04,Loyal,1
512.0,France,Female,41.0,6,0.0,1,1,1,100507.81,Loyal,0
598.0,Germany,Female,27.0,10,171283.91,1,1,1,84136.12,Loyal,0
791.0,Germany,Male,35.0,5,129828.58,1,1,1,181918.26,Mid,1
666.0,Germany,Female,44.0,2,122314.5,1,0,0,68574.88,New,1
582.0,France,Female,43.0,5,153313.67,1,0,0,170563.73,Mid,0
418.0,France,Female,46.0,9,0.0,1,1,1,81014.5,Loyal,1
650.0,France,Female,31.0,1,160566.11,2,0,0,27073.81,New,0
673.0,Spain,Female,32.0,0,0.0,1,1,1,72873.33,New,0
736.0,France,Male,54.0,7,111729.47,2,0,1,84920.49,Loyal,0
550.0,France,Female,46.0,7,0.0,2,1,0,130590.35,Loyal,0
662.0,France,Male,26.0,0,0.0,2,0,1,72929.96,New,0
545.0,Spain,Female,32.0,4,0.0,1,1,0,94739.2,Mid,0
726.0,France,Female,34.0,0,185734.75,1,1,1,102036.82,New,0
468.0,France,Female,32.0,8,137649.47,1,0,0,198714.29,Loyal,0
794.0,France,Male,30.0,8,0.0,2,1,1,24113.91,Loyal,0
523.0,Germany,Male,41.0,0,119276.31,1,0,0,122284.38,New,1
452.0,Germany,Male,52.0,1,98443.14,2,0,0,92033.98,New,0
629.0,Spain,Male,39.0,5,0.0,2,0,0,116748.14,Mid,0
576.0,France,Male,39.0,9,84719.98,1,0,0,191063.36,Loyal,0
655.0,France,Female,20.0,7,134397.61,1,0,0,28029.54,Loyal,0
701.0,Spain,Female,33.0,7,123870.07,1,1,0,97794.71,Loyal,0
632.0,Germany,Male,41.0,3,126550.7,1,0,0,177644.52,Mid,1
582.0,France,Female,29.0,0,0.0,1,1,1,84012.81,New,0
673.0,Spain,Female,35.0,6,0.0,2,1,0,98618.79,Loyal,0
711.0,France,Female,25.0,7,0.0,3,1,1,9679.28,Loyal,0
737.0,Germany,Male,31.0,5,121192.22,2,1,1,74890.58,Mid,0
648.0,Germany,Female,51.0,2,116574.84,1,1,0,4121.04,New,1
602.0,France,Male,59.0,7,0.0,2,1,1,162347.05,Loyal,0
518.0,Germany,Male,29.0,9,125961.74,2,1,0,160303.08,Loyal,1
655.0,France,Female,26.0,7,106198.5,1,0,1,32020.42,Loyal,0
714.0,France,Female,52.0,2,0.0,1,0,1,144045.08,New,1
564.0,Germany,Female,30.0,0,100954.88,2,0,0,134175.15,New,0
644.0,France,Male,37.0,2,186347.97,2,1,0,92809.73,New,0
688.0,Germany,Male,35.0,5,111578.18,1,0,0,166165.93,Mid,1
554.0,France,Male,31.0,1,0.0,2,0,1,192660.55,New,0
446.0,Spain,Female,45.0,10,125191.69,1,1,1,128260.86,Loyal,1
580.0,Germany,Male,35.0,10,136281.41,2,1,1,24799.47,Loyal,0
650.0,Germany,Male,26.0,4,214346.96,2,1,0,128815.33,Mid,0
697.0,Spain,Female,40.0,7,130334.35,2,0,1,116951.1,Loyal,0
584.0,Germany,Male,42.0,3,137479.13,1,1,0,25669.1,Mid,0
647.0,Germany,Female,35.0,3,166518.63,2,1,0,147930.46,Mid,0
579.0,France,Female,27.0,9,0.0,2,1,0,126838.7,Loyal,0
707.0,France,Male,33.0,2,0.0,2,0,0,130866.95,New,0
528.0,France,Male,35.0,3,156687.1,1,1,0,199320.77,Mid,0
527.0,France,Male,39.0,4,0.0,2,1,0,167183.07,Mid,1
569.0,Spain,Female,34.0,3,0.0,1,1,0,133997.53,Mid,0
743.0,Spain,Male,43.0,2,161807.18,2,0,1,93228.86,New,1
617.0,France,Female,26.0,2,165947.99,2,0,1,168834.38,New,0
567.0,France,Female,48.0,3,0.0,1,1,0,55362.45,Mid,0
704.0,Spain,Female,37.0,9,155619.58,1,1,1,135088.58,Loyal,0
850.0,France,Male,35.0,3,162442.35,1,1,0,183566.78,Mid,0
764.0,France,Female,24.0,7,0.0,2,1,0,186105.99,Loyal,0
709.0,France,Male,37.0,7,0.0,1,1,0,159486.76,Loyal,0
758.0,France,Male,51.0,8,81710.46,1,1,1,116520.07,Loyal,0
640.0,France,Male,38.0,9,0.0,2,1,0,88827.67,Loyal,0
660.0,Spain,Female,36.0,0,84438.57,1,1,1,181449.51,New,0
683.0,Germany,Female,39.0,2,47685.47,2,1,1,86019.48,New,0
613.0,Germany,Male,40.0,1,147856.82,3,0,0,107961.11,New,1
500.0,France,Male,56.0,1,100374.58,1,1,0,118490.8,New,1
685.0,Spain,Male,38.0,4,0.0,2,1,1,35884.91,Mid,0
794.0,Spain,Male,33.0,8,0.0,2,0,0,91340.02,Loyal,0
500.0,Spain,Male,37.0,9,125822.21,1,1,0,111698.0,Loyal,0
747.0,France,Female,40.0,3,0.0,1,0,0,57817.84,Mid,1
697.0,France,Female,34.0,2,126558.92,1,1,0,73334.43,New,0
844.0,France,Male,18.0,2,160980.03,1,0,0,145936.28,New,0
659.0,Spain,Female,38.0,9,0.0,2,1,1,35701.06,Loyal,0
515.0,Spain,Male,35.0,10,176273.95,1,0,1,121277.78,Loyal,0
639.0,Spain,Female,27.0,8,133806.54,2,1,0,6251.3,Loyal,0
756.0,Germany,Female,26.0,5,155143.52,1,0,1,135034.57,Mid,1
675.0,France,Male,54.0,6,0.0,1,1,0,110273.84,Loyal,1
622.0,France,Male,35.0,8,0.0,2,1,1,131772.51,Loyal,0
684.0,Spain,Female,41.0,1,134177.06,1,0,0,177506.66,New,0
749.0,France,Female,26.0,6,0.0,2,0,1,34948.77,Loyal,0
642.0,France,Male,40.0,1,154863.15,1,1,1,138052.51,New,0
717.0,Germany,Male,35.0,7,58469.37,2,1,1,172459.39,Loyal,0
666.0,Germany,Male,62.0,1,53013.29,2,1,1,112222.64,New,0
583.0,France,Female,27.0,1,125406.58,1,1,1,110784.42,New,0
684.0,France,Male,33.0,4,140700.61,1,1,0,103557.93,Mid,0
743.0,Spain,Female,36.0,8,92716.96,1,1,1,33693.78,Loyal,0
551.0,Spain,Male,32.0,4,0.0,2,1,0,53420.53,Mid,0
566.0,Spain,Male,44.0,5,0.0,2,1,0,66462.79,Mid,0
596.0,Germany,Male,47.0,5,140187.1,2,1,1,174311.3,Mid,0
585.0,France,Female,30.0,6,0.0,2,1,1,137757.69,Loyal,0
555.0,Germany,Female,46.0,4,120392.99,1,1,0,177719.88,Mid,1
646.0,Germany,Male,46.0,1,170826.55,2,1,0,45041.32,New,0
591.0,Spain,Male,58.0,5,128468.69,1,0,1,137254.55,Mid,0
724.0,France,Female,28.0,5,0.0,1,1,0,59351.68,Mid,0
570.0,France,Female,43.0,9,0.0,2,0,1,11417.26,Loyal,0
539.0,France,Male,20.0,0,83459.86,1,1,1,146752.67,New,0
623.0,France,Male,48.0,5,118469.38,1,1,1,158590.25,Mid,0
614.0,France,Female,27.0,9,106414.57,2,0,0,77500.81,Loyal,0
811.0,Spain,Male,44.0,3,0.0,2,0,1,78439.73,Mid,0
747.0,France,Female,21.0,4,81025.6,2,1,0,167682.57,Mid,0
695.0,France,Male,29.0,5,0.0,2,1,1,6770.44,Mid,0
625.0,France,Female,51.0,4,124620.01,2,1,0,92243.94,Mid,1
448.0,Spain,Male,25.0,2,0.0,2,0,0,95215.73,New,0
594.0,France,Male,35.0,2,0.0,2,1,0,103480.69,New,0
639.0,France,Male,37.0,5,98186.7,1,0,1,173386.95,Mid,0
579.0,France,Male,38.0,8,0.0,2,0,0,91763.67,Loyal,0
727.0,Germany,Male,39.0,5,80615.46,2,0,0,180962.32,Mid,0
607.0,France,Female,39.0,10,0.0,3,1,0,132741.13,Loyal,1
449.0,Spain,Female,31.0,1,113693.0,1,0,0,82796.29,New,0
445.0,Germany,Female,34.0,7,131082.17,2,1,1,70618.0,Loyal,0
550.0,France,Female,48.0,6,0.0,2,1,1,191870.28,Loyal,0
714.0,Spain,Male,34.0,5,0.0,2,1,0,193040.32,Mid,0
561.0,France,Male,56.0,7,152759.0,2,1,0,133167.11,Loyal,1
627.0,Germany,Female,30.0,6,57809.32,1,1,0,188258.49,Loyal,0
653.0,France,Male,47.0,6,0.0,1,1,0,50695.93,Loyal,1
718.0,Spain,Male,28.0,6,0.0,2,1,0,146875.86,Loyal,0
679.0,France,Female,33.0,1,0.0,2,0,0,69608.48,New,0
723.0,France,Male,42.0,2,99095.73,1,1,1,17512.53,New,0
676.0,Spain,Male,27.0,4,0.0,1,0,1,107955.67,Mid,0
470.0,Spain,Male,31.0,4,55732.92,2,1,1,103792.53,Mid,0
762.0,France,Male,53.0,1,102520.37,1,1,1,170195.4,New,0
774.0,France,Female,41.0,5,126670.37,1,1,0,102426.06,Mid,0
549.0,France,Male,29.0,3,0.0,2,1,0,146090.38,Mid,0
740.0,France,Male,33.0,1,129574.98,1,1,1,123300.38,New,0
626.0,France,Male,38.0,7,141074.59,1,1,0,52795.56,Loyal,1
790.0,France,Female,31.0,9,0.0,2,1,0,84126.75,Loyal,0
713.0,Germany,Female,24.0,7,147687.24,1,1,1,121592.5,Loyal,0
553.0,Spain,Male,38.0,1,181110.13,2,1,0,184544.59,New,0
594.0,France,Male,38.0,4,0.0,2,0,0,186884.04,Mid,0
758.0,France,Female,34.0,1,154139.45,1,1,1,60728.89,New,0
640.0,Germany,Male,33.0,8,81677.22,2,0,0,34925.56,Loyal,0
574.0,Spain,Male,34.0,5,0.0,2,0,0,28269.86,Mid,0
532.0,France,Male,38.0,9,0.0,2,0,0,30583.95,Loyal,0
593.0,France,Male,45.0,4,138825.19,1,0,0,10828.78,Mid,0
652.0,Spain,Female,38.0,1,103895.31,1,0,1,159649.44,New,0
542.0,France,Female,39.0,4,109949.39,2,1,1,41268.65,Mid,0
651.0,Spain,Female,62.0,8,129968.67,1,1,1,11830.53,Loyal,0
711.0,France,Male,38.0,4,123345.85,1,1,0,141827.83,Mid,0
537.0,Spain,Male,30.0,1,103138.17,1,1,1,96555.42,New,0
704.0,France,Male,36.0,7,120026.98,2,0,1,100601.73,Loyal,0
513.0,France,Male,40.0,3,141004.46,1,1,0,105028.46,Mid,0
850.0,France,Female,62.0,4,0.0,2,1,1,107236.87,Mid,0
712.0,Germany,Male,27.0,8,113174.21,2,1,0,147261.58,Loyal,0
598.0,Spain,Female,38.0,6,0.0,2,0,0,173783.38,Loyal,0
704.0,Spain,Male,48.0,8,167997.6,1,1,1,173498.45,Loyal,0
578.0,France,Female,40.0,7,0.0,2,0,0,102233.73,Loyal,0
676.0,Germany,Male,28.0,1,69459.05,2,1,1,128461.29,New,0
605.0,Spain,Female,36.0,9,0.0,2,0,1,35521.63,Loyal,0
565.0,Spain,Male,38.0,0,122447.76,1,0,0,67339.34,New,0
639.0,France,Female,50.0,6,115335.32,2,1,1,53130.41,Loyal,0
630.0,Germany,Male,50.0,3,129370.91,4,1,1,47775.34,Mid,1
781.0,France,Male,32.0,6,147107.91,1,1,1,40066.95,Loyal,0
746.0,France,Male,37.0,2,0.0,2,1,0,143194.05,New,0
497.0,Germany,Male,24.0,6,111769.14,2,1,0,55859.27,Loyal,0
571.0,France,Female,33.0,9,0.0,2,0,1,77519.62,Loyal,0
781.0,France,Female,48.0,0,57098.96,1,1,0,85644.06,New,1
490.0,France,Female,35.0,7,107749.03,1,1,1,3937.37,Loyal,0
639.0,Spain,Male,28.0,8,0.0,2,1,0,126561.07,Loyal,0
662.0,France,Female,39.0,5,138106.75,1,0,0,19596.73,Mid,0
658.0,France,Female,40.0,7,140596.95,1,0,1,135459.02,Loyal,1
651.0,Germany,Male,34.0,2,90355.12,2,0,0,193597.94,New,0
604.0,Spain,Male,23.0,9,124577.33,1,1,1,7267.25,Loyal,0
605.0,Germany,Female,43.0,8,125338.8,2,1,0,23970.13,Loyal,0
842.0,France,Male,58.0,1,63492.94,1,1,1,83172.19,New,0
605.0,France,Male,32.0,9,0.0,2,1,1,55724.24,Loyal,0
560.0,France,Female,30.0,0,108883.29,1,1,0,27914.95,New,0
805.0,Germany,Female,33.0,3,105663.56,2,0,1,33330.89,Mid,0
652.0,France,Male,36.0,1,0.0,2,1,1,151314.98,New,0
642.0,France,Female,39.0,4,0.0,1,1,1,76821.24,Mid,0
623.0,France,Female,35.0,0,130557.24,1,1,1,47880.71,New,0
633.0,France,Female,60.0,8,69365.25,1,1,1,10288.24,Loyal,0
735.0,Spain,Male,50.0,9,0.0,1,0,0,166677.35,Loyal,1
659.0,France,Male,43.0,1,106086.42,2,1,0,26900.63,New,0
617.0,Germany,Male,44.0,9,49157.09,2,1,0,53294.17,Loyal,0
821.0,Germany,Male,45.0,0,135827.33,2,1,1,131778.58,New,0
784.0,Spain,Male,38.0,10,122267.85,1,0,0,145759.93,Loyal,0
639.0,Spain,Female,35.0,5,136526.26,2,1,0,59653.03,Mid,0
752.0,France,Female,36.0,1,86837.95,1,1,1,105280.55,New,0
732.0,France,Female,43.0,6,0.0,2,1,0,65731.53,Loyal,0
563.0,Spain,Male,32.0,6,0.0,2,1,1,19720.08,Loyal,0
560.0,France,Male,49.0,4,0.0,1,1,1,100075.1,Mid,1
637.0,France,Female,36.0,9,166939.88,1,1,1,72504.76,Loyal,0
835.0,Germany,Male,18.0,2,142872.36,1,1,1,117632.63,New,0
753.0,France,Male,62.0,3,121513.31,1,0,1,195563.99,Mid,0
705.0,Germany,Female,31.0,9,110941.93,2,1,0,163484.8,Loyal,0
726.0,France,Female,24.0,6,0.0,2,1,1,54724.03,Loyal,0
707.0,France,Male,33.0,8,136678.52,1,1,0,54290.62,Loyal,0
712.0,Germany,Male,38.0,7,132767.66,2,1,1,59115.77,Loyal,0
781.0,France,Male,38.0,2,117810.79,1,0,1,65632.33,New,1
633.0,France,Female,47.0,0,0.0,1,1,1,6342.84,New,1
646.0,Spain,Female,42.0,3,99836.47,1,0,1,22909.56,Mid,0
686.0,France,Female,41.0,4,129553.76,2,1,0,187599.8,Mid,0
492.0,France,Male,39.0,7,0.0,2,0,1,71323.23,Loyal,0
759.0,France,Male,26.0,4,0.0,2,1,0,135394.62,Mid,0
490.0,Germany,Female,41.0,0,139659.04,1,1,1,176254.12,New,0
770.0,Germany,Male,37.0,5,141547.26,2,0,1,180326.83,Mid,0
822.0,France,Male,38.0,6,128289.7,3,1,0,9149.96,Loyal,1
600.0,Spain,Female,27.0,6,0.0,2,1,1,172031.22,Loyal,0
697.0,France,Male,27.0,8,141223.68,2,1,0,90591.15,Loyal,0
740.0,France,Male,39.0,9,0.0,2,1,0,19047.23,Loyal,0
590.0,Spain,Male,37.0,1,0.0,2,0,0,133535.99,New,0
778.0,Germany,Male,31.0,9,182275.23,2,1,0,190631.23,Loyal,0
738.0,Spain,Male,35.0,3,0.0,1,1,1,15650.73,Mid,0
708.0,Germany,Male,32.0,3,151691.44,2,1,1,172810.51,Mid,0
660.0,France,Male,19.0,5,127649.64,1,1,1,40368.65,Mid,0
592.0,France,Female,38.0,8,119278.01,2,0,1,19370.73,Loyal,0
503.0,Germany,Male,30.0,10,136622.55,2,0,0,47310.24,Loyal,0
739.0,France,Male,42.0,2,141642.92,2,1,0,172149.76,New,0
663.0,Germany,Male,42.0,7,115930.87,1,1,0,19862.78,Loyal,0
747.0,France,Female,47.0,5,139914.6,4,0,1,129964.56,Mid,1
678.0,France,Female,22.0,6,118064.93,2,1,1,195424.01,Loyal,0
712.0,Spain,Male,52.0,9,0.0,1,1,1,117977.45,Loyal,1
642.0,France,Male,35.0,2,133161.95,1,0,1,122254.86,New,0
611.0,France,Male,27.0,7,0.0,2,1,1,157474.1,Loyal,0
496.0,France,Female,29.0,4,0.0,2,1,0,164806.89,Mid,0
539.0,Spain,Male,38.0,6,0.0,1,1,1,152880.07,Loyal,1
589.0,Germany,Female,36.0,9,140355.56,2,1,0,136329.96,Loyal,0
585.0,Germany,Male,36.0,5,146050.97,2,0,0,86424.57,Mid,0
628.0,France,Female,50.0,4,143054.56,1,0,1,109608.81,Mid,1
646.0,Germany,Female,57.0,6,90212.0,1,1,0,13911.27,Loyal,1
726.0,Germany,Female,33.0,7,99046.31,2,1,1,56053.06,Loyal,0
675.0,Spain,Male,32.0,10,0.0,2,1,0,191545.65,Loyal,0
652.0,France,Female,40.0,8,84390.8,2,0,1,107876.2,Loyal,0
562.0,Germany,Male,31.0,2,112708.2,1,0,1,186370.3,New,0
518.0,Germany,Female,41.0,5,110624.99,1,1,0,89327.67,Mid,0
697.0,Germany,Male,29.0,0,172693.54,1,0,0,141798.98,New,0
780.0,Germany,Male,34.0,5,94108.54,2,1,0,177235.21,Mid,0
667.0,France,Male,48.0,2,0.0,1,1,0,43229.2,New,0
507.0,Germany,Male,31.0,9,111589.67,1,1,0,150037.19,Loyal,0
507.0,France,Male,41.0,3,58820.32,2,1,1,138536.09,Mid,0
623.0,France,Male,40.0,6,0.0,2,1,1,66119.07,Loyal,0
667.0,France,Female,37.0,9,71786.9,2,1,1,67734.79,Loyal,0
571.0,Germany,Male,25.0,6,82506.72,2,1,0,167705.07,Loyal,0
600.0,Spain,Male,36.0,4,0.0,2,1,0,143635.36,Mid,0
634.0,France,Male,44.0,9,149961.11,1,1,0,57121.51,Loyal,0
604.0,France,Male,26.0,8,149542.52,2,0,1,197911.52,Loyal,0
619.0,France,Female,38.0,3,0.0,2,0,1,116467.35,Mid,0
601.0,France,Male,40.0,10,127847.86,1,0,0,173245.68,Loyal,0
679.0,Spain,Female,40.0,7,0.0,2,1,1,163757.29,Loyal,0
724.0,France,Male,30.0,10,0.0,2,1,1,54265.55,Loyal,0
778.0,Germany,Female,29.0,7,123229.46,1,1,0,181221.09,Loyal,0
709.0,France,Male,49.0,4,154344.49,2,1,1,38794.57,Mid,0
730.0,Spain,Male,42.0,4,0.0,2,0,1,85982.47,Mid,0
732.0,Germany,Male,38.0,5,178787.54,1,1,1,195760.53,Mid,0
497.0,Germany,Male,41.0,5,80542.81,1,0,0,88729.22,Mid,1
683.0,France,Female,62.0,8,137732.23,2,1,1,133210.44,Loyal,0
598.0,Spain,Male,39.0,1,0.0,2,1,0,159130.32,New,0
512.0,France,Female,33.0,6,121685.31,2,1,1,83681.97,Loyal,0
609.0,Spain,Male,37.0,5,129312.79,1,1,1,26793.82,Mid,0
850.0,Spain,Female,29.0,7,0.0,2,1,0,23237.25,Loyal,0
753.0,Germany,Male,30.0,1,110824.52,1,1,1,57896.27,New,0
617.0,France,Female,35.0,2,104508.1,1,1,1,147636.46,New,0
631.0,France,Male,26.0,1,149144.61,1,0,1,123697.95,New,0
850.0,Spain,Female,38.0,3,0.0,2,0,1,179360.76,Mid,0
759.0,France,Female,31.0,1,109848.6,1,1,1,42012.55,New,0
671.0,Spain,Female,31.0,4,0.0,2,0,1,79270.02,Mid,0
653.0,Spain,Female,30.0,2,88243.29,2,1,1,96658.26,New,0
721.0,France,Female,55.0,3,44020.89,1,1,0,65864.4,Mid,1
599.0,Germany,Male,46.0,9,123444.72,1,1,1,31368.08,Loyal,1
656.0,France,Female,48.0,9,0.0,2,1,1,85240.61,Loyal,1
620.0,Germany,Male,35.0,0,76989.97,1,1,1,17242.79,New,0
799.0,France,Female,30.0,9,0.0,2,1,0,136827.96,Loyal,0
580.0,France,Female,39.0,9,128362.59,1,1,0,86044.98,Loyal,0
598.0,Germany,Male,32.0,9,123938.6,2,1,0,198894.42,Loyal,0
614.0,France,Female,41.0,8,121558.46,1,1,1,598.8,Loyal,0
529.0,Spain,Female,44.0,1,0.0,2,0,0,14161.3,New,0
543.0,France,Male,36.0,6,0.0,2,1,0,176728.28,Loyal,0
607.0,Germany,Male,32.0,9,144272.07,2,1,0,176580.63,Loyal,0
534.0,France,Male,52.0,1,0.0,3,1,1,104035.41,New,1
684.0,France,Female,41.0,6,135203.81,2,1,1,121967.88,Loyal,0
637.0,France,Female,38.0,3,104339.56,1,0,0,119882.86,Mid,0
605.0,France,Female,32.0,5,0.0,2,1,1,42135.28,Mid,0
596.0,Germany,Male,48.0,2,131326.47,1,0,0,1140.02,New,1
678.0,Germany,Female,44.0,2,98009.13,2,0,1,31384.86,New,0
577.0,France,Female,39.0,10,0.0,2,1,0,10553.31,Loyal,0
550.0,France,Female,22.0,7,139096.85,1,1,0,129890.94,Loyal,0
555.0,France,Male,55.0,4,146798.81,1,1,1,74149.77,Mid,0
644.0,Spain,Male,18.0,7,0.0,1,0,1,59645.24,Loyal,1
572.0,France,Male,43.0,2,140431.98,1,1,0,26450.57,New,1
726.0,France,Female,48.0,4,0.0,1,1,0,114020.06,Mid,1
613.0,Germany,Male,38.0,9,67111.65,1,1,0,78566.64,Loyal,1
676.0,France,Male,23.0,1,107787.47,1,0,1,116378.82,New,0
680.0,France,Male,34.0,9,0.0,2,1,1,95686.6,Loyal,0
644.0,France,Female,40.0,10,139180.97,1,1,1,19959.67,Loyal,0
741.0,Spain,Male,39.0,7,143637.58,2,0,1,174227.66,Loyal,0
593.0,Germany,Female,29.0,5,101713.84,3,1,0,134594.99,Mid,0
481.0,Spain,Female,37.0,8,0.0,2,1,0,44215.86,Loyal,0
615.0,Spain,Male,42.0,4,0.0,3,0,1,120321.09,Mid,0
654.0,France,Female,35.0,2,90865.8,1,1,1,86764.46,New,0
554.0,France,Male,39.0,2,129709.62,1,1,0,173197.12,New,0
850.0,France,Female,31.0,4,0.0,2,1,1,33082.81,Mid,0
850.0,France,Male,28.0,8,99986.98,1,1,0,196582.55,Loyal,0
631.0,Germany,Male,48.0,1,106396.48,1,1,1,150661.42,New,1
638.0,Spain,Male,44.0,9,77637.35,2,1,1,111346.22,Loyal,0
635.0,Spain,Male,35.0,2,113635.16,1,1,0,90883.12,New,0
545.0,Spain,Female,39.0,6,0.0,1,0,0,38410.74,Loyal,1
714.0,Germany,Male,39.0,3,149887.49,2,1,0,63846.36,Mid,0
678.0,Germany,Female,40.0,8,128644.46,1,0,0,167673.37,Loyal,0
551.0,Spain,Male,62.0,2,128410.71,2,1,1,181718.73,New,0
694.0,France,Male,34.0,5,127900.03,1,1,0,101737.8,Mid,0
757.0,Germany,Female,43.0,5,131433.33,2,1,1,3497.43,Mid,1
627.0,Germany,Male,28.0,5,71097.23,1,1,1,130504.49,Mid,0
730.0,Spain,Female,43.0,1,103960.38,1,1,1,193650.16,New,0
710.0,France,Male,47.0,5,158623.14,1,0,0,83499.89,Mid,1
531.0,France,Female,53.0,5,127642.44,1,1,0,141501.45,Mid,1
774.0,Germany,Male,42.0,2,132193.94,2,1,1,162865.52,New,0
732.0,Spain,Female,62.0,1,0.0,2,1,1,177783.04,New,0
692.0,Germany,Female,43.0,10,118588.83,1,1,1,161241.65,Loyal,1
749.0,Spain,Male,34.0,2,0.0,1,0,0,174189.04,New,1
608.0,Germany,Female,48.0,2,127924.25,2,1,0,32202.61,New,0
607.0,France,Male,45.0,7,123859.6,1,0,1,113051.57,Loyal,0
588.0,Spain,Male,32.0,3,109109.33,1,0,1,4993.94,Mid,0
653.0,France,Male,51.0,3,0.0,1,1,0,170426.65,Mid,1
700.0,France,Female,27.0,6,137963.07,1,0,0,8996.79,Loyal,0
523.0,Germany,Male,35.0,8,138782.76,1,1,1,186118.93,Loyal,0
722.0,Germany,Female,32.0,5,106807.64,1,1,1,76998.69,Mid,0
752.0,Spain,Female,36.0,3,0.0,2,1,1,48505.1,Mid,0
718.0,France,Female,31.0,1,152663.77,1,0,1,17128.64,New,0
657.0,France,Male,33.0,1,84309.57,2,0,0,103914.4,New,0
674.0,Spain,Female,41.0,4,126605.14,1,1,1,166694.93,Mid,0
483.0,France,Male,27.0,1,77805.66,1,1,1,2101.89,New,0
670.0,Spain,Female,20.0,4,0.0,2,1,0,119759.24,Mid,0
753.0,Germany,Female,38.0,1,117314.92,1,1,0,122021.33,New,1
582.0,France,Male,29.0,0,0.0,1,1,0,142516.35,New,0
667.0,Spain,Female,36.0,3,121542.57,2,1,1,186841.71,Mid,0
535.0,Spain,Female,50.0,1,140292.58,3,0,0,69531.22,New,1
698.0,Germany,Male,39.0,9,133191.19,2,0,1,53289.49,Loyal,0
651.0,France,Female,32.0,8,144581.96,1,1,1,87609.5,Loyal,0
681.0,Germany,Male,31.0,4,97338.19,2,0,0,48226.76,Mid,0
625.0,France,Female,44.0,7,0.0,1,1,0,4791.8,Loyal,0
640.0,Spain,Male,37.0,5,158024.38,1,1,0,81298.09,Mid,0
585.0,France,Female,43.0,2,0.0,2,1,0,89402.54,New,0
480.0,France,Male,35.0,2,165692.91,1,1,1,197984.58,New,0
792.0,France,Female,62.0,3,0.0,2,1,1,172240.27,Mid,0
534.0,France,Male,36.0,4,120037.96,1,1,0,36275.94,Mid,0
575.0,Spain,Male,30.0,2,0.0,2,1,1,82222.86,New,0
721.0,Germany,Female,36.0,3,65253.07,2,1,0,28737.78,Mid,0
793.0,Spain,Male,41.0,9,0.0,2,1,0,152153.74,Loyal,0
715.0,Germany,Female,37.0,9,105489.31,1,0,0,143096.49,Loyal,1
594.0,Germany,Female,29.0,3,130830.22,1,1,0,61048.53,Mid,0
669.0,France,Male,23.0,1,0.0,2,0,0,66088.83,New,0
603.0,Spain,Female,42.0,8,91611.12,1,0,0,144675.3,Loyal,1
514.0,France,Female,46.0,3,106511.85,1,1,0,55072.32,Mid,0
606.0,France,Male,40.0,5,0.0,2,1,1,70899.27,Mid,0
660.0,France,Female,48.0,0,90044.32,2,0,1,187604.97,New,1
661.0,Spain,Male,39.0,6,132628.98,1,0,0,38812.67,Loyal,0
699.0,France,Male,22.0,9,99339.0,1,1,0,68297.61,Loyal,1
521.0,Spain,Female,34.0,7,70731.07,1,1,1,20243.97,Loyal,1
669.0,Germany,Female,35.0,4,108269.2,2,1,0,174969.92,Mid,0
771.0,France,Female,57.0,4,0.0,1,0,0,85876.67,Mid,1
562.0,Spain,Male,41.0,5,165445.04,2,1,0,85787.31,Mid,0
416.0,Germany,Female,41.0,10,122189.66,2,1,0,98301.61,Loyal,0
637.0,France,Male,41.0,2,0.0,2,0,1,102515.42,New,0
517.0,France,Male,56.0,9,142147.32,1,0,0,39488.04,Loyal,1
642.0,Germany,Male,22.0,10,111812.52,2,1,1,183045.46,Loyal,0
711.0,Germany,Male,34.0,4,133467.77,2,1,1,42976.64,Mid,0
640.0,Spain,Male,34.0,1,137523.02,1,0,0,24761.36,New,0
643.0,France,Female,31.0,3,167949.48,1,1,0,143162.34,Mid,0
760.0,Germany,Female,49.0,9,91502.99,1,1,0,117232.9,Loyal,1
604.0,France,Male,34.0,7,0.0,2,1,1,188078.55,Loyal,0
648.0,Germany,Female,42.0,8,121980.56,2,1,0,4027.02,Loyal,0
637.0,France,Female,48.0,7,130806.99,2,1,1,132005.85,Loyal,1
850.0,France,Female,46.0,3,0.0,2,1,1,187980.21,Mid,0
742.0,France,Female,35.0,2,79126.17,1,1,1,126997.53,New,0
520.0,France,Male,30.0,3,143396.54,2,1,1,898.51,Mid,0
655.0,Spain,Female,28.0,3,113811.85,2,0,1,76844.23,Mid,0
656.0,France,Male,46.0,9,143267.14,2,0,0,193099.43,Loyal,0
592.0,Spain,Male,38.0,0,0.0,1,1,0,65986.48,New,1
564.0,Germany,Female,32.0,10,139875.2,2,1,0,15378.23,Loyal,0
637.0,Germany,Male,51.0,1,104682.83,1,1,0,55266.96,New,1
850.0,Germany,Male,38.0,7,101985.81,2,0,0,43801.27,Loyal,0
623.0,France,Female,37.0,4,140211.88,1,1,1,93832.33,Mid,0
411.0,France,Male,29.0,0,59697.17,2,1,1,53483.21,New,0
601.0,France,Male,40.0,10,98627.13,2,0,0,77977.69,Loyal,0
552.0,France,Male,49.0,4,0.0,1,1,1,190296.76,Mid,1
577.0,France,Male,36.0,3,121092.47,2,0,1,143783.46,Mid,0
549.0,France,Male,50.0,9,94748.76,2,0,1,13608.18,Loyal,0
585.0,France,Female,34.0,1,0.0,1,1,1,75503.6,New,0
557.0,Germany,Male,57.0,1,120043.13,1,1,0,132370.75,New,1
655.0,Germany,Male,62.0,6,148363.38,1,1,1,186995.17,Loyal,0
451.0,Spain,Female,23.0,9,0.0,2,0,1,48021.71,Loyal,0
638.0,Spain,Male,41.0,7,0.0,2,1,0,43889.41,Loyal,0
704.0,Germany,Female,39.0,1,124640.51,1,1,0,116511.12,New,1
468.0,Spain,Male,28.0,3,0.0,2,1,0,170661.02,Mid,0
590.0,France,Female,62.0,5,160979.68,1,0,1,13848.58,Mid,0
652.0,Germany,Male,27.0,2,166527.88,2,0,1,146007.7,New,0
616.0,France,Male,44.0,5,102016.38,1,0,1,178235.37,Mid,1
706.0,France,Male,34.0,8,0.0,2,1,1,37479.97,Loyal,0
702.0,France,Male,34.0,4,100054.77,1,1,0,109496.45,Mid,0
701.0,Germany,Male,62.0,3,120916.52,3,0,0,144727.45,Mid,1
781.0,France,Female,27.0,7,186558.55,1,1,1,175071.29,Loyal,1
640.0,Germany,Female,46.0,5,107978.4,2,1,0,155876.06,Mid,0
623.0,France,Female,39.0,1,160903.2,1,0,0,78774.36,New,0
739.0,Spain,Female,40.0,8,0.0,1,1,0,167030.51,Loyal,0
734.0,France,Male,37.0,3,80387.81,1,0,1,77272.62,Mid,0
674.0,Germany,Male,43.0,8,85957.88,2,1,0,8757.39,Loyal,0
520.0,France,Male,33.0,4,156297.58,2,1,1,166102.61,Mid,0
633.0,Germany,Female,29.0,0,138577.34,1,1,0,193362.99,New,0
517.0,France,Female,45.0,4,0.0,1,0,0,172674.36,Mid,1
687.0,France,Male,28.0,7,108116.66,1,1,1,27411.19,Loyal,0
696.0,France,Male,34.0,9,150856.79,1,0,1,8236.78,Loyal,0
721.0,Germany,Male,28.0,9,154475.54,2,0,1,101300.94,Loyal,1
718.0,France,Male,35.0,3,97560.16,1,1,1,53511.74,Mid,0
715.0,France,Female,33.0,3,85227.84,1,1,1,68087.15,Mid,0
656.0,France,Male,62.0,8,0.0,2,0,1,57014.43,Loyal,0
828.0,Spain,Male,34.0,9,0.0,2,1,1,81853.98,Loyal,0
624.0,Germany,Male,27.0,9,94667.29,2,0,1,4470.52,Loyal,0
606.0,Germany,Male,40.0,9,95293.86,2,0,1,96985.58,Loyal,0
815.0,France,Male,35.0,4,0.0,2,0,1,198490.33,Mid,0
686.0,France,Male,25.0,1,0.0,2,0,1,16459.37,New,0
748.0,Spain,Female,23.0,8,85600.08,1,0,0,134077.71,Loyal,0
634.0,Germany,Male,37.0,1,89696.84,2,1,1,193179.88,New,0
537.0,Germany,Male,62.0,8,103291.25,2,1,1,130664.79,Loyal,0
812.0,Germany,Male,39.0,5,115730.71,3,1,1,185599.34,Mid,1
662.0,France,Female,38.0,2,96479.81,1,1,0,120259.41,New,0
792.0,France,Female,28.0,4,130142.79,1,1,0,38190.78,Mid,0
555.0,France,Male,31.0,8,145875.74,1,1,0,137491.23,Loyal,0
677.0,Spain,Female,25.0,8,130866.19,1,1,0,42410.21,Loyal,0
652.0,Spain,Male,28.0,8,156823.7,2,1,0,198251.52,Loyal,0
577.0,Germany,Female,44.0,1,152086.15,1,0,1,44719.5,New,1
615.0,France,Female,61.0,1,104267.7,1,1,0,62845.64,New,1
600.0,France,Male,40.0,1,141136.79,1,1,1,67803.83,New,0
678.0,Spain,Female,49.0,8,0.0,2,0,1,98090.69,Loyal,0
663.0,Spain,Female,58.0,5,216109.88,1,0,1,74176.71,Mid,1
470.0,Spain,Female,48.0,6,140576.11,1,1,1,116971.05,Loyal,0
569.0,Spain,Male,41.0,2,0.0,2,1,0,134272.57,New,0
690.0,Germany,Male,43.0,2,166522.78,1,0,0,119644.59,New,1
580.0,Spain,Female,57.0,0,136820.99,1,0,1,108528.74,New,0
684.0,Spain,Female,41.0,7,0.0,1,1,1,138394.37,Loyal,0
554.0,Germany,Female,54.0,6,108755.0,1,1,0,40914.32,Loyal,1
526.0,Spain,Female,33.0,8,114634.63,2,1,0,110114.38,Loyal,1
692.0,France,Male,40.0,6,163505.16,1,0,0,90424.09,Loyal,0
700.0,France,Female,36.0,4,0.0,2,1,0,130789.15,Mid,0
502.0,France,Male,33.0,7,0.0,2,0,1,4082.52,Loyal,0
689.0,Germany,Male,47.0,2,118812.5,2,0,0,31121.42,New,0
719.0,Spain,Female,33.0,7,0.0,2,1,0,20016.59,Loyal,0
819.0,France,Female,39.0,9,133102.92,1,1,0,27046.46,Loyal,1
640.0,France,Female,30.0,6,107499.7,1,1,1,187632.22,Loyal,0
583.0,France,Female,40.0,4,55776.39,2,1,0,26920.43,Mid,0
559.0,France,Male,34.0,2,137390.11,2,1,0,9677.0,New,0
583.0,Germany,Male,39.0,8,102945.01,1,0,0,52861.89,Loyal,0
748.0,France,Male,62.0,8,0.0,1,1,1,163331.65,Loyal,0
671.0,Spain,Male,34.0,10,153360.02,1,1,0,140509.86,Loyal,0
538.0,Spain,Female,49.0,9,141434.04,1,0,0,173779.25,Loyal,1
845.0,France,Female,28.0,9,0.0,2,1,1,56185.98,Loyal,0
850.0,France,Male,32.0,4,156001.68,2,1,1,151677.31,Mid,0
474.0,France,Male,45.0,10,0.0,2,0,0,172175.9,Loyal,0
758.0,France,Male,35.0,7,0.0,2,1,0,77951.84,Loyal,0
740.0,France,Female,60.0,5,108028.08,2,0,0,25980.42,Mid,1
546.0,Spain,Male,42.0,7,139070.51,1,1,1,86945.0,Loyal,0
580.0,Germany,Male,38.0,9,115442.19,2,1,0,128481.5,Loyal,1
634.0,France,Male,34.0,8,105302.66,1,1,1,123164.97,Loyal,0
837.0,Germany,Male,38.0,2,126732.85,1,1,1,79577.38,New,0
446.0,Germany,Male,25.0,3,136202.78,1,1,0,176743.51,Mid,0
849.0,France,Female,41.0,9,115465.28,1,1,0,103174.5,Loyal,0
738.0,France,Female,39.0,1,94435.45,2,0,1,189430.86,New,0
529.0,France,Female,31.0,7,0.0,2,1,1,175697.87,Loyal,0
627.0,France,Female,41.0,6,0.0,3,1,1,138700.75,Loyal,1
513.0,France,Male,44.0,1,63562.02,2,0,1,52629.73,New,1
615.0,Spain,Male,51.0,6,81818.49,1,1,1,169149.38,Loyal,0
558.0,France,Female,47.0,9,0.0,2,1,0,103787.28,Loyal,0
564.0,Germany,Female,62.0,5,114931.35,3,0,1,18260.98,Mid,1
708.0,Spain,Female,32.0,8,187487.63,1,1,1,120115.5,Loyal,0
627.0,Spain,Male,40.0,10,0.0,2,1,1,194792.42,Loyal,0
525.0,Germany,Female,47.0,1,118087.68,1,1,0,88120.78,New,1
512.0,France,Female,36.0,3,84327.77,2,1,0,17675.36,Mid,0
625.0,France,Female,51.0,7,136294.97,1,1,0,38867.46,Loyal,1
742.0,Germany,Male,35.0,5,136857.0,1,0,0,84509.57,Mid,0
638.0,Germany,Female,41.0,9,144326.09,1,1,0,73979.85,Loyal,1
579.0,Germany,Female,62.0,6,145215.43,1,1,1,164083.72,Loyal,0
769.0,Spain,Male,39.0,9,0.0,1,1,1,47722.79,Loyal,0
618.0,Spain,Male,33.0,4,0.0,2,1,1,77550.18,Mid,0
631.0,France,Male,35.0,8,129205.49,1,1,1,79146.36,Loyal,0
681.0,Spain,Male,62.0,7,134714.7,2,0,1,190419.81,Loyal,0
747.0,France,Female,25.0,4,0.0,2,0,1,42039.67,Mid,0
661.0,Spain,Male,42.0,2,178820.91,1,0,0,29358.57,New,1
692.0,Spain,Female,44.0,8,0.0,1,0,1,159069.37,Loyal,0
669.0,Germany,Female,30.0,7,139872.81,1,1,0,188795.85,Loyal,0
709.0,France,Female,30.0,5,0.0,2,0,1,161388.22,Mid,0
600.0,Spain,Male,37.0,8,177657.35,1,1,1,77142.32,Loyal,0
614.0,Spain,Female,41.0,7,179915.85,1,0,0,14666.35,Loyal,1
443.0,Spain,Male,36.0,6,70438.01,2,0,1,56937.43,Loyal,0
585.0,Spain,Male,36.0,10,0.0,2,1,1,180318.6,Loyal,0
609.0,France,Male,34.0,1,0.0,1,1,1,181177.9,New,0
637.0,Germany,Male,50.0,4,126345.55,1,0,1,17323.0,Mid,1
545.0,Germany,Female,44.0,2,127536.44,1,1,0,108398.63,New,0
662.0,Germany,Male,33.0,0,103471.52,1,1,1,162703.0,New,0
587.0,Germany,Male,35.0,5,121863.61,1,1,1,23481.69,Mid,1
573.0,Spain,Male,28.0,8,0.0,2,0,0,77660.03,Loyal,0
645.0,France,Female,37.0,1,0.0,2,1,1,68987.55,New,0
519.0,Germany,Male,38.0,1,114141.64,1,1,1,60988.21,New,1
648.0,Spain,Male,35.0,7,0.0,2,0,0,122899.01,Loyal,0
648.0,France,Female,37.0,7,0.0,2,1,0,194238.92,Loyal,0
780.0,Germany,Male,62.0,9,142550.25,2,1,1,122506.78,Loyal,0
680.0,Germany,Female,42.0,7,105722.69,1,1,1,90558.24,Loyal,1
712.0,France,Male,33.0,3,153819.58,1,1,0,79176.09,Mid,1
574.0,France,Female,34.0,5,112324.45,2,1,1,17993.43,Mid,0
649.0,France,Male,45.0,7,0.0,2,0,1,75204.21,Loyal,0
675.0,France,Female,38.0,6,68065.8,1,0,0,138777.0,Loyal,1
722.0,Spain,Male,43.0,1,0.0,1,1,0,44560.17,New,1
772.0,France,Male,47.0,9,152347.01,1,0,1,17671.78,Loyal,0
686.0,Spain,Male,22.0,5,0.0,2,1,0,158974.45,Mid,0
850.0,Germany,Female,44.0,5,128605.32,1,0,1,171096.2,Mid,0
564.0,Spain,Female,24.0,6,149592.14,1,1,1,153771.8,Loyal,0
722.0,France,Male,46.0,5,0.0,2,1,0,179908.71,Mid,0
558.0,Germany,Female,32.0,1,108262.87,1,1,1,6935.31,New,0
712.0,France,Female,29.0,3,87375.78,2,0,0,166194.53,Mid,0
850.0,Spain,Male,38.0,2,94652.04,1,1,1,171960.76,New,0
817.0,France,Male,34.0,5,129278.43,1,0,0,165562.84,Mid,0
627.0,Germany,Male,23.0,5,184244.86,1,1,0,103099.22,Mid,0
804.0,France,Female,62.0,8,0.0,2,0,1,147995.96,Loyal,0
655.0,Germany,Male,41.0,8,125561.97,1,0,0,164040.94,Loyal,1
607.0,France,Female,21.0,0,0.0,2,1,0,116106.52,New,0
619.0,Germany,Male,41.0,3,147974.16,2,1,0,170518.83,Mid,0
657.0,France,Male,44.0,6,76495.04,1,1,0,79071.89,Loyal,0
717.0,Spain,Female,34.0,1,0.0,2,1,0,119313.74,New,0
616.0,Spain,Male,31.0,7,76665.71,2,1,1,163809.08,Loyal,0
748.0,France,Female,39.0,3,157371.54,1,0,1,97734.3,Mid,0
704.0,France,Male,39.0,5,0.0,1,1,0,6416.92,Mid,0
723.0,France,Male,48.0,7,0.0,2,1,1,150694.58,Loyal,0
686.0,Spain,Female,47.0,6,0.0,1,1,0,32080.69,Loyal,1
532.0,Spain,Female,37.0,5,0.0,2,0,1,6761.84,Mid,0
778.0,France,Male,24.0,4,0.0,2,1,1,162809.2,Mid,0
581.0,France,Female,24.0,3,95508.2,1,1,1,45755.0,Mid,0
592.0,Germany,Male,36.0,10,123187.51,1,0,1,146111.35,Loyal,0
813.0,Germany,Male,30.0,1,116416.94,1,0,1,85808.22,New,0
533.0,Germany,Male,43.0,4,80442.06,2,0,1,12537.42,Mid,0
678.0,Germany,Female,51.0,1,145751.03,1,0,0,109718.44,New,1
677.0,Germany,Female,36.0,10,68806.84,1,1,0,33075.24,Loyal,0
829.0,Germany,Female,27.0,9,112045.67,1,1,1,119708.21,Loyal,1
668.0,Germany,Male,37.0,10,152958.29,2,1,1,159585.61,Loyal,0
622.0,Spain,Male,27.0,9,139834.93,1,1,1,152733.89,Loyal,0
711.0,France,Male,51.0,7,0.0,3,1,0,38409.79,Loyal,1
788.0,Germany,Female,57.0,8,93716.72,1,1,1,180150.49,Loyal,1
687.0,France,Male,39.0,7,0.0,2,1,0,26848.25,Loyal,0
530.0,Spain,Female,36.0,2,0.0,2,1,1,14721.8,New,0
638.0,France,Female,32.0,0,0.0,2,1,0,160129.99,New,0
577.0,France,Female,34.0,2,0.0,2,1,1,84033.35,New,0
534.0,France,Male,27.0,9,0.0,2,1,0,161344.13,Loyal,0
710.0,France,Female,41.0,2,156067.05,1,1,1,9983.88,New,0
684.0,France,Male,35.0,3,137179.39,1,1,1,37264.11,Mid,0
597.0,France,Male,41.0,4,153198.23,1,1,1,92090.36,Mid,0
575.0,Spain,Male,28.0,7,0.0,1,1,1,10666.05,Loyal,0
731.0,Spain,Female,39.0,2,126816.18,1,1,1,74850.93,New,0
545.0,Germany,Male,33.0,1,132527.9,2,0,1,107429.71,New,0
789.0,France,Male,27.0,6,0.0,2,1,0,103603.65,Loyal,0
588.0,France,Male,40.0,5,0.0,2,0,0,100727.68,Mid,0
663.0,France,Male,45.0,5,83195.12,1,1,1,48682.1,Mid,0
449.0,France,Male,52.0,6,0.0,2,0,1,123622.0,Loyal,0
543.0,France,Female,62.0,1,104308.77,1,1,1,25650.04,New,0
558.0,Germany,Male,58.0,2,142537.18,1,1,1,88791.83,New,0
558.0,France,Male,38.0,8,113000.92,1,1,1,152872.39,Loyal,0
701.0,France,Male,39.0,2,0.0,2,1,1,82526.92,New,0
619.0,France,Female,33.0,2,167733.51,2,1,1,65222.48,New,0
522.0,Germany,Female,37.0,3,95022.57,1,1,1,129107.59,Mid,0
651.0,Spain,Female,36.0,8,0.0,2,1,0,91652.43,Loyal,0
593.0,Germany,Male,62.0,2,187013.13,2,0,1,105898.69,New,0
660.0,France,Female,31.0,6,172325.67,1,0,1,45438.38,Loyal,0
652.0,France,Female,34.0,6,97435.85,2,1,1,104331.76,Loyal,0
787.0,France,Male,46.0,7,117685.31,2,1,1,93360.35,Loyal,0
667.0,Spain,Female,40.0,1,146502.07,1,1,0,19162.89,New,0
678.0,France,Female,26.0,1,0.0,2,1,0,45443.68,New,0
601.0,France,Male,29.0,9,0.0,1,1,1,80393.27,Loyal,0
542.0,France,Male,39.0,3,135096.77,1,1,1,14353.43,Mid,1
763.0,Spain,Female,32.0,8,0.0,2,1,0,16725.53,Loyal,0
808.0,France,Male,41.0,0,0.0,1,1,1,79888.78,New,0
547.0,Germany,Female,30.0,9,72392.41,1,1,0,77077.14,Loyal,0
536.0,Germany,Female,44.0,4,121898.82,1,0,0,131007.18,Mid,0
641.0,France,Female,40.0,7,0.0,1,1,0,126996.67,Loyal,0
641.0,France,Female,53.0,0,123835.52,2,0,1,160110.65,New,0
550.0,France,Female,30.0,4,0.0,2,1,0,89216.29,Mid,0
577.0,Spain,Male,41.0,4,89015.61,1,0,1,135227.23,Mid,0
601.0,France,Female,43.0,8,0.0,3,0,1,110916.15,Loyal,1
529.0,France,Male,43.0,6,93616.35,2,0,0,98348.66,Loyal,0
754.0,Spain,Male,40.0,2,160625.17,1,0,1,3554.63,New,0
508.0,France,Male,35.0,1,86893.28,1,0,0,59374.82,New,0
670.0,Spain,Male,43.0,1,97792.21,1,0,0,120225.62,New,0
850.0,Germany,Female,38.0,2,102741.15,2,0,1,23974.85,New,0
537.0,France,Male,37.0,6,0.0,1,1,1,17802.42,Loyal,0
805.0,Germany,Male,50.0,9,130023.38,1,1,0,62989.82,Loyal,1
844.0,France,Female,29.0,8,0.0,2,0,0,147342.03,Loyal,0
544.0,France,Male,48.0,10,78314.63,3,1,1,103713.93,Loyal,1
765.0,France,Female,50.0,9,126547.8,1,1,1,79579.94,Loyal,1
836.0,Germany,Female,32.0,4,109196.67,2,1,0,55218.02,Mid,0
594.0,Germany,Female,26.0,6,135067.52,2,0,0,131211.86,Loyal,0
647.0,Germany,Female,22.0,3,97975.82,2,0,1,62083.0,Mid,0
710.0,Germany,Female,30.0,10,133537.1,2,1,0,155593.74,Loyal,0
681.0,France,Female,29.0,2,148143.84,1,1,1,52021.39,New,0
759.0,France,Female,33.0,9,160541.36,2,0,0,93541.14,Loyal,0
623.0,France,Male,28.0,7,0.0,1,0,0,129526.57,Loyal,0
573.0,Spain,Male,33.0,1,160777.9,1,1,1,149536.15,New,0
555.0,France,Male,29.0,4,128744.04,1,1,1,47454.93,Mid,0
845.0,Germany,Female,43.0,3,152063.59,2,1,0,97910.06,Mid,0
728.0,Germany,Female,32.0,9,127772.1,2,1,1,152643.48,Loyal,0
774.0,France,Male,60.0,5,85891.55,1,1,0,74135.48,Mid,1
610.0,Spain,Female,46.0,5,116886.59,1,0,0,107973.44,Mid,0
530.0,Spain,Female,36.0,7,0.0,2,1,0,80619.09,Loyal,0
644.0,Spain,Male,32.0,3,136659.74,1,1,1,14187.78,Mid,0
738.0,Spain,Female,37.0,8,100565.94,1,1,1,128799.86,Loyal,0
850.0,France,Female,34.0,6,101266.51,1,1,0,33501.98,Loyal,0
825.0,France,Male,32.0,9,0.0,2,0,0,9751.03,Loyal,0
642.0,France,Male,62.0,1,160541.0,2,1,1,142223.94,New,0
479.0,France,Male,47.0,6,121797.09,1,0,1,5811.9,Loyal,1
774.0,France,Female,52.0,2,56580.93,1,1,0,113266.28,New,1
602.0,France,Female,35.0,8,0.0,2,1,1,152843.53,Loyal,0
534.0,Spain,Male,51.0,3,0.0,2,0,1,20856.31,Mid,0
648.0,Spain,Male,42.0,2,98795.61,2,1,0,89123.99,New,0
691.0,France,Female,40.0,0,115465.98,1,1,1,60622.61,New,0
750.0,France,Male,38.0,5,151532.4,1,1,1,46555.15,Mid,0
702.0,Spain,Female,38.0,9,0.0,2,1,1,158527.45,Loyal,0
850.0,Spain,Male,49.0,8,0.0,1,0,0,25867.67,Loyal,1
563.0,France,Male,33.0,8,0.0,2,0,1,68815.05,Loyal,0
698.0,Germany,Female,40.0,8,150777.1,1,1,0,114732.62,Loyal,0
661.0,Spain,Male,20.0,8,0.0,1,1,0,110252.53,Loyal,0
708.0,Spain,Female,41.0,5,0.0,1,0,1,157003.99,Mid,0
549.0,France,Female,38.0,8,107283.4,1,0,0,157442.75,Loyal,0
639.0,France,Female,31.0,3,98360.03,1,0,0,20973.8,Mid,0
466.0,France,Male,40.0,4,91592.06,1,1,0,141210.18,Mid,1
837.0,France,Male,49.0,8,103302.37,1,1,1,50974.57,Loyal,0
814.0,France,Female,48.0,7,0.0,2,1,1,132870.15,Loyal,0
543.0,France,Male,36.0,4,0.0,2,1,1,141210.5,Mid,0
623.0,Spain,Male,46.0,4,0.0,1,1,0,5549.11,Mid,1
489.0,Germany,Female,52.0,1,131441.51,1,1,0,37240.11,New,1
837.0,France,Female,29.0,9,0.0,2,1,1,41866.26,Loyal,0
777.0,Germany,Female,46.0,0,107362.8,1,1,0,487.3,New,0
539.0,France,Male,39.0,3,0.0,2,1,0,36692.17,Mid,0
800.0,France,Female,29.0,2,0.0,2,0,0,167773.55,New,0
686.0,Spain,Female,36.0,5,0.0,2,1,1,152979.14,Mid,0
660.0,Germany,Female,29.0,6,180520.29,1,1,1,123850.58,Loyal,0
847.0,France,Male,62.0,7,123760.68,1,0,1,53157.16,Loyal,0
585.0,France,Female,33.0,4,152805.05,1,1,0,63239.65,Mid,0
682.0,France,Female,52.0,5,112670.48,1,1,0,21085.17,Mid,1
811.0,France,Male,30.0,6,0.0,2,1,1,180591.32,Loyal,0
611.0,Spain,Male,52.0,7,0.0,1,0,1,73585.18,Loyal,1
598.0,Germany,Female,50.0,5,88379.81,3,0,1,64157.24,Mid,1
710.0,Germany,Male,49.0,10,129164.88,1,1,1,193266.72,Loyal,0
616.0,Germany,Male,41.0,10,113220.2,2,1,1,114072.91,Loyal,0
556.0,France,Female,40.0,9,129860.37,1,0,0,17992.94,Loyal,0
806.0,Spain,Female,37.0,2,137794.18,2,0,1,75232.02,New,0
809.0,Spain,Male,62.0,8,0.0,2,0,1,34164.05,Loyal,0
722.0,France,Female,47.0,2,88011.4,1,1,1,90655.94,New,1
499.0,France,Female,21.0,3,176511.08,1,1,1,153920.22,Mid,0
558.0,Spain,Male,45.0,4,0.0,1,1,0,131807.14,Mid,0
731.0,France,Male,30.0,7,0.0,2,0,1,143086.09,Loyal,0
691.0,France,Female,29.0,9,0.0,2,0,0,199635.93,Loyal,0
684.0,Germany,Female,62.0,3,81245.79,1,1,0,69643.31,Mid,1
477.0,Germany,Male,34.0,8,139959.55,2,1,1,189875.83,Loyal,0
540.0,Germany,Male,35.0,7,127801.88,1,0,1,84239.46,Loyal,0
586.0,Spain,Male,34.0,5,168094.01,1,0,0,20058.61,Mid,0
647.0,Spain,Female,26.0,8,109958.15,1,1,1,136592.24,Loyal,1
726.0,France,Male,28.0,2,0.0,1,0,0,98060.51,New,0
586.0,France,Female,28.0,5,0.0,3,1,0,170487.4,Mid,1
730.0,France,Female,32.0,9,127661.69,1,0,0,60905.51,Loyal,0
793.0,France,Female,33.0,0,0.0,1,0,0,175544.02,New,0
676.0,France,Female,37.0,5,89634.69,1,1,1,169583.18,Mid,1
641.0,France,Female,48.0,3,147341.43,1,1,1,157458.61,Mid,1
504.0,Spain,Female,46.0,2,163764.84,1,1,1,165122.55,New,1
628.0,Spain,Male,40.0,10,0.0,2,1,0,103832.58,Loyal,0
618.0,Spain,Male,38.0,5,126473.99,1,1,0,91972.49,Mid,0
701.0,Spain,Male,36.0,8,0.0,2,1,0,169161.46,Loyal,0
732.0,France,Female,34.0,8,122338.43,2,1,0,187985.85,Loyal,0
717.0,France,Male,31.0,4,129722.57,1,0,0,41176.6,Mid,0
698.0,France,Male,37.0,8,0.0,2,0,0,145004.39,Loyal,0
573.0,France,Female,47.0,8,154543.98,1,1,0,29586.73,Loyal,0
537.0,Germany,Female,46.0,5,100727.5,1,0,1,140857.76,Mid,1
679.0,France,Male,36.0,6,147733.64,1,0,1,172501.38,Loyal,0
648.0,Germany,Male,34.0,3,95039.73,2,1,1,147055.87,Mid,0
695.0,Spain,Male,46.0,3,122549.64,1,1,1,56297.85,Mid,0
449.0,Spain,Female,33.0,8,0.0,2,0,0,156792.89,Loyal,0
492.0,France,Male,35.0,4,141359.37,2,1,0,39519.53,Mid,0
850.0,Germany,Male,29.0,1,154640.41,1,1,1,164039.51,New,0
564.0,France,Female,27.0,6,0.0,1,0,0,7819.76,Loyal,0
568.0,Spain,Female,32.0,7,169399.6,1,1,0,61936.22,Loyal,0
739.0,Germany,Female,25.0,5,113113.12,1,1,0,129181.27,Mid,0
554.0,France,Female,45.0,6,0.0,2,1,1,181204.5,Loyal,0
752.0,Spain,Female,31.0,4,144637.86,2,1,0,40496.72,Mid,0
700.0,Spain,Male,54.0,1,79415.67,1,0,1,139735.54,New,0
560.0,France,Female,27.0,5,0.0,2,1,0,131919.48,Mid,0
698.0,France,Male,37.0,5,98400.61,2,0,0,25017.28,Mid,0
634.0,Spain,Male,25.0,9,0.0,2,1,1,8227.91,Loyal,0
581.0,France,Male,35.0,4,0.0,2,0,1,86383.82,Mid,0
687.0,Spain,Male,38.0,8,69434.4,2,1,1,66580.13,Loyal,1
527.0,Spain,Male,53.0,8,0.0,1,1,1,51711.57,Loyal,0
635.0,Spain,Female,37.0,3,0.0,2,1,0,91086.73,Mid,0
568.0,Germany,Male,26.0,1,112930.28,2,1,0,22095.73,New,0
752.0,Germany,Male,32.0,9,115587.49,2,0,1,101677.46,Loyal,0
729.0,Spain,Male,31.0,8,164870.81,2,1,1,9567.39,Loyal,0
573.0,Germany,Male,31.0,0,134644.19,1,1,1,70381.49,New,0
712.0,Spain,Male,47.0,1,139887.01,1,1,1,95719.73,New,0
820.0,Germany,Male,39.0,9,111336.89,1,1,0,16770.31,Loyal,1
559.0,France,Female,31.0,3,127070.73,1,0,1,160941.78,Mid,0
756.0,Germany,Female,39.0,3,100717.85,3,1,1,73406.04,Mid,1
635.0,Spain,Female,35.0,7,0.0,2,1,1,65951.65,Loyal,0
651.0,France,Female,56.0,4,0.0,1,0,0,84383.22,Mid,1
694.0,France,Male,42.0,3,156864.2,2,0,0,88890.75,Mid,0
456.0,France,Female,33.0,1,188285.68,1,0,0,58363.94,New,0
714.0,France,Male,28.0,6,122724.37,1,1,1,67057.27,Loyal,0
645.0,France,Male,39.0,8,0.0,2,0,0,96864.36,Loyal,0
599.0,Spain,Female,46.0,7,81742.84,2,1,0,83282.21,Loyal,0
711.0,France,Male,28.0,8,0.0,2,1,1,64286.39,Loyal,0
611.0,France,Female,37.0,6,0.0,2,1,0,110782.88,Loyal,0
700.0,Spain,Male,29.0,8,0.0,2,0,1,152097.02,Loyal,0
658.0,France,Male,29.0,3,145512.84,1,1,0,20207.02,Mid,0
594.0,France,Female,56.0,7,0.0,1,1,0,26215.85,Loyal,1
592.0,France,Female,62.0,5,149950.19,1,1,1,76267.59,Mid,0
580.0,Germany,Female,36.0,6,145387.32,2,1,1,169963.2,Loyal,1
508.0,France,Female,38.0,3,166328.65,2,0,1,22614.19,Mid,0
643.0,Germany,Male,41.0,2,127841.52,1,1,0,172363.41,New,0
591.0,France,Male,49.0,3,0.0,2,1,0,50123.44,Mid,0
431.0,Germany,Male,45.0,5,83624.55,2,0,0,36899.62,Mid,0
502.0,Germany,Female,42.0,0,132002.7,1,0,1,28204.98,New,1
647.0,Spain,Male,32.0,9,80958.36,1,1,1,128590.73,Loyal,0
665.0,Germany,Female,37.0,3,111911.63,1,1,1,110359.68,Mid,1
624.0,Spain,Male,33.0,6,66220.17,1,0,1,170819.01,Loyal,0
695.0,France,Male,28.0,5,171069.39,2,1,1,88689.4,Mid,0
661.0,Germany,Male,35.0,8,124098.54,1,1,0,86678.48,Loyal,0
524.0,Germany,Female,25.0,7,131402.21,1,0,0,193668.49,Loyal,0
648.0,Spain,Female,54.0,7,118241.02,1,1,0,172586.89,Loyal,1
620.0,France,Female,41.0,9,0.0,2,0,0,88852.47,Loyal,0
760.0,France,Male,39.0,6,178585.46,1,1,0,67131.3,Loyal,1
434.0,Spain,Male,33.0,3,0.0,1,1,1,2739.71,Mid,0
751.0,France,Male,43.0,1,114974.24,1,1,0,125920.54,New,0
739.0,Germany,Male,54.0,8,126418.14,1,1,0,134420.75,Loyal,1
588.0,Germany,Male,41.0,2,131341.46,2,0,1,7034.94,New,0
485.0,France,Female,39.0,2,75339.64,1,1,1,70665.16,New,0
713.0,France,Male,36.0,8,133889.35,1,1,1,143265.65,Loyal,0
656.0,Spain,Male,62.0,6,163975.09,1,1,1,36108.5,Loyal,0
798.0,Germany,Female,29.0,8,80204.11,2,1,0,70223.22,Loyal,0
850.0,France,Male,43.0,4,161256.53,1,1,1,140071.57,Mid,0
586.0,Spain,Male,29.0,2,132450.24,1,1,1,36176.63,New,0
748.0,Spain,Male,39.0,3,0.0,2,1,1,123998.52,Mid,0
640.0,France,Female,62.0,9,116037.76,1,0,1,184636.05,Loyal,0
549.0,Germany,Female,43.0,3,134985.66,1,1,0,6101.41,Mid,0
634.0,France,Male,62.0,5,0.0,2,1,1,161579.85,Mid,0
626.0,Spain,Male,26.0,8,0.0,2,0,0,191420.71,Loyal,0
567.0,France,Female,37.0,7,0.0,2,1,1,28690.9,Loyal,0
578.0,France,Male,59.0,10,185966.64,1,0,0,9445.42,Loyal,1
631.0,Spain,Male,23.0,3,0.0,2,1,0,13813.24,Mid,0
592.0,France,Female,62.0,5,0.0,1,1,1,100941.57,Mid,0
613.0,France,Female,45.0,1,187841.99,2,1,1,147224.27,New,0
548.0,Germany,Male,49.0,9,108437.89,1,0,0,127022.87,Loyal,1
614.0,Spain,Female,41.0,7,146997.64,2,0,0,137791.18,Loyal,0
697.0,Spain,Male,56.0,5,110802.03,1,1,1,50230.31,Mid,1
788.0,Spain,Male,34.0,6,156478.62,1,0,1,181196.76,Loyal,0
674.0,Spain,Male,36.0,2,0.0,2,1,1,182787.17,New,0
745.0,Spain,Female,59.0,8,0.0,1,1,1,36124.98,Loyal,0
462.0,Germany,Male,34.0,1,94682.56,2,1,0,138478.2,New,0
706.0,Germany,Female,47.0,10,144090.42,1,1,0,140938.95,Loyal,1
668.0,France,Male,42.0,8,187534.79,1,1,1,32900.41,Loyal,1
648.0,Spain,Male,35.0,7,0.0,2,1,1,78436.36,Loyal,0
665.0,Germany,Female,51.0,9,110610.41,2,0,1,1112.76,Loyal,1
605.0,France,Male,52.0,7,0.0,2,1,1,173952.5,Loyal,0
722.0,Germany,Male,29.0,1,107233.85,2,1,0,24924.92,New,0
647.0,Germany,Female,43.0,3,122717.53,2,1,1,87000.39,Mid,0
711.0,France,Female,39.0,3,152462.79,1,1,0,90305.97,Mid,0
529.0,France,Male,22.0,5,0.0,1,1,0,151169.83,Mid,0
634.0,France,Female,41.0,7,0.0,2,1,1,131284.93,Loyal,0
511.0,Spain,Female,29.0,9,0.0,2,0,1,140676.98,Loyal,0
757.0,Germany,Female,30.0,6,161378.02,1,0,0,71926.28,Loyal,1
658.0,Germany,Male,31.0,2,77082.65,2,0,0,13482.28,New,0
581.0,Spain,Female,43.0,4,170172.9,1,0,1,100236.02,Mid,0
850.0,Spain,Male,30.0,2,141040.01,1,1,1,5978.2,New,0
505.0,France,Female,36.0,2,79951.9,1,0,1,174123.16,New,1
619.0,France,Male,43.0,1,125211.92,1,1,1,113410.49,New,0
727.0,France,Male,61.0,0,128213.96,2,1,1,188729.08,New,1
684.0,France,Male,54.0,6,0.0,2,1,1,94888.6,Loyal,0
552.0,France,Female,41.0,9,124349.34,1,1,0,135635.25,Loyal,0
803.0,France,Male,42.0,5,0.0,1,1,0,196466.83,Mid,1
592.0,France,Male,37.0,3,96651.03,1,1,1,3232.82,Mid,0
775.0,France,Female,32.0,2,108698.96,2,1,1,161069.73,New,0
812.0,Germany,Male,33.0,2,127154.14,2,0,1,105383.49,New,0
786.0,Spain,Female,32.0,6,114512.59,1,1,0,15796.66,Loyal,0
847.0,France,Male,51.0,5,97565.74,1,0,0,144184.06,Mid,1
824.0,Germany,Male,60.0,8,134250.17,3,0,0,153046.16,Loyal,1
690.0,Spain,Female,36.0,10,91760.11,1,1,1,135784.94,Loyal,0
616.0,Spain,Female,36.0,6,132311.71,1,0,0,15462.84,Loyal,0
703.0,France,Male,56.0,9,0.0,1,0,0,85547.33,Loyal,1
508.0,France,Female,25.0,2,111395.53,1,0,1,48197.06,New,0
582.0,France,Male,50.0,2,148942.0,1,1,1,116944.3,New,0
718.0,Germany,Male,26.0,7,147527.03,1,0,0,51099.56,Loyal,0
579.0,Spain,Male,43.0,2,145843.82,1,1,1,198402.37,New,1
611.0,Germany,Male,31.0,0,107884.81,2,1,1,183487.98,New,0
722.0,Spain,Male,37.0,9,0.0,2,1,0,31921.95,Loyal,0
524.0,France,Male,28.0,1,93577.3,1,1,1,51670.82,New,0
724.0,France,Female,41.0,5,109798.25,1,0,1,149593.61,Mid,0
533.0,Spain,Male,38.0,1,135289.33,2,0,1,152956.33,New,0
628.0,France,Female,31.0,6,175443.75,1,1,0,113167.17,Loyal,1
613.0,France,Male,42.0,7,115076.06,1,1,1,79323.61,Loyal,0
532.0,France,Male,36.0,4,0.0,2,1,1,132798.78,Mid,0
670.0,France,Female,27.0,5,79336.61,1,1,1,26170.08,Mid,0
761.0,Germany,Male,62.0,5,98854.34,1,0,0,86920.97,Mid,1
502.0,France,Female,35.0,6,0.0,2,1,1,80618.47,Loyal,0
737.0,France,Male,36.0,9,0.0,1,0,1,188670.9,Loyal,1
505.0,Germany,Female,37.0,6,159863.9,2,0,1,125307.87,Loyal,0
850.0,Germany,Male,56.0,1,169743.83,1,0,0,155850.4,New,1
701.0,France,Male,44.0,7,0.0,2,1,0,23425.78,Loyal,0
586.0,Spain,Female,57.0,3,0.0,2,0,1,6057.81,Mid,0
711.0,France,Female,35.0,8,0.0,1,1,1,67508.01,Loyal,0
619.0,Spain,Male,38.0,3,96143.47,1,0,0,98994.92,Mid,0
685.0,Germany,Male,43.0,9,108589.47,2,0,1,194808.51,Loyal,0
654.0,France,Male,29.0,1,0.0,1,1,0,180345.44,New,0
698.0,France,Female,40.0,7,105061.74,3,1,0,107815.31,Loyal,1
637.0,France,Female,33.0,9,113913.53,1,0,1,65316.5,Loyal,0
700.0,France,Female,42.0,8,0.0,2,1,1,105305.72,Loyal,0
484.0,Germany,Female,55.0,8,149349.58,3,0,0,137519.92,Loyal,1
645.0,Spain,Male,45.0,4,0.0,1,0,1,174916.85,Mid,1
572.0,Spain,Male,31.0,5,98108.79,1,0,1,119996.95,Mid,0
730.0,Spain,Female,33.0,9,0.0,2,0,0,176576.62,Loyal,0
591.0,Spain,Female,27.0,5,107812.67,1,0,1,162501.83,Mid,1
513.0,France,Female,43.0,9,0.0,2,1,0,152499.8,Loyal,0
676.0,France,Female,34.0,8,82909.14,1,1,0,91817.38,Loyal,1
785.0,France,Male,36.0,2,0.0,1,0,1,61811.1,New,0
691.0,Germany,Female,38.0,5,114753.76,1,1,0,107665.02,Mid,0
525.0,France,Male,51.0,10,0.0,3,1,0,171045.35,Loyal,1
663.0,France,Female,39.0,8,0.0,2,1,1,101168.9,Loyal,0
648.0,France,Male,33.0,7,134944.0,1,1,1,117036.38,Loyal,0
515.0,Germany,Male,60.0,9,113715.36,1,1,0,18424.24,Loyal,1
799.0,France,Female,52.0,4,161209.66,1,1,1,89081.41,Mid,0
696.0,Spain,Male,28.0,8,0.0,1,0,0,176713.47,Loyal,0
405.0,France,Male,39.0,10,0.0,1,1,0,160810.85,Loyal,1
652.0,Spain,Female,38.0,6,123081.84,2,1,1,188657.97,Loyal,0
636.0,Spain,Female,29.0,6,157576.47,2,1,1,101102.39,Loyal,0
474.0,France,Female,30.0,9,0.0,2,0,0,63158.22,Loyal,0
722.0,Spain,Female,35.0,1,120171.58,1,1,0,125240.8,New,0
805.0,Germany,Male,56.0,6,151802.29,1,1,0,46791.09,Loyal,1
679.0,Spain,Male,42.0,2,0.0,1,1,1,168294.27,New,0
773.0,Spain,Male,51.0,4,0.0,2,0,0,123587.83,Mid,1
709.0,France,Female,37.0,9,0.0,2,1,0,16733.59,Loyal,0
684.0,France,Male,38.0,5,105069.98,2,1,1,198355.28,Mid,0
773.0,Spain,Male,41.0,9,102827.44,1,0,1,64595.25,Loyal,0
590.0,France,Male,39.0,9,0.0,2,1,1,104730.52,Loyal,0
733.0,France,Female,28.0,5,0.0,2,0,0,12761.16,Mid,0
664.0,Spain,Male,32.0,5,133705.74,1,0,0,134455.84,Mid,0
749.0,Germany,Male,47.0,9,110022.74,1,0,1,135655.29,Loyal,1
636.0,Spain,Female,36.0,1,0.0,1,1,0,43134.58,New,0
850.0,France,Male,41.0,3,136416.82,1,0,1,57844.26,Mid,0
576.0,France,Male,24.0,3,0.0,1,0,1,78498.04,Mid,1
601.0,France,Female,34.0,5,0.0,2,1,0,27022.57,Mid,0
751.0,Germany,Female,37.0,0,151218.98,1,1,1,109309.29,New,0
664.0,France,Female,31.0,7,104158.84,1,1,0,134169.85,Loyal,0
697.0,France,Female,23.0,10,0.0,2,1,1,79734.23,Loyal,0
731.0,Spain,Female,37.0,1,128932.4,1,1,1,180712.52,New,0
661.0,France,Female,34.0,0,0.0,2,1,0,185555.63,New,0
490.0,Spain,Female,38.0,3,97266.1,1,1,1,92797.23,Mid,0
591.0,Spain,Male,39.0,8,0.0,2,0,0,42392.24,Loyal,0
635.0,France,Female,27.0,8,127471.56,1,1,1,152916.05,Loyal,1
428.0,Germany,Female,40.0,3,129248.11,2,1,0,72876.43,Mid,1
648.0,Spain,Male,36.0,8,146943.38,2,1,1,130041.45,Loyal,0
625.0,France,Female,58.0,10,53772.73,1,1,1,192072.1,Loyal,1
735.0,France,Female,33.0,4,0.0,2,1,0,149474.69,Mid,0
771.0,Spain,Female,62.0,8,0.0,2,1,1,51219.8,Loyal,0
686.0,Germany,Male,43.0,2,134896.03,1,1,1,97847.05,New,0
850.0,France,Female,28.0,9,0.0,2,1,1,164864.67,Loyal,0
632.0,France,Male,42.0,4,126115.6,1,1,0,100998.5,Mid,0
496.0,France,Male,32.0,4,127845.83,1,1,0,66469.2,Mid,0
488.0,France,Female,34.0,2,0.0,2,1,1,181270.84,New,0
700.0,France,Male,38.0,8,134811.3,1,1,0,1299.75,Loyal,0
591.0,France,Male,33.0,9,131765.72,1,1,0,118782.06,Loyal,0
649.0,Spain,Male,51.0,4,0.0,1,1,1,150390.57,Mid,0
686.0,Germany,Female,47.0,5,170935.94,1,1,0,173179.79,Mid,1
565.0,France,Female,40.0,2,0.0,2,1,1,129956.13,New,0
703.0,France,Female,32.0,6,0.0,2,0,0,33606.52,Loyal,0
696.0,France,Male,19.0,1,110928.51,1,1,1,2766.63,New,0
439.0,France,Female,43.0,8,0.0,1,0,1,104889.3,Loyal,0
765.0,France,Male,43.0,9,157960.49,2,0,0,136602.8,Loyal,0
759.0,France,Male,41.0,9,0.0,2,0,1,190294.12,Loyal,0
827.0,Spain,Male,46.0,1,183276.32,1,1,1,13460.27,New,0
655.0,Germany,Female,40.0,0,81954.6,1,1,1,198798.44,New,1
850.0,Germany,Male,40.0,4,166082.15,2,0,1,44406.17,Mid,0
731.0,Spain,Male,41.0,3,0.0,2,1,0,101371.72,Mid,0
786.0,France,Male,32.0,2,120452.4,2,0,0,79602.86,New,0
606.0,France,Male,32.0,5,83161.65,1,1,1,116885.59,Mid,0
679.0,France,Female,30.0,1,112543.42,1,1,1,179435.21,New,0
523.0,France,Male,34.0,2,161588.89,1,1,1,51358.66,New,0
443.0,France,Female,35.0,9,108308.0,1,1,0,129031.19,Loyal,1
710.0,Spain,Female,51.0,4,93656.95,1,0,1,141400.51,Mid,1
621.0,Spain,Female,37.0,9,83061.26,2,1,0,9170.54,Loyal,0
429.0,France,Female,39.0,6,48023.83,1,1,0,74870.99,Loyal,0
597.0,Spain,Female,30.0,2,119370.11,1,1,1,182726.22,New,1
558.0,France,Male,32.0,10,105000.23,1,1,0,190019.61,Loyal,0
512.0,Spain,Female,35.0,5,124580.69,1,1,1,18785.48,Mid,0
652.0,Germany,Male,45.0,2,151421.44,1,0,1,115333.43,New,0
625.0,Germany,Male,31.0,4,77743.01,2,1,0,75335.68,Mid,0
792.0,France,Male,19.0,7,143390.51,1,1,0,33282.84,Loyal,0
733.0,France,Male,62.0,3,0.0,2,1,1,75272.63,Mid,0
724.0,Germany,Male,30.0,7,115315.04,1,1,0,15216.53,Loyal,0
634.0,Germany,Male,35.0,6,116269.01,1,1,0,129964.94,Loyal,0
647.0,France,Male,41.0,4,138937.35,1,1,1,101617.64,Mid,1
497.0,France,Male,41.0,9,0.0,1,0,0,22074.48,Loyal,0
691.0,France,Female,33.0,6,0.0,2,1,1,100408.31,Loyal,0
660.0,France,Female,38.0,5,110570.78,2,1,0,195906.59,Mid,0
738.0,France,Female,38.0,7,0.0,2,0,0,69227.42,Loyal,0
611.0,Germany,Male,37.0,1,117524.72,2,0,1,161064.29,New,0
568.0,France,Female,38.0,3,132951.92,1,0,1,124486.28,Mid,0
648.0,Germany,Male,31.0,7,125681.51,1,0,1,129980.93,Loyal,0
602.0,France,Male,32.0,10,0.0,2,1,1,116052.92,Loyal,0
769.0,Spain,Male,41.0,1,72509.91,1,1,0,25723.73,New,0
528.0,France,Female,36.0,1,156948.41,1,1,1,149912.28,New,1
773.0,Spain,Female,39.0,4,0.0,2,0,1,182081.45,Mid,0
586.0,Germany,Male,37.0,8,167735.69,2,0,1,104665.79,Loyal,0
581.0,Germany,Male,31.0,6,116891.72,1,1,0,107137.3,Loyal,0
662.0,Spain,Female,54.0,1,187997.15,1,0,0,111442.71,New,1
640.0,France,Male,33.0,7,154575.76,1,1,0,25722.28,Loyal,1
776.0,Spain,Male,39.0,2,104349.45,1,0,0,79503.05,New,0
560.0,France,Male,24.0,1,116084.32,1,1,0,89734.7,New,0
671.0,Spain,Female,29.0,6,0.0,2,0,0,12048.67,Loyal,0
528.0,France,Male,31.0,9,120962.59,1,1,0,5419.31,Loyal,0
698.0,Spain,Female,50.0,1,0.0,4,1,0,88566.9,New,1
591.0,France,Female,39.0,4,150500.64,1,1,0,14928.8,Mid,0
576.0,France,Male,36.0,6,0.0,2,1,1,48314.0,Loyal,0
753.0,France,Female,50.0,4,0.0,2,1,1,861.4,Mid,0
677.0,Spain,Female,34.0,10,171671.9,1,1,1,50777.77,Loyal,0
560.0,France,Female,31.0,3,115141.18,1,1,0,39806.75,Mid,0
666.0,France,Female,59.0,5,0.0,2,1,1,185123.09,Mid,0
777.0,France,Female,28.0,2,134571.5,1,0,1,118313.38,New,0
685.0,France,Male,33.0,6,0.0,1,1,0,58458.26,Loyal,0
594.0,Spain,Female,49.0,2,126615.94,2,0,1,123214.74,New,0
593.0,France,Male,31.0,9,0.0,2,0,1,20492.16,Loyal,0
726.0,Spain,Female,48.0,6,99906.19,1,1,0,64323.24,Loyal,0
722.0,Germany,Female,40.0,6,89175.06,2,0,1,152883.95,Loyal,0
846.0,France,Female,38.0,5,0.0,1,1,1,187616.16,Mid,0
624.0,Germany,Female,40.0,3,149961.99,2,1,0,104610.86,Mid,0
604.0,France,Female,47.0,8,62094.71,3,0,0,9308.1,Loyal,1
692.0,France,Male,28.0,5,61581.97,1,1,1,70179.91,Mid,0
672.0,France,Male,34.0,9,0.0,2,1,0,161800.77,Loyal,0
659.0,France,Male,62.0,4,145981.87,1,1,1,131043.2,Mid,0
748.0,Spain,Male,35.0,5,105492.53,1,1,1,150057.2,Mid,0
618.0,Germany,Female,40.0,1,133245.52,2,1,1,54495.82,New,0
673.0,Germany,Female,34.0,1,127122.79,3,0,1,76703.1,New,0
629.0,Spain,Male,35.0,4,174588.8,2,0,1,158420.14,Mid,0
575.0,France,Male,27.0,3,139301.68,1,1,0,99843.98,Mid,0
641.0,Germany,Male,41.0,7,104405.54,3,1,0,17384.21,Loyal,0
652.0,Germany,Male,46.0,10,121063.8,3,1,0,151481.86,Loyal,1
523.0,Germany,Female,39.0,1,143903.11,1,1,1,118711.75,New,1
584.0,France,Female,35.0,2,114321.28,2,0,0,15959.01,New,0
795.0,Germany,Female,56.0,9,94348.94,1,1,0,29239.29,Loyal,1
572.0,France,Female,47.0,2,0.0,2,1,0,36099.7,New,0
615.0,Germany,Male,39.0,5,113193.51,2,1,1,52166.25,Mid,0
544.0,France,Male,40.0,8,0.0,2,1,0,61581.2,Loyal,0
507.0,France,Female,31.0,0,106942.08,1,0,1,44001.11,New,0
684.0,Germany,Female,56.0,3,127585.98,3,1,1,80593.49,Mid,1
652.0,France,Female,62.0,5,0.0,2,1,1,937.15,Mid,0
714.0,France,Male,34.0,5,141173.03,1,0,1,98896.06,Mid,0
850.0,Spain,Male,39.0,8,0.0,2,1,1,37090.44,Loyal,0
584.0,Germany,Female,54.0,1,77354.37,1,0,0,138192.98,New,1
467.0,Germany,Male,28.0,10,126315.26,1,1,0,32349.29,Loyal,1
422.0,Spain,Female,54.0,4,0.0,2,1,1,7166.71,Mid,0
610.0,France,Male,37.0,0,0.0,1,1,0,114514.64,New,0
658.0,France,Male,29.0,4,80262.6,1,1,1,20612.82,Mid,0
680.0,Spain,Female,31.0,9,119825.75,2,1,1,101139.3,Loyal,0
717.0,France,Male,48.0,7,123764.95,1,1,1,169952.82,Loyal,0
850.0,Germany,Female,39.0,5,114491.82,1,1,0,99689.48,Mid,0
489.0,France,Female,51.0,3,0.0,2,0,1,174098.28,Mid,1
625.0,France,Female,52.0,2,79468.96,1,1,1,84606.03,New,0
588.0,Germany,Male,49.0,6,132623.76,3,1,0,36292.94,Loyal,1
427.0,Germany,Male,42.0,1,75681.52,1,1,1,57098.0,New,0
850.0,Spain,Female,23.0,9,143054.85,1,0,1,62980.96,Loyal,0
669.0,Germany,Female,50.0,4,112650.89,1,0,0,166386.22,Mid,1
813.0,Germany,Female,29.0,5,106059.4,1,0,0,187976.88,Mid,1
486.0,Spain,Male,27.0,7,0.0,2,1,0,28823.04,Loyal,0
707.0,France,Male,35.0,2,0.0,3,1,1,94148.3,New,0
590.0,Spain,Male,37.0,6,169902.92,1,1,1,128256.18,Loyal,0
670.0,Spain,Female,32.0,3,0.0,2,1,0,46175.7,Mid,0
514.0,Germany,Male,43.0,1,95556.31,1,0,1,199273.98,New,1
601.0,Spain,Female,44.0,4,0.0,2,1,0,58561.31,Mid,0
826.0,France,Female,49.0,0,0.0,1,0,0,178709.98,New,1
761.0,Germany,Male,36.0,8,108239.11,2,0,0,99444.02,Loyal,0
720.0,France,Male,29.0,2,0.0,2,1,0,39925.52,New,0
537.0,Spain,Female,38.0,1,0.0,2,0,1,41233.97,New,0
605.0,Germany,Male,28.0,10,113690.83,1,1,0,33114.24,Loyal,0
649.0,France,Female,42.0,7,0.0,2,0,1,22974.01,Loyal,0
609.0,France,Female,35.0,2,147900.43,1,1,0,140000.29,New,0
580.0,Spain,Male,29.0,9,61710.44,2,1,0,128077.8,Loyal,0
500.0,France,Male,45.0,2,109162.82,1,1,1,126145.08,New,0
777.0,France,Male,39.0,8,0.0,2,1,1,18613.52,Loyal,0
608.0,France,Female,56.0,10,129255.2,2,1,0,142492.04,Loyal,1
538.0,Spain,Male,62.0,9,0.0,2,1,0,110440.5,Loyal,1
645.0,Germany,Female,41.0,2,138881.04,1,1,0,129936.53,New,1
756.0,Spain,Male,38.0,6,119208.85,1,1,0,169763.89,Loyal,1
687.0,France,Female,35.0,3,99587.43,1,1,1,1713.1,Mid,1
779.0,Germany,Female,24.0,10,122200.31,2,1,0,43705.56,Loyal,0
567.0,Germany,Female,40.0,2,105222.86,2,1,0,93795.86,New,0
648.0,Spain,Female,49.0,10,0.0,2,1,1,159835.78,Loyal,1
704.0,Spain,Male,24.0,10,122109.78,1,1,1,127654.37,Loyal,0
494.0,Spain,Male,38.0,7,0.0,2,1,1,6203.66,Loyal,0
607.0,France,Male,31.0,8,0.0,2,1,1,43196.5,Loyal,0
676.0,France,Male,20.0,1,80569.73,1,0,0,68621.98,New,0
573.0,France,Female,33.0,0,90124.64,1,1,0,137476.71,New,0
611.0,France,Female,40.0,2,125879.29,1,1,0,93203.43,New,0
719.0,Spain,Male,39.0,5,0.0,2,1,0,145759.7,Mid,0
700.0,Germany,Female,40.0,4,148571.07,1,1,0,189826.96,Mid,1
713.0,France,Female,59.0,3,0.0,2,1,1,62700.08,Mid,0
734.0,Spain,Female,39.0,6,92126.26,2,0,0,112973.34,Loyal,0
678.0,Spain,Male,38.0,3,124483.53,1,1,0,126253.31,Mid,0
594.0,Spain,Female,24.0,0,97378.54,1,1,1,71405.17,New,0
582.0,Germany,Male,41.0,6,70349.48,2,0,1,178074.04,Loyal,0
492.0,France,Female,48.0,6,127253.98,1,1,1,92144.09,Loyal,1
675.0,Spain,Female,35.0,8,155621.08,1,0,1,35177.31,Loyal,0
481.0,France,Female,28.0,10,0.0,2,1,0,145215.96,Loyal,0
609.0,France,Male,37.0,6,0.0,2,0,1,22030.72,Loyal,0
706.0,Spain,Female,37.0,7,0.0,2,1,1,110899.3,Loyal,0
850.0,Germany,Male,32.0,9,141827.33,2,1,1,149458.73,Loyal,0
659.0,France,Male,31.0,4,118342.26,1,0,0,161574.19,Mid,0
509.0,Germany,Male,32.0,9,170661.47,1,1,1,21646.2,Loyal,0
829.0,Spain,Female,26.0,8,101440.36,2,1,1,19324.5,Loyal,0
748.0,France,Male,38.0,4,115221.36,1,0,1,70956.75,Mid,0
613.0,Spain,Male,19.0,5,0.0,1,1,1,176903.35,Mid,0
529.0,Spain,Male,35.0,5,95772.97,1,1,1,112781.5,Mid,0
465.0,Germany,Male,53.0,1,117438.17,1,0,0,74898.8,New,1
541.0,France,Male,37.0,9,212314.03,1,0,1,148814.54,Loyal,0
611.0,Spain,Male,51.0,1,122874.74,1,1,1,149648.45,New,0
685.0,Spain,Male,35.0,4,137948.51,1,1,0,113639.64,Mid,0
704.0,France,Male,23.0,6,166594.78,1,1,1,155823.2,Loyal,0
611.0,Spain,Female,33.0,7,0.0,2,1,1,3729.89,Loyal,0
639.0,Germany,Female,37.0,5,151242.48,1,0,1,49637.65,Mid,0
802.0,Germany,Male,31.0,1,125013.72,1,1,1,187658.09,New,0
825.0,Germany,Male,37.0,6,118050.79,1,0,1,52301.15,Loyal,0
706.0,Germany,Male,31.0,1,117020.08,2,1,0,54439.53,New,0
626.0,Germany,Male,39.0,10,132287.92,3,1,1,51467.92,Loyal,1
645.0,Spain,Male,38.0,1,68079.8,1,0,1,166264.89,New,0
500.0,France,Female,34.0,4,0.0,2,1,0,12833.96,Mid,0
628.0,Germany,Female,61.0,1,97361.66,1,1,1,149922.38,New,1
626.0,France,Male,43.0,4,137638.69,1,1,0,130442.08,Mid,1
800.0,Germany,Male,39.0,4,95252.72,1,1,0,13906.34,Mid,0
674.0,Germany,Male,47.0,6,106901.94,1,1,1,2079.2,Loyal,1
643.0,France,Male,37.0,6,0.0,2,0,0,142454.77,Loyal,0
496.0,France,Male,30.0,0,90963.49,1,0,1,27802.0,New,0
585.0,France,Female,39.0,7,0.0,2,1,0,2401.26,Loyal,0
745.0,Germany,Male,45.0,10,117231.63,3,1,1,122381.02,Loyal,1
681.0,Spain,Female,57.0,2,173306.13,1,0,1,131964.66,New,0
707.0,France,Female,40.0,5,0.0,2,1,0,41052.82,Mid,0
675.0,France,Male,54.0,2,0.0,1,1,0,149583.67,New,1
803.0,France,Male,33.0,6,0.0,2,1,0,115676.61,Loyal,0
692.0,France,Male,29.0,4,0.0,1,1,0,76755.99,Mid,1
697.0,France,Female,47.0,6,128252.66,1,1,1,168053.4,Loyal,0
738.0,Spain,Male,35.0,8,127290.61,1,1,0,16081.62,Loyal,0
738.0,France,Male,39.0,5,0.0,2,1,1,114388.98,Mid,0
626.0,France,Female,44.0,2,0.0,1,0,1,173117.22,New,1
736.0,Germany,Female,36.0,8,103914.17,1,1,1,110035.88,Loyal,1
509.0,France,Male,31.0,3,0.0,2,1,0,15360.91,Mid,0
757.0,Germany,Male,33.0,1,122088.67,1,1,0,42581.09,New,0
744.0,Germany,Female,41.0,2,84113.41,1,1,0,197548.63,New,0
632.0,Germany,Female,50.0,5,107959.39,1,1,1,6985.34,Mid,1
788.0,Spain,Female,62.0,1,0.0,2,1,1,41610.62,New,0
740.0,Spain,Female,31.0,8,0.0,2,0,0,86657.48,Loyal,0
501.0,France,Female,40.0,2,0.0,2,0,0,141946.92,New,0
524.0,France,Male,30.0,1,0.0,2,1,0,126812.85,New,0
524.0,France,Female,36.0,10,0.0,2,1,0,109614.57,Loyal,0
437.0,France,Male,49.0,9,111634.29,2,0,1,166440.32,Loyal,0
747.0,France,Male,49.0,6,202904.64,1,1,1,17298.72,Loyal,1
692.0,Germany,Male,45.0,6,142084.04,4,1,0,188305.85,Loyal,1
652.0,Germany,Male,33.0,7,128135.99,1,1,0,158437.73,Loyal,0
611.0,France,Female,30.0,9,88594.14,1,1,0,196332.45,Loyal,0
704.0,Germany,Female,54.0,6,133656.91,3,1,0,145071.33,Loyal,1
653.0,France,Male,33.0,1,0.0,2,0,0,53379.52,New,0
749.0,France,Female,33.0,1,74385.98,1,1,0,20164.47,New,0
744.0,Germany,Male,29.0,6,123737.04,2,1,0,141558.04,Loyal,0
665.0,France,Female,55.0,8,136354.16,1,1,1,93769.89,Loyal,0
634.0,Germany,Female,29.0,8,130036.21,2,0,1,69849.55,Loyal,0
605.0,France,Male,52.0,1,63349.75,1,1,0,108887.44,New,0
725.0,France,Male,39.0,4,160652.45,2,1,0,57643.55,Mid,0
710.0,Spain,Male,33.0,1,0.0,2,1,0,168313.17,New,0
556.0,Spain,Female,48.0,8,168522.37,1,1,1,151310.16,Loyal,0
796.0,France,Male,44.0,8,165326.2,1,1,1,57205.55,Loyal,0
554.0,Spain,Female,46.0,7,87603.35,3,0,1,96929.24,Loyal,1
793.0,Germany,Female,32.0,1,96408.98,1,1,1,138191.81,New,0
487.0,Germany,Female,46.0,4,135070.58,2,1,1,44244.49,Mid,1
573.0,France,Male,52.0,8,0.0,2,0,1,178229.04,Loyal,0
625.0,Germany,Female,37.0,4,142711.81,1,1,0,35625.41,Mid,0
630.0,France,Female,36.0,8,126598.99,2,1,1,134407.93,Loyal,0
568.0,Germany,Female,26.0,10,109819.16,2,1,0,154491.39,Loyal,0
689.0,France,Female,46.0,7,52016.08,2,1,1,72993.65,Loyal,0
666.0,Germany,Female,50.0,7,109062.28,1,1,1,140136.1,Loyal,1
569.0,Germany,Male,35.0,2,109196.66,3,1,0,109393.19,New,1
775.0,France,Male,52.0,8,109922.61,1,1,1,96823.32,Loyal,1
497.0,Spain,Male,24.0,3,0.0,2,1,0,76390.01,Mid,0
693.0,Spain,Male,28.0,1,145118.83,1,0,1,77742.38,New,0
726.0,France,Male,29.0,7,0.0,2,1,1,91844.14,Loyal,1
842.0,Germany,Female,35.0,9,119948.09,1,1,0,48217.97,Loyal,1
526.0,Germany,Male,31.0,5,145537.21,1,1,0,132404.64,Mid,0
787.0,France,Female,35.0,1,106266.8,1,1,1,16607.15,New,0
541.0,France,Male,37.0,9,118636.92,1,1,1,73551.44,Loyal,0
636.0,France,Female,34.0,3,0.0,2,1,1,44756.25,Mid,0
581.0,Spain,Male,43.0,9,78022.61,1,0,1,30662.91,Loyal,0
850.0,Germany,Male,41.0,8,60880.68,1,1,0,31825.84,Loyal,0
646.0,Germany,Male,24.0,0,92398.08,1,1,1,18897.29,New,0
773.0,Spain,Female,41.0,5,0.0,1,1,0,28266.9,Mid,1
665.0,Germany,Male,25.0,5,153611.83,2,1,0,35321.65,Mid,0
706.0,Spain,Male,53.0,7,0.0,2,0,1,117939.17,Loyal,0
682.0,Spain,Female,54.0,0,83102.72,2,1,1,54132.93,New,0
750.0,France,Male,37.0,3,0.0,2,1,0,16870.2,Mid,0
567.0,France,Male,59.0,3,0.0,2,1,0,25843.7,Mid,1
812.0,Spain,Female,24.0,1,92476.88,1,0,0,83247.14,New,0
383.0,France,Female,60.0,3,0.0,1,0,0,113796.15,Mid,1
774.0,Spain,Female,43.0,1,110646.54,1,0,0,108804.28,New,0
585.0,France,Male,55.0,10,106415.57,3,1,1,122960.98,Loyal,1
612.0,Spain,Male,35.0,1,0.0,1,1,1,83256.26,New,1
721.0,Germany,Male,62.0,4,136525.99,1,0,0,175399.14,Mid,0
642.0,France,Male,38.0,3,0.0,2,0,0,171463.83,Mid,0
850.0,Spain,Male,37.0,4,88141.1,1,1,0,109659.12,Mid,0
745.0,Germany,Male,38.0,5,65095.41,2,1,1,140197.42,Mid,0
600.0,France,Female,41.0,1,0.0,2,1,1,91193.65,New,0
630.0,Germany,Male,29.0,6,131354.39,1,0,1,9324.31,Loyal,1
588.0,Spain,Female,22.0,9,67178.19,1,1,1,163534.75,Loyal,1
540.0,Germany,Male,39.0,1,82531.11,1,1,0,114092.52,New,0
833.0,France,Male,47.0,2,0.0,2,1,1,182247.77,New,0
675.0,Spain,Male,31.0,2,90826.27,2,1,0,60270.87,New,0
636.0,Spain,Male,36.0,1,0.0,3,1,1,74048.1,New,1
695.0,France,Male,37.0,2,0.0,2,1,1,99692.65,New,0
619.0,Germany,Male,38.0,10,84651.79,1,1,1,184754.26,Loyal,0
449.0,Spain,Male,32.0,0,155619.36,1,1,1,166692.03,New,0
674.0,France,Female,32.0,7,85757.93,1,1,1,95481.0,Loyal,0
677.0,France,Female,56.0,0,119963.45,1,0,0,158325.87,New,1
512.0,France,Female,41.0,8,145150.28,1,1,0,64869.32,Loyal,1
698.0,France,Male,27.0,7,0.0,2,1,0,111471.55,Loyal,0
658.0,France,Female,35.0,5,126397.66,1,0,0,156361.58,Mid,1
511.0,Spain,Female,40.0,1,0.0,1,1,1,184118.73,New,0
640.0,France,Male,62.0,9,0.0,2,1,1,199493.38,Loyal,0
753.0,France,Female,31.0,6,106596.29,1,0,0,91305.77,Loyal,0
623.0,Spain,Female,43.0,4,123536.52,2,0,0,154908.52,Mid,0
727.0,Germany,Male,58.0,5,106913.43,1,1,0,25881.0,Mid,1
735.0,France,Male,62.0,9,0.0,1,1,1,114283.33,Loyal,0
671.0,France,Female,48.0,8,115713.84,2,0,0,83210.84,Loyal,0
645.0,Germany,Female,59.0,8,121669.93,2,0,0,91.75,Loyal,1
829.0,Germany,Female,37.0,3,103457.76,1,0,0,1114.12,Mid,0
792.0,Germany,Female,50.0,4,146710.76,1,1,0,16528.4,Mid,1
828.0,Spain,Male,28.0,8,134766.85,1,1,0,79355.87,Loyal,0
699.0,France,Female,49.0,2,0.0,1,0,0,105760.01,New,0
498.0,Germany,Female,41.0,4,87541.06,2,1,1,12577.21,Mid,1
850.0,France,Female,62.0,1,124678.35,1,1,0,70916.0,New,1
835.0,France,Male,32.0,8,124993.29,2,1,1,27548.06,Loyal,0
694.0,Spain,Male,39.0,0,107042.74,1,1,1,102284.2,New,0
797.0,France,Female,29.0,1,0.0,2,1,1,132975.39,New,0
472.0,Spain,Male,40.0,4,0.0,1,1,0,70154.22,Mid,0
763.0,France,Male,62.0,1,149436.73,2,0,1,106282.74,New,0
681.0,Germany,Male,48.0,5,139714.4,2,0,0,73066.72,Mid,0
666.0,France,Female,33.0,2,147229.65,1,1,1,56410.17,New,0
647.0,Spain,Male,33.0,7,121260.19,2,1,0,77216.48,Loyal,0
598.0,France,Female,40.0,2,171178.25,1,1,0,137980.58,New,1
702.0,Spain,Female,38.0,2,0.0,1,1,1,161888.63,New,0
586.0,France,Female,43.0,8,132558.26,1,1,0,67046.83,Loyal,1
773.0,France,Female,40.0,10,0.0,2,0,1,69303.15,Loyal,0
658.0,Spain,Male,35.0,9,71829.34,1,1,1,68141.92,Loyal,0
806.0,France,Male,40.0,5,80613.93,1,1,1,142838.64,Mid,0
687.0,France,Female,44.0,9,0.0,2,0,0,103042.2,Loyal,1
662.0,Spain,Male,37.0,4,155187.3,1,1,0,48930.8,Mid,0
599.0,Spain,Female,37.0,2,0.0,2,1,1,143739.29,New,0
570.0,Germany,Female,57.0,5,86568.75,1,0,1,103660.31,Mid,0
797.0,France,Female,55.0,10,0.0,4,1,1,49418.87,Loyal,1
612.0,Germany,Male,62.0,6,96166.88,1,1,1,191393.26,Loyal,0
588.0,Germany,Female,34.0,10,129417.82,1,1,0,153727.32,Loyal,0
710.0,Spain,Female,38.0,4,0.0,2,1,1,136390.88,Mid,0
809.0,Germany,Male,50.0,10,118098.62,1,1,1,100720.02,Loyal,1
669.0,Germany,Male,45.0,1,123949.75,1,0,0,110881.56,New,0
792.0,Germany,Female,59.0,9,101609.77,1,0,0,161479.19,Loyal,1
795.0,Germany,Female,33.0,9,130862.43,1,1,1,114935.21,Loyal,0
772.0,Germany,Female,42.0,0,101979.16,1,1,0,90928.48,New,0
706.0,Germany,Male,34.0,0,140641.26,2,1,1,77271.91,New,0
751.0,France,Male,30.0,3,165257.2,1,0,0,134822.05,Mid,0
681.0,France,Male,46.0,0,105969.42,1,1,0,5771.56,New,0
556.0,France,Female,36.0,2,134208.22,1,0,1,177670.57,New,0
589.0,France,Female,61.0,1,0.0,1,1,0,61108.56,New,1
850.0,Spain,Male,28.0,9,97408.03,1,1,1,175853.64,Loyal,0
582.0,Germany,Female,40.0,3,110150.43,1,1,1,191757.65,Mid,1
577.0,France,Female,37.0,4,0.0,1,1,1,79881.39,Mid,0
601.0,Germany,Female,54.0,1,131039.97,2,1,1,199661.5,New,0
788.0,France,Female,41.0,6,0.0,1,1,1,25571.37,Loyal,0
556.0,France,Female,46.0,10,0.0,2,0,0,109184.24,Loyal,0
650.0,France,Female,39.0,4,0.0,2,0,0,186275.7,Mid,0
745.0,France,Male,36.0,8,67226.37,1,1,0,130789.6,Loyal,0
603.0,France,Male,31.0,4,0.0,2,0,1,9607.1,Mid,0
850.0,Germany,Male,39.0,3,124548.99,2,1,1,120380.12,Mid,0
771.0,France,Male,27.0,2,0.0,2,1,1,199527.34,New,0
590.0,France,Female,54.0,4,0.0,2,1,1,93820.49,Mid,1
850.0,Germany,Male,55.0,0,98710.89,1,1,1,83617.17,New,1
687.0,France,Male,38.0,9,122570.87,1,1,1,35608.88,Loyal,0
600.0,France,Female,38.0,9,0.0,2,1,1,58855.85,Loyal,0
825.0,Spain,Female,32.0,1,0.0,2,1,1,42935.15,New,0
548.0,Spain,Male,39.0,7,131468.44,1,1,0,164975.82,Loyal,0
712.0,Germany,Female,29.0,7,147199.07,1,1,1,84932.4,Loyal,0
742.0,France,Female,29.0,4,0.0,2,1,1,180066.59,Mid,0
698.0,Germany,Male,56.0,1,112414.81,2,0,0,93982.02,New,1
457.0,Germany,Male,42.0,4,126772.57,1,0,1,126106.4,Mid,0
850.0,France,Male,37.0,4,126872.6,1,1,0,197266.58,Mid,0
530.0,Spain,Male,44.0,6,0.0,2,0,0,55893.37,Loyal,0
606.0,Spain,Male,38.0,7,128578.52,1,1,1,193878.51,Loyal,0
818.0,France,Female,49.0,2,0.0,1,0,1,192298.84,New,1
552.0,Spain,Male,45.0,9,0.0,2,1,0,26752.56,Loyal,0
474.0,France,Male,33.0,5,0.0,2,1,0,181945.52,Mid,1
599.0,France,Male,30.0,9,105443.68,1,1,1,121124.53,Loyal,0
743.0,Germany,Female,35.0,1,146781.24,1,1,0,189307.7,New,0
742.0,France,Male,32.0,6,160485.16,1,1,0,29023.03,Loyal,0
765.0,France,Male,42.0,4,123311.39,2,1,1,82868.34,Mid,0
796.0,France,Male,30.0,2,137262.71,2,1,0,62905.29,New,0
557.0,France,Male,36.0,3,0.0,1,0,1,144078.02,Mid,0
648.0,Spain,Female,27.0,7,0.0,2,1,1,163060.43,Loyal,0
804.0,France,Female,50.0,4,0.0,1,1,1,8546.87,Mid,1
720.0,France,Female,45.0,1,102882.4,2,1,1,35633.15,New,1
804.0,France,Male,55.0,7,0.0,2,1,1,118752.6,Loyal,0
550.0,Germany,Male,36.0,2,113877.23,2,1,0,174921.91,New,0
608.0,Germany,Female,44.0,5,126147.84,1,0,1,132424.69,Mid,1
668.0,France,Male,32.0,7,0.0,2,1,1,777.37,Loyal,0
633.0,Germany,Male,58.0,2,128137.42,2,1,0,147635.33,New,1
787.0,France,Male,33.0,1,126588.81,2,0,1,62163.53,New,0
550.0,France,Male,22.0,6,154377.3,1,1,1,51721.52,Loyal,0
539.0,Spain,Male,38.0,8,71460.67,2,1,1,10074.05,Loyal,0
555.0,Spain,Male,27.0,5,0.0,2,0,0,96398.51,Mid,0
551.0,France,Female,36.0,5,0.0,1,1,0,183479.12,Mid,0
641.0,Germany,Female,51.0,2,117306.69,4,1,1,26912.72,New,1
660.0,France,Female,20.0,6,167685.56,1,1,0,57929.9,Loyal,0
815.0,Spain,Female,39.0,6,0.0,1,1,1,85167.88,Loyal,0
850.0,France,Female,35.0,1,211774.31,1,1,0,188574.12,New,1
701.0,Spain,Female,21.0,9,0.0,2,1,1,26327.42,Loyal,0
663.0,France,Male,35.0,9,0.0,2,1,1,195580.28,Loyal,0
516.0,Germany,Female,53.0,1,156674.2,1,1,0,118502.34,New,1
518.0,France,Male,38.0,3,90957.81,1,0,1,162304.59,Mid,0
662.0,France,Female,47.0,6,0.0,2,1,1,129392.75,Loyal,0
545.0,Spain,Female,62.0,3,0.0,2,1,1,161326.73,Mid,0
579.0,France,Male,31.0,9,0.0,1,0,1,139048.0,Loyal,0
639.0,France,Male,62.0,0,0.0,2,0,1,42240.54,New,0
494.0,France,Male,40.0,7,0.0,2,0,1,158071.69,Loyal,0
750.0,Spain,Male,22.0,3,121681.82,1,1,0,128643.35,Mid,1
468.0,France,Male,22.0,2,0.0,2,1,0,28123.99,New,0
758.0,Spain,Female,43.0,10,0.0,2,1,1,55313.44,Loyal,0
729.0,France,Male,44.0,6,0.0,2,1,0,151733.43,Loyal,0
777.0,France,Male,23.0,6,0.0,2,1,1,163225.48,Loyal,0
837.0,France,Female,38.0,2,0.0,2,1,1,46395.21,New,0
437.0,France,Female,26.0,1,120923.52,1,0,1,78854.57,New,0
715.0,Spain,Male,38.0,2,96798.79,2,1,1,4554.67,New,0
567.0,France,Female,23.0,9,93522.2,1,0,1,81425.61,Loyal,0
711.0,France,Female,41.0,3,145754.91,1,1,1,101455.07,Mid,0
713.0,France,Male,41.0,3,0.0,2,1,0,55772.04,Mid,0
553.0,Spain,Male,42.0,7,0.0,2,1,0,7680.23,Loyal,0
493.0,France,Female,36.0,5,148667.81,2,1,0,56092.51,Mid,0
592.0,France,Male,62.0,4,0.0,2,0,1,17013.54,Mid,0
540.0,Spain,Male,39.0,2,0.0,2,1,0,81995.92,New,0
695.0,France,Female,23.0,1,0.0,2,1,1,141756.32,New,0
634.0,France,Female,41.0,8,68213.99,1,1,1,6382.46,Loyal,0
539.0,France,Female,24.0,3,0.0,2,1,1,198161.07,Mid,0
749.0,Spain,Male,36.0,7,0.0,2,0,0,80134.65,Loyal,0
610.0,France,Male,26.0,8,0.0,2,1,0,166031.08,Loyal,0
587.0,Germany,Female,45.0,8,134980.74,1,1,1,123309.57,Loyal,1
463.0,Spain,Male,20.0,8,204223.03,1,1,0,128268.39,Loyal,0
769.0,Germany,Female,34.0,7,137239.17,1,1,1,71379.92,Loyal,1
633.0,France,Male,61.0,3,157201.48,1,0,1,50368.63,Mid,0
694.0,Spain,Female,39.0,9,0.0,2,0,0,99924.04,Loyal,0
678.0,France,Male,54.0,7,128914.97,1,0,0,191746.23,Loyal,1
561.0,France,Female,31.0,1,81480.27,2,1,1,65234.6,New,0
643.0,Spain,Female,32.0,2,0.0,1,0,0,131301.74,New,0
627.0,France,Male,32.0,10,0.0,2,1,0,103287.62,Loyal,0
752.0,France,Male,49.0,2,78653.84,1,1,0,7698.6,New,0
752.0,Germany,Male,38.0,3,183102.29,1,1,1,71557.12,Mid,0
613.0,Spain,Male,37.0,3,171653.17,1,0,1,5353.12,Mid,0
435.0,Germany,Male,44.0,3,151739.65,1,1,0,167461.5,Mid,0
513.0,France,Male,29.0,10,0.0,2,0,1,25514.77,Loyal,0
714.0,France,Male,34.0,10,0.0,2,1,1,80234.14,Loyal,0
744.0,Spain,Male,31.0,0,117551.23,1,1,0,158958.9,New,0
697.0,France,Female,39.0,6,151553.19,1,1,1,44946.29,Loyal,0
725.0,France,Female,36.0,1,118851.05,1,1,1,102747.02,New,0
524.0,France,Male,22.0,9,0.0,2,1,0,74405.34,Loyal,0
759.0,Spain,Male,31.0,8,0.0,2,1,1,99086.74,Loyal,0
785.0,Germany,Female,33.0,5,136624.6,2,1,1,169117.74,Mid,0
678.0,Spain,Male,30.0,0,0.0,1,1,0,35113.08,New,0
606.0,France,Male,40.0,6,119501.88,2,1,0,46774.94,Loyal,0
637.0,France,Male,27.0,1,0.0,2,1,0,91291.2,New,0
596.0,Spain,Male,57.0,6,0.0,2,1,1,72402.0,Loyal,0
545.0,Spain,Female,47.0,5,0.0,2,1,1,38970.14,Mid,0
722.0,France,Male,46.0,6,0.0,1,1,1,93917.68,Loyal,1
766.0,France,Female,27.0,7,158786.67,2,0,1,47579.25,Loyal,0
850.0,France,Male,34.0,2,72079.71,1,1,1,115767.93,New,0
494.0,France,Male,25.0,6,0.0,2,0,1,109988.09,Loyal,0
563.0,Germany,Male,44.0,7,105007.31,2,1,1,197812.16,Loyal,0
728.0,Spain,Female,37.0,4,0.0,1,0,0,4539.38,Mid,0
639.0,Spain,Female,54.0,2,0.0,2,1,1,53843.71,New,0
521.0,France,Male,38.0,5,110641.18,1,0,1,136507.69,Mid,1
437.0,Spain,Male,28.0,2,109161.25,1,1,0,152987.42,New,0
744.0,France,Male,54.0,6,93806.31,2,0,1,140068.77,Loyal,0
516.0,France,Male,46.0,2,0.0,2,1,1,169122.54,New,0
677.0,Germany,Female,41.0,8,146720.98,2,1,1,4195.84,Loyal,0
792.0,Spain,Male,36.0,5,92140.15,1,0,1,67468.67,Mid,0
630.0,France,Male,62.0,5,0.0,2,1,1,27330.27,Mid,0
737.0,France,Male,44.0,7,0.0,2,0,0,57898.58,Loyal,0
762.0,France,Male,20.0,1,139432.55,1,1,1,85606.83,New,0
741.0,France,Male,38.0,9,0.0,2,1,0,14379.01,Loyal,0
736.0,France,Female,36.0,6,0.0,1,1,0,70496.66,Loyal,0
425.0,Spain,Female,22.0,7,169649.73,2,0,1,136365.0,Loyal,1
629.0,France,Female,37.0,6,129101.3,1,1,1,23971.33,Loyal,0
495.0,Spain,Female,42.0,7,0.0,2,0,0,130404.53,Loyal,0
850.0,Germany,Male,49.0,8,98649.55,1,1,0,119174.88,Loyal,1
599.0,France,Male,34.0,8,0.0,2,1,1,174196.68,Loyal,0
744.0,France,Female,44.0,3,0.0,2,1,1,189016.14,Mid,0
537.0,Spain,Female,38.0,6,141786.78,1,0,1,147797.54,Loyal,0
725.0,Germany,Female,47.0,1,104887.43,1,0,0,86622.56,New,1
834.0,Spain,Male,34.0,5,0.0,2,0,0,53437.1,Mid,0
550.0,Spain,Male,62.0,7,80927.56,1,0,1,64490.67,Loyal,0
815.0,France,Male,37.0,1,166115.42,1,1,0,67208.3,New,0
486.0,Germany,Male,37.0,9,115217.99,2,1,0,144995.33,Loyal,0
634.0,Germany,Male,24.0,8,103097.85,1,1,1,157577.29,Loyal,0
593.0,Spain,Male,27.0,10,0.0,3,0,0,94620.0,Loyal,1
503.0,Spain,Female,36.0,9,0.0,2,1,1,16274.67,Loyal,0
698.0,France,Male,36.0,6,0.0,2,0,1,19231.98,Loyal,0
492.0,Germany,Female,52.0,8,125396.24,1,1,0,10014.72,Loyal,1
644.0,Spain,Male,49.0,10,0.0,2,1,1,145089.64,Loyal,0
468.0,France,Female,22.0,1,76318.64,1,1,1,194783.12,New,0
602.0,France,Female,33.0,8,0.0,2,1,1,112928.74,Loyal,0
665.0,France,Male,28.0,8,191402.82,2,1,0,83238.4,Loyal,0
740.0,Germany,Female,40.0,2,122295.17,2,1,1,30812.84,New,0
560.0,France,Female,35.0,1,0.0,2,1,0,3701.63,New,0
663.0,Spain,Male,33.0,9,0.0,2,0,0,91514.62,Loyal,0
641.0,France,Male,30.0,2,87505.47,2,0,1,7278.57,New,0
660.0,France,Male,34.0,8,106486.66,2,0,1,182262.66,Loyal,0
838.0,Spain,Male,35.0,0,0.0,2,0,1,197305.91,New,0
587.0,Spain,Male,51.0,3,83739.32,1,0,1,148798.45,Mid,0
698.0,France,Male,47.0,5,156265.31,2,0,0,1055.66,Mid,0
834.0,France,Male,23.0,4,131254.81,1,1,0,20199.3,Mid,0
815.0,Spain,Female,57.0,5,0.0,3,0,0,38941.44,Mid,1
664.0,France,Male,32.0,10,107209.73,1,1,1,112340.2,Loyal,0
629.0,Spain,Male,34.0,8,0.0,2,1,1,180595.02,Loyal,0
696.0,Spain,Female,51.0,5,0.0,2,1,0,55022.43,Mid,0
623.0,France,Female,24.0,7,148167.83,2,1,1,109470.34,Loyal,0
737.0,France,Male,28.0,8,0.0,2,1,0,106390.01,Loyal,0
676.0,Germany,Female,48.0,2,124442.38,1,1,0,15068.53,New,1
768.0,Germany,Female,47.0,5,104552.61,1,1,0,48137.08,Mid,1
635.0,Germany,Female,44.0,2,79064.85,2,0,1,113291.75,New,0
645.0,France,Male,42.0,6,0.0,1,0,0,149807.01,Loyal,0
600.0,France,Male,29.0,8,0.0,2,0,1,34747.43,Loyal,0
606.0,France,Male,35.0,2,132164.26,1,0,1,164815.59,New,0
665.0,France,Female,38.0,5,0.0,2,1,0,156439.56,Mid,0
589.0,Spain,Female,46.0,10,0.0,2,0,1,168369.37,Loyal,0
673.0,Spain,Female,57.0,4,0.0,2,1,1,49684.09,Mid,0
603.0,Germany,Female,55.0,7,127723.25,2,1,0,139469.11,Loyal,1
479.0,Spain,Male,48.0,5,87070.23,1,0,1,85646.41,Mid,0
850.0,Spain,Female,31.0,4,91292.7,1,1,1,162149.07,Mid,0
587.0,France,Male,36.0,1,0.0,2,0,1,17135.6,New,0
629.0,France,Male,31.0,6,0.0,2,1,0,93881.75,Loyal,0
513.0,Spain,Male,62.0,3,98903.06,1,1,1,81251.24,Mid,0
641.0,France,Male,37.0,6,0.0,2,1,0,45309.24,Loyal,0
540.0,Germany,Male,37.0,3,129965.18,1,0,0,19374.08,Mid,0
710.0,Spain,Male,62.0,3,131078.42,2,1,0,119348.76,Mid,1
746.0,Spain,Male,36.0,2,0.0,2,1,1,16436.56,New,0
614.0,France,Female,19.0,5,97445.49,2,1,0,122823.34,Mid,0
547.0,France,Female,49.0,2,0.0,1,0,0,65466.93,New,1
649.0,Spain,Female,47.0,8,110783.28,1,1,1,71420.16,Loyal,0
775.0,France,Female,27.0,4,152309.37,1,1,0,104112.0,Mid,0
703.0,France,Male,28.0,2,81173.83,2,0,1,162812.16,New,0
687.0,Germany,Female,47.0,1,91219.29,1,0,0,158845.49,New,1
777.0,France,Female,42.0,5,147531.82,1,1,1,38819.45,Mid,0
561.0,Spain,Male,28.0,6,123692.0,1,1,1,70548.96,Loyal,0
604.0,France,Female,40.0,1,0.0,2,1,0,123207.17,New,0
597.0,Germany,Female,60.0,0,78539.84,1,0,1,48502.88,New,0
533.0,France,Female,39.0,2,0.0,1,0,1,73669.94,New,1
850.0,France,Male,39.0,4,127771.35,2,0,1,151738.54,Mid,0
848.0,Spain,Male,40.0,3,110929.96,1,1,1,30876.84,Mid,0
650.0,Spain,Male,32.0,1,132187.73,2,1,1,178331.36,New,0
418.0,France,Female,39.0,2,0.0,2,0,0,9041.71,New,0
656.0,Germany,Male,62.0,7,153545.11,1,1,1,186574.68,Loyal,0
785.0,Germany,Female,33.0,6,127211.45,1,0,0,191961.83,Loyal,0
774.0,Germany,Male,36.0,9,130809.77,1,1,0,152290.28,Loyal,0
694.0,Spain,Male,57.0,8,116326.07,1,1,1,117704.65,Loyal,0
705.0,Germany,Female,54.0,3,125889.3,3,1,0,96013.5,Mid,1
775.0,France,Male,30.0,4,0.0,2,1,0,49337.84,Mid,0
629.0,Spain,Male,29.0,6,0.0,2,1,1,88842.8,Loyal,0
665.0,France,Male,36.0,1,0.0,2,0,1,121505.61,New,0
618.0,Germany,Female,54.0,4,118449.21,1,1,1,133573.29,Mid,1
443.0,Germany,Male,59.0,4,110939.3,1,1,0,72846.58,Mid,1
747.0,France,Male,42.0,4,80214.36,1,1,0,115241.96,Mid,1
630.0,Spain,Male,39.0,10,105473.74,1,0,0,58854.88,Loyal,1
483.0,France,Female,44.0,5,136836.49,1,1,0,192359.9,Mid,1
705.0,France,Female,35.0,3,0.0,2,0,1,66331.01,Mid,0
779.0,Germany,Female,37.0,2,128389.63,1,1,1,6589.16,New,1
710.0,Spain,Female,30.0,10,0.0,2,1,0,19500.1,Loyal,0
404.0,Germany,Female,54.0,4,125456.07,1,1,0,83715.66,Mid,1
700.0,Spain,Male,31.0,7,0.0,2,0,1,145151.96,Loyal,0
573.0,Spain,Female,44.0,4,0.0,1,1,1,94862.93,Mid,0
637.0,Spain,Female,45.0,2,157929.45,1,1,1,145134.49,New,1
850.0,France,Female,28.0,2,0.0,2,1,1,38773.74,New,0
461.0,Spain,Female,35.0,8,0.0,1,1,0,132295.95,Loyal,0
724.0,Germany,Male,33.0,4,88046.88,1,0,1,186942.49,Mid,1
744.0,France,Male,29.0,1,0.0,1,0,0,82422.97,New,0
568.0,Germany,Female,29.0,2,129177.01,2,0,1,104617.99,New,0
613.0,Germany,Female,51.0,7,147262.11,1,1,1,53630.9,Loyal,1
717.0,Spain,Male,36.0,2,102989.83,2,0,1,49185.57,New,0
648.0,Germany,Male,41.0,5,123049.21,1,0,1,5066.76,Mid,0
790.0,Germany,Male,24.0,7,107418.27,1,0,1,160450.21,Loyal,0
453.0,Spain,Female,42.0,5,0.0,3,1,0,83008.49,Mid,1
781.0,France,Female,42.0,3,156555.54,1,1,1,175674.01,Mid,0
612.0,Germany,Male,42.0,5,141927.1,1,1,1,43018.98,Mid,0
531.0,France,Male,31.0,3,96288.26,1,1,0,56794.73,Mid,0
778.0,Germany,Female,37.0,0,105617.73,2,1,1,133699.82,New,1
737.0,France,Male,41.0,1,101960.74,1,1,1,123547.28,New,0
756.0,France,Male,62.0,3,0.0,1,1,1,11199.04,Mid,1
703.0,Spain,Male,62.0,5,137761.55,1,1,1,159677.46,Mid,0
601.0,Germany,Female,42.0,9,133636.16,1,0,1,103315.74,Loyal,0
790.0,Spain,Male,29.0,3,46057.96,2,1,1,189777.66,Mid,0
688.0,Spain,Male,36.0,0,89772.3,1,1,0,177383.68,New,1
636.0,Germany,Female,37.0,9,157098.52,1,1,1,153535.27,Loyal,0
705.0,Germany,Female,43.0,7,79974.55,1,1,1,103108.33,Loyal,0
516.0,Spain,Female,62.0,9,102541.1,1,1,0,181490.42,Loyal,0
686.0,Spain,Male,41.0,7,102749.72,1,0,1,194913.86,Loyal,0
498.0,Germany,Male,37.0,8,108432.88,2,1,1,14865.05,Loyal,0
737.0,France,Female,33.0,4,0.0,2,1,0,115115.32,Mid,0
477.0,Spain,Male,31.0,9,0.0,2,0,1,184061.17,Loyal,0
689.0,France,Male,22.0,4,136444.25,1,1,0,51980.25,Mid,1
647.0,France,Female,35.0,6,112668.7,1,0,1,122584.29,Loyal,0
716.0,Spain,Female,29.0,8,0.0,2,0,0,78616.92,Loyal,0
582.0,Germany,Male,26.0,6,114450.32,1,1,1,14081.64,Loyal,0
787.0,France,Male,25.0,5,0.0,2,1,0,47307.9,Mid,0
637.0,Spain,Female,22.0,5,98800.0,1,1,0,122865.55,Mid,0
544.0,France,Male,38.0,8,0.0,1,1,1,98208.62,Loyal,0
481.0,Germany,Male,44.0,3,163714.52,1,1,0,96123.72,Mid,0
715.0,France,Male,35.0,2,141005.47,1,1,1,60407.93,New,0
577.0,Spain,Male,51.0,2,108867.0,1,0,0,140800.66,New,1
820.0,France,Male,36.0,4,0.0,2,1,0,31422.69,Mid,0
426.0,France,Female,34.0,3,0.0,2,1,1,61230.83,Mid,0
624.0,Spain,Male,38.0,7,123906.55,1,1,0,135096.78,Loyal,0
658.0,France,Male,36.0,8,174060.46,1,1,1,94925.62,Loyal,0
614.0,Germany,Female,35.0,6,128100.28,1,0,0,69454.24,Loyal,1
571.0,Germany,Female,34.0,1,101736.66,1,0,1,195651.66,New,0
520.0,France,Female,39.0,6,145644.05,1,0,0,104118.93,Loyal,0
703.0,France,Male,43.0,8,0.0,2,1,0,9704.66,Loyal,0
682.0,Spain,Male,36.0,5,0.0,2,1,1,147758.51,Mid,0
676.0,France,Female,36.0,3,91711.59,1,1,1,95393.43,Mid,0
734.0,France,Female,29.0,0,139994.66,1,1,0,17744.72,New,0
614.0,France,Male,51.0,3,0.0,2,1,1,5552.37,Mid,0
632.0,France,Female,49.0,5,167962.7,1,0,0,140201.21,Mid,0
519.0,Spain,Female,47.0,6,157296.02,2,0,0,147278.43,Loyal,1
437.0,Germany,Male,35.0,6,126803.34,2,1,1,161133.4,Loyal,0
670.0,Germany,Female,40.0,2,147171.2,1,0,1,69850.04,New,0
727.0,Spain,Female,49.0,7,96296.78,1,1,0,190457.87,Loyal,1
587.0,Spain,Female,34.0,1,0.0,2,1,1,97932.68,New,0
593.0,Germany,Female,38.0,4,129499.42,1,1,1,154071.27,Mid,0
539.0,Germany,Female,38.0,8,82407.51,1,1,0,13123.41,Loyal,0
455.0,Germany,Female,37.0,6,170057.62,1,0,1,54398.56,Loyal,0
535.0,France,Male,38.0,2,119272.29,1,0,0,195896.59,New,1
723.0,France,Female,49.0,4,0.0,2,0,1,89972.25,Mid,0
729.0,France,Male,32.0,6,93694.42,1,1,1,79919.13,Loyal,0
694.0,France,Male,30.0,10,144684.03,1,1,1,31805.49,Loyal,0
653.0,Spain,Male,55.0,2,70263.83,1,0,1,62347.71,New,0
654.0,France,Male,32.0,6,0.0,2,1,1,137898.57,Loyal,0
535.0,Germany,Male,40.0,7,111756.5,1,1,0,8128.32,Loyal,1
537.0,France,Male,37.0,3,0.0,2,1,1,20603.32,Mid,0
682.0,Germany,Male,24.0,9,57929.81,2,0,0,53134.3,Loyal,0
613.0,Spain,Male,35.0,4,123557.65,2,0,1,170903.4,Mid,0
659.0,Germany,Male,29.0,9,82916.48,1,1,1,84133.48,Loyal,0
401.0,Germany,Male,48.0,8,128140.17,1,1,0,175753.55,Loyal,1
795.0,Germany,Male,37.0,2,139265.63,2,1,1,198745.94,New,0
648.0,Spain,Male,32.0,8,0.0,1,1,0,133653.38,Loyal,0
585.0,France,Female,62.0,5,113978.97,2,0,1,93146.11,Mid,0
547.0,France,Female,29.0,6,104450.86,1,1,1,37160.28,Loyal,0
494.0,Spain,Female,41.0,2,69974.66,2,1,0,188426.13,New,1
719.0,France,Female,37.0,9,101455.7,1,1,0,25803.59,Loyal,1
613.0,France,Male,40.0,7,124339.9,1,0,0,193309.58,Loyal,0
696.0,Germany,Male,42.0,7,162318.61,1,1,0,121061.89,Loyal,0
657.0,France,Male,38.0,7,0.0,2,1,0,185827.74,Loyal,0
497.0,Spain,Male,37.0,8,128650.11,2,1,1,163641.53,Loyal,0
613.0,France,Male,34.0,5,144094.2,1,1,0,44510.26,Mid,0
749.0,Spain,Female,46.0,9,66582.81,1,1,0,78753.12,Loyal,1
602.0,Spain,Male,30.0,9,113672.18,2,0,0,102135.92,Loyal,0
760.0,France,Male,34.0,2,0.0,2,1,0,164162.44,New,0
729.0,France,Male,30.0,9,0.0,2,1,0,151869.35,Loyal,0
718.0,Germany,Male,28.0,4,65643.3,1,1,0,28760.99,Mid,0
714.0,Spain,Female,33.0,10,103121.33,2,1,1,49672.01,Loyal,0
607.0,Spain,Female,25.0,4,121166.89,1,0,1,115288.24,Mid,0
532.0,France,Male,43.0,9,0.0,2,0,0,190573.91,Loyal,1
591.0,France,Male,42.0,9,161651.37,2,1,1,131753.97,Loyal,0
529.0,Spain,Female,35.0,5,0.0,2,1,0,56518.0,Mid,0
627.0,Spain,Male,48.0,1,132759.8,1,1,0,78899.22,New,0
527.0,France,Female,32.0,7,0.0,2,1,1,44099.75,Loyal,0
721.0,France,Female,40.0,7,0.0,2,1,1,122580.48,Loyal,0
590.0,France,Male,47.0,0,117879.32,1,1,1,8214.46,New,0
705.0,Germany,Male,44.0,3,105934.96,1,1,0,82463.69,Mid,0
551.0,France,Male,37.0,3,0.0,2,1,1,50578.4,Mid,0
638.0,Germany,Male,62.0,4,108716.59,2,1,1,74241.09,Mid,0
645.0,France,Female,38.0,7,59568.57,1,1,1,167723.25,Loyal,0
670.0,France,Male,33.0,6,88294.6,1,1,0,66979.06,Loyal,0
505.0,Germany,Female,33.0,3,106506.77,3,1,0,45445.78,Mid,1
636.0,Germany,Male,34.0,2,40105.51,2,0,1,53512.16,New,0
683.0,France,Male,31.0,2,0.0,2,0,1,77326.78,New,0
746.0,France,Male,25.0,9,0.0,2,0,1,88728.47,Loyal,0
818.0,France,Male,36.0,4,0.0,2,1,1,8037.03,Mid,0
686.0,France,Female,34.0,1,0.0,2,1,0,87278.48,New,0
714.0,Germany,Male,54.0,4,137986.58,2,0,1,51308.54,Mid,1
640.0,France,Female,29.0,3,0.0,2,1,0,2743.69,Mid,0
732.0,France,Female,43.0,9,0.0,2,1,0,183147.17,Loyal,0
756.0,France,Male,37.0,3,132623.6,1,1,1,58974.0,Mid,0
733.0,France,Male,51.0,10,141556.96,1,1,0,130189.53,Loyal,0
554.0,France,Female,38.0,4,137654.05,2,1,1,172629.67,Mid,0
621.0,Germany,Female,30.0,2,101014.08,2,1,1,165257.31,New,0
776.0,France,Female,29.0,7,178171.04,2,1,1,115818.51,Loyal,0
815.0,Germany,Female,25.0,8,135161.67,1,1,1,136071.05,Loyal,0
550.0,France,Male,25.0,0,0.0,2,1,1,184221.11,New,0
561.0,Spain,Male,24.0,8,143656.55,1,0,1,180932.46,Loyal,0
850.0,Germany,Female,36.0,6,143644.16,1,1,0,22102.25,Loyal,1
597.0,France,Male,33.0,9,0.0,2,1,0,49374.82,Loyal,0
757.0,Germany,Male,36.0,1,65349.71,1,0,0,64539.64,New,0
658.0,Spain,Female,31.0,2,36566.96,1,1,0,103644.98,New,1
789.0,France,Male,37.0,3,0.0,1,1,0,121883.87,Mid,1
706.0,Spain,Male,38.0,8,0.0,2,0,1,46635.11,Loyal,0
610.0,Germany,Male,50.0,1,113957.01,2,1,0,196526.55,New,1
520.0,Spain,Male,43.0,7,0.0,2,1,1,36202.74,Loyal,0
668.0,France,Female,32.0,2,0.0,2,1,1,40652.33,New,0
720.0,Germany,Female,37.0,8,156282.79,1,1,0,45985.52,Loyal,0
759.0,Germany,Male,30.0,4,101802.67,1,0,0,8693.8,Mid,0
506.0,France,Male,43.0,2,0.0,2,1,0,105568.6,New,0
756.0,France,Male,31.0,10,122647.32,1,0,0,61666.87,Loyal,0
690.0,France,Male,54.0,5,0.0,1,1,0,12847.61,Mid,1
643.0,France,Female,51.0,2,105229.53,1,1,0,34967.75,New,1
718.0,Spain,Female,49.0,10,82321.88,1,0,1,11144.4,Loyal,0
687.0,Germany,Male,33.0,9,135962.4,2,1,0,121747.96,Loyal,0
651.0,France,Male,34.0,3,0.0,2,1,1,105599.65,Mid,0
750.0,Germany,Female,52.0,6,107467.56,1,1,0,126233.18,Loyal,1
655.0,France,Male,38.0,4,0.0,2,0,0,110527.71,Mid,0
705.0,France,Female,48.0,0,0.0,2,0,0,149772.61,New,0
732.0,Germany,Female,29.0,1,154333.82,1,1,1,138527.56,New,0
676.0,France,Male,40.0,8,114005.78,1,1,1,67998.45,Loyal,0
640.0,Germany,Female,62.0,2,116800.25,1,1,1,34130.43,New,0
721.0,Spain,Male,38.0,7,0.0,1,0,1,53534.8,Loyal,0
572.0,Germany,Female,54.0,9,97382.53,1,1,1,195771.95,Loyal,0
823.0,France,Male,62.0,5,149105.08,1,0,1,162683.06,Mid,0
803.0,France,Female,62.0,2,151659.52,2,0,1,6930.17,New,0
603.0,France,Female,34.0,9,0.0,2,1,0,167916.35,Loyal,0
656.0,Germany,Female,46.0,7,141535.52,1,1,0,50595.15,Loyal,1
598.0,Germany,Male,41.0,3,91536.93,1,1,0,191468.78,Mid,1
411.0,France,Female,54.0,9,0.0,1,0,1,76621.49,Loyal,0
612.0,Spain,Female,36.0,5,119799.27,2,1,0,159416.58,Mid,0
691.0,Spain,Male,36.0,7,129934.64,1,0,0,75664.56,Loyal,1
710.0,Germany,Female,24.0,7,103099.17,2,1,0,173276.62,Loyal,0
637.0,Spain,Male,43.0,3,172196.23,1,1,1,104769.96,Mid,0
777.0,France,Female,53.0,10,0.0,2,1,0,189992.97,Loyal,0
663.0,Germany,Female,29.0,4,102714.65,2,0,0,21170.81,Mid,0
577.0,Spain,Female,33.0,6,0.0,2,1,0,57975.8,Loyal,0
604.0,Germany,Female,42.0,10,166031.45,1,1,0,98293.14,Loyal,0
674.0,Spain,Male,39.0,6,120193.42,1,0,0,100130.95,Loyal,0
626.0,France,Female,29.0,4,105767.28,2,0,0,41104.82,Mid,0
711.0,France,Female,28.0,8,0.0,2,0,0,105159.89,Loyal,0
454.0,Germany,Female,50.0,10,92895.56,1,1,0,154344.0,Loyal,1
707.0,France,Female,58.0,3,102346.86,1,1,1,114672.64,Mid,0
608.0,Germany,Female,40.0,8,121729.42,1,0,0,61164.45,Loyal,0
736.0,Germany,Female,25.0,9,81732.88,2,1,0,136497.28,Loyal,0
762.0,Germany,Male,46.0,6,123571.77,3,0,1,57014.17,Loyal,1
624.0,Germany,Female,27.0,7,104848.68,1,1,1,167387.36,Loyal,0
689.0,Spain,Male,38.0,2,0.0,1,1,1,82709.8,New,0
579.0,Germany,Male,40.0,10,45408.85,2,1,0,18732.91,Loyal,0
653.0,France,Male,34.0,5,118838.75,1,1,1,52820.13,Mid,0
646.0,Spain,Female,50.0,5,142644.64,2,1,1,142208.5,Mid,1
529.0,France,Female,29.0,8,0.0,2,1,0,19842.11,Loyal,0
633.0,France,Male,37.0,2,0.0,2,1,0,182258.17,New,0
608.0,Spain,Female,41.0,1,83807.86,1,0,1,112542.58,New,0
751.0,France,Female,30.0,6,0.0,2,1,0,15766.1,Loyal,0
468.0,France,Female,42.0,5,0.0,2,1,0,125305.34,Mid,0
636.0,France,Male,34.0,8,0.0,2,1,0,38570.13,Loyal,0
751.0,France,Female,39.0,3,0.0,2,1,1,84175.34,Mid,0
625.0,France,Male,37.0,1,177069.24,2,1,1,96088.54,New,0
645.0,Spain,Female,49.0,5,110132.55,3,0,1,187689.91,Mid,1
435.0,Germany,Male,37.0,8,114346.3,1,0,1,980.93,Loyal,1
619.0,Germany,Male,57.0,3,137946.39,1,1,1,72467.99,Mid,1
579.0,Spain,Male,33.0,1,0.0,2,1,1,54816.57,New,0
850.0,France,Male,30.0,10,153972.89,2,1,0,62811.03,Loyal,0
570.0,France,Male,39.0,10,129674.89,2,1,0,80552.36,Loyal,0
582.0,Spain,Male,33.0,6,0.0,2,0,1,72970.93,Loyal,0
608.0,France,Female,30.0,8,0.0,2,1,0,128875.86,Loyal,0
599.0,Spain,Female,28.0,4,126833.79,2,1,0,60843.09,Mid,1
644.0,France,Male,30.0,5,44928.88,1,1,1,10771.46,Mid,0
690.0,Spain,Female,48.0,2,0.0,2,1,1,3149.1,New,0
616.0,France,Male,37.0,5,144235.73,2,0,0,154957.66,Mid,1
501.0,France,Male,57.0,10,0.0,2,1,1,47847.19,Loyal,0
587.0,France,Male,33.0,5,100116.82,1,1,0,34215.58,Mid,0
598.0,Spain,Female,62.0,1,62979.93,1,1,1,152273.57,New,0
751.0,Spain,Male,33.0,4,79281.61,1,1,0,117547.76,Mid,0
605.0,Spain,Female,48.0,10,150315.92,1,0,1,133486.36,Loyal,0
414.0,France,Male,38.0,8,0.0,1,0,1,77661.12,Loyal,1
737.0,Germany,Male,50.0,4,127552.85,2,1,0,4225.11,Mid,0
521.0,France,Male,37.0,2,0.0,2,1,1,86372.24,New,0
696.0,France,Male,33.0,2,163139.27,1,1,1,7035.36,New,0
444.0,France,Male,34.0,2,144318.97,1,1,0,112668.06,New,0
604.0,Germany,Male,36.0,10,113546.3,1,1,1,134875.37,Loyal,0
745.0,France,Male,46.0,2,122220.19,1,1,1,118024.1,New,0
490.0,France,Female,40.0,1,0.0,1,1,1,49594.19,New,1
680.0,France,Male,44.0,3,0.0,2,1,0,86935.08,Mid,0
459.0,Germany,Male,50.0,5,109387.9,1,1,0,155721.15,Mid,0
626.0,Germany,Female,47.0,2,103108.8,1,0,1,166475.44,New,1
582.0,Spain,Female,46.0,8,67563.31,1,1,0,44506.09,Loyal,1
574.0,France,Female,39.0,5,119013.86,1,1,0,103421.91,Mid,0
621.0,France,Male,47.0,0,0.0,1,1,1,133831.37,New,1
707.0,France,Male,37.0,1,0.0,2,0,1,6035.51,New,0
567.0,Spain,Male,34.0,10,0.0,2,0,1,161571.79,Loyal,0
639.0,France,Male,38.0,3,0.0,1,1,0,42862.82,Mid,0
671.0,France,Female,42.0,6,0.0,2,1,0,197202.48,Loyal,0
445.0,Spain,Male,62.0,1,64119.38,1,1,1,76569.64,New,1
695.0,France,Male,45.0,9,43134.65,1,0,1,77330.35,Loyal,0
833.0,France,Male,30.0,1,0.0,2,1,0,141860.62,New,0
588.0,France,Female,27.0,8,0.0,1,1,0,20066.38,Loyal,0
776.0,Germany,Male,33.0,8,115130.34,1,0,0,129525.5,Loyal,1
685.0,Spain,Male,40.0,7,74896.92,1,1,0,198694.2,Loyal,0
693.0,France,Male,62.0,2,0.0,2,1,1,59864.96,New,0
652.0,France,Female,36.0,6,112518.71,2,0,1,110421.31,Loyal,0
686.0,France,Male,34.0,6,146178.13,2,1,1,88837.11,Loyal,0
672.0,Germany,Male,62.0,0,126061.51,2,1,1,184936.77,New,0
415.0,France,Male,46.0,9,134950.19,3,0,0,178587.36,Loyal,1
658.0,France,Female,32.0,9,0.0,2,1,0,156774.75,Loyal,0
640.0,France,Male,44.0,7,111833.47,1,1,0,67202.74,Loyal,0
769.0,France,Male,29.0,8,0.0,2,1,1,172290.61,Loyal,0
686.0,Germany,Female,56.0,5,111642.08,1,1,1,80553.87,Mid,0
850.0,Spain,Male,62.0,10,69608.14,1,1,0,97893.4,Loyal,1
611.0,France,Female,46.0,5,0.0,1,1,0,77677.14,Mid,1
491.0,France,Male,33.0,5,83134.3,1,1,0,187946.55,Mid,0
776.0,Spain,Male,35.0,8,106365.29,1,1,1,148527.56,Loyal,0
603.0,France,Male,43.0,5,127823.93,1,1,1,19483.35,Mid,0
662.0,France,Female,37.0,5,0.0,2,1,0,151871.84,Mid,0
643.0,Spain,Male,48.0,8,0.0,2,1,0,174729.3,Loyal,0
681.0,Germany,Male,37.0,8,73179.34,2,1,1,25292.53,Loyal,0
794.0,France,Male,46.0,6,0.0,2,1,0,195325.74,Loyal,0
846.0,Spain,Male,61.0,0,0.0,2,1,1,96202.44,New,0
693.0,Spain,Female,46.0,3,151709.33,1,1,0,180736.24,Mid,0
585.0,France,Male,54.0,8,87105.32,1,1,1,55346.14,Loyal,0
566.0,Germany,Female,35.0,1,123042.0,1,1,0,66245.44,New,1
622.0,Spain,Female,58.0,2,0.0,2,1,1,33277.31,New,0
718.0,Spain,Male,34.0,5,113922.44,2,1,0,30772.22,Mid,0
733.0,Germany,Male,40.0,5,125725.02,2,1,1,50783.1,Mid,0
748.0,France,Male,40.0,0,0.0,1,0,0,60416.76,New,0
811.0,France,Female,45.0,5,0.0,2,1,1,146123.19,Mid,0
650.0,Germany,Female,55.0,2,140891.46,3,1,1,179834.45,New,1
540.0,Spain,Female,40.0,8,0.0,2,1,0,3560.0,Loyal,0
639.0,France,Male,43.0,6,99610.92,2,1,0,187296.78,Loyal,0
732.0,Germany,Female,45.0,6,98792.4,1,1,0,81491.7,Loyal,1
823.0,France,Male,37.0,5,164858.18,1,1,1,173516.71,Mid,0
776.0,France,Female,31.0,5,0.0,2,1,0,92647.94,Mid,0
608.0,France,Male,59.0,1,0.0,1,1,0,70649.64,New,1
791.0,France,Female,52.0,7,0.0,1,1,1,122782.5,Loyal,0
688.0,France,Male,40.0,6,0.0,1,1,1,47886.44,Loyal,0
752.0,France,Male,38.0,0,145974.79,2,1,1,137694.23,New,0
667.0,France,Male,36.0,9,0.0,2,1,1,40062.29,Loyal,0
622.0,France,Female,31.0,1,89688.94,1,1,1,152305.47,New,0
653.0,France,Male,37.0,7,135847.47,1,1,0,144880.81,Loyal,0
609.0,Germany,Male,33.0,6,94126.67,1,0,0,93718.16,Loyal,0
602.0,Germany,Male,38.0,2,71667.97,2,0,0,137111.89,New,0
840.0,France,Female,43.0,7,0.0,2,1,0,90908.95,Loyal,0
568.0,Spain,Female,27.0,1,116320.68,1,0,1,45563.94,New,0
764.0,France,Male,24.0,7,98148.61,1,1,0,26843.76,Loyal,0
598.0,Spain,Female,23.0,6,0.0,2,1,0,153229.19,Loyal,0
543.0,Germany,Male,41.0,6,143350.41,1,1,1,192070.16,Loyal,1
840.0,Spain,Female,36.0,6,0.0,2,1,0,141364.27,Loyal,0
523.0,Spain,Male,32.0,4,0.0,2,1,0,167848.02,Mid,0
715.0,Germany,Female,34.0,9,102277.52,1,0,0,177852.57,Loyal,1
754.0,France,Male,38.0,2,0.0,2,1,0,180698.32,New,0
555.0,France,Male,37.0,9,124969.13,1,1,0,60194.05,Loyal,0
600.0,Germany,Male,43.0,8,133379.41,1,1,0,177378.66,Loyal,1
536.0,Spain,Male,40.0,9,0.0,2,1,1,11959.03,Loyal,0
581.0,Germany,Female,38.0,3,135157.05,1,1,1,32919.42,Mid,0
652.0,France,Female,40.0,4,79927.36,2,1,1,33524.6,Mid,0
768.0,Spain,Female,44.0,6,60603.4,1,1,1,178045.97,Loyal,0
659.0,France,Female,32.0,2,155584.21,1,0,1,153662.88,New,0
611.0,France,Female,40.0,8,100812.33,2,1,0,147358.27,Loyal,0
616.0,Spain,Female,44.0,7,193213.02,2,1,1,137392.77,Loyal,0
543.0,Spain,Male,41.0,5,0.0,2,0,1,143980.29,Mid,0
806.0,France,Female,32.0,3,63763.49,1,1,0,156593.09,Mid,0
637.0,Spain,Female,34.0,9,0.0,2,0,0,26057.08,Loyal,0
680.0,France,Male,44.0,7,108724.98,1,0,1,72330.46,Loyal,0
624.0,France,Female,38.0,3,0.0,2,1,1,163666.85,Mid,0
667.0,Germany,Male,55.0,9,154393.43,1,1,1,137674.96,Loyal,1
699.0,France,Male,35.0,5,0.0,2,1,1,78397.24,Mid,0
644.0,Spain,Female,26.0,4,153455.72,2,1,1,82696.84,Mid,0
521.0,Spain,Female,22.0,10,0.0,1,1,1,101311.95,Loyal,0
504.0,Germany,Male,56.0,9,104217.3,1,0,0,55857.48,Loyal,1
628.0,France,Male,36.0,3,0.0,2,1,1,8742.91,Mid,0
511.0,France,Male,45.0,5,68375.27,1,1,0,193160.25,Mid,1
595.0,Germany,Female,41.0,2,138878.81,1,0,1,112269.67,New,0
452.0,Germany,Male,33.0,7,153663.27,1,1,0,111868.23,Loyal,0
493.0,France,Male,38.0,3,134006.77,1,1,0,89578.32,Mid,0
538.0,France,Male,31.0,1,0.0,2,1,0,1375.46,New,0
652.0,Spain,Male,37.0,7,0.0,2,1,0,68789.93,Loyal,0
796.0,France,Male,51.0,6,0.0,2,0,1,194733.28,Loyal,0
698.0,France,Male,48.0,4,101238.24,2,0,1,177815.87,Mid,1
669.0,France,Female,33.0,9,0.0,2,0,1,107221.03,Loyal,0
707.0,Germany,Male,34.0,9,162691.16,2,1,0,94912.78,Loyal,0
608.0,Germany,Male,33.0,1,102772.67,2,1,0,70705.58,New,0
556.0,France,Male,26.0,4,0.0,1,1,0,195167.38,Mid,0
566.0,Germany,Male,54.0,4,118614.6,2,1,1,172601.62,Mid,0
563.0,France,Male,35.0,3,106250.72,1,0,0,39546.32,Mid,0
674.0,France,Male,45.0,7,144889.18,1,1,1,102591.9,Loyal,1
630.0,France,Male,37.0,6,0.0,2,1,1,82647.65,Loyal,0
682.0,Germany,Female,38.0,1,116520.28,1,1,1,49833.5,New,1
536.0,France,Female,61.0,8,65190.29,1,1,1,64308.49,Loyal,1
807.0,Spain,Male,42.0,5,0.0,2,1,1,74900.9,Mid,0
713.0,Spain,Female,26.0,4,122857.46,2,1,0,144682.17,Mid,1
823.0,Germany,Female,53.0,4,124954.94,1,0,1,131259.6,Mid,1
622.0,France,Female,30.0,2,158584.82,3,1,0,142342.55,New,1
688.0,Germany,Male,26.0,8,146133.39,1,1,1,175296.76,Loyal,0
570.0,France,Female,46.0,3,0.0,2,0,0,820.46,Mid,0
538.0,Spain,Female,42.0,9,0.0,1,0,0,152855.96,Loyal,0
719.0,France,Female,42.0,4,0.0,1,1,0,28465.86,Mid,1
531.0,Spain,Female,36.0,9,99240.51,1,1,0,123137.01,Loyal,0
736.0,France,Female,29.0,9,0.0,2,0,0,176152.7,Loyal,0
850.0,Germany,Male,31.0,4,146587.3,1,1,1,89874.82,Mid,0
623.0,Spain,Female,50.0,2,87116.71,1,1,1,104382.11,New,0
666.0,Spain,Male,35.0,2,104832.49,1,1,0,175015.12,New,0
673.0,France,Male,51.0,8,79563.36,2,1,1,172200.91,Loyal,0
654.0,France,Male,36.0,2,112262.84,1,1,0,12873.39,New,0
731.0,Spain,Male,25.0,8,96950.21,1,1,0,97877.92,Loyal,0
610.0,France,Female,45.0,1,0.0,2,1,1,199657.46,New,0
790.0,Spain,Male,46.0,8,182364.53,1,0,0,139266.48,Loyal,1
711.0,Germany,Female,45.0,1,97486.15,2,1,0,50610.62,New,0
766.0,Spain,Male,41.0,6,99208.46,2,1,0,62402.38,Loyal,0
639.0,Germany,Female,46.0,10,110031.09,2,1,1,133995.59,Loyal,0
700.0,Germany,Female,59.0,5,137648.41,1,1,0,142977.05,Mid,1
704.0,France,Male,42.0,8,129735.3,2,1,1,179565.57,Loyal,0
661.0,Spain,Female,35.0,5,128415.45,1,1,0,142626.49,Mid,0
698.0,France,Female,57.0,9,111359.55,2,1,0,105715.01,Loyal,0
611.0,France,Male,38.0,7,0.0,1,1,1,63202.0,Loyal,0
755.0,Germany,Male,40.0,2,137430.82,2,0,0,176768.59,New,0
706.0,Germany,Female,47.0,6,120621.89,1,1,1,140803.7,Loyal,0
718.0,France,Female,31.0,0,118100.59,2,1,0,103165.15,New,0
522.0,Germany,Male,25.0,1,111432.13,1,1,1,168683.57,New,0
792.0,France,Male,31.0,6,71269.89,2,0,1,125912.77,Loyal,0
726.0,Spain,Female,56.0,8,123110.9,3,0,1,130113.78,Loyal,1
597.0,Spain,Male,38.0,1,0.0,2,1,0,41303.29,New,0
691.0,France,Female,60.0,6,101070.69,1,1,0,177355.8,Loyal,1
624.0,Spain,Female,36.0,0,0.0,2,1,0,111605.9,New,0
548.0,France,Female,28.0,8,116755.5,2,1,1,158585.17,Loyal,1
537.0,Germany,Female,47.0,4,124192.28,2,1,1,50881.51,Mid,0
736.0,France,Female,42.0,7,117280.23,3,0,0,41921.06,Loyal,1
705.0,France,Male,25.0,0,97544.29,1,0,1,59887.15,New,0
519.0,France,Male,36.0,9,0.0,2,0,1,145562.4,Loyal,0
415.0,France,Male,32.0,5,145807.59,1,1,1,3064.65,Mid,0
722.0,France,Male,20.0,6,0.0,2,1,0,195486.28,Loyal,0
601.0,Germany,Male,48.0,9,163630.76,1,0,1,41816.49,Loyal,1
706.0,France,Female,35.0,8,178032.53,1,0,1,42181.68,Loyal,0
539.0,France,Male,37.0,2,127609.59,1,1,0,98646.22,New,0
625.0,France,Female,24.0,1,0.0,2,1,1,180969.55,New,0
706.0,France,Female,29.0,5,112564.62,1,1,0,42334.38,Mid,0
734.0,Spain,Female,37.0,0,152760.24,1,1,1,48990.5,New,0
663.0,France,Male,34.0,7,0.0,2,1,1,180427.24,Loyal,0
679.0,Germany,Female,37.0,8,77373.87,2,0,1,174873.09,Loyal,0
458.0,Germany,Female,28.0,2,171932.26,2,1,1,9578.24,New,0
711.0,France,Female,62.0,6,0.0,2,1,1,72276.24,Loyal,0
576.0,Germany,Male,28.0,1,119336.29,2,0,1,58976.85,New,0
713.0,Germany,Male,45.0,4,131038.14,1,1,0,74005.04,Mid,1
571.0,France,Female,33.0,9,102017.25,2,0,0,128600.49,Loyal,0
596.0,Germany,Male,34.0,4,99441.21,2,0,1,4802.27,Mid,0
761.0,France,Male,36.0,9,127637.92,1,1,1,81062.93,Loyal,0
663.0,France,Male,43.0,4,87624.03,2,1,0,149401.33,Mid,0
529.0,France,Male,30.0,2,116295.29,1,1,0,75285.47,New,0
554.0,France,Female,48.0,7,0.0,2,1,1,63708.07,Loyal,0
658.0,Spain,Male,50.0,2,0.0,2,1,0,52137.73,New,0
759.0,Spain,Female,62.0,6,128917.84,1,1,1,48244.64,Loyal,0
532.0,Germany,Male,24.0,8,142755.25,1,0,0,34231.48,Loyal,0
634.0,Spain,Male,52.0,1,0.0,2,1,1,176913.42,New,0
592.0,Germany,Female,26.0,4,105082.07,2,1,0,132801.57,Mid,0
752.0,Spain,Female,35.0,2,0.0,1,1,0,44335.54,New,1
693.0,France,Male,21.0,1,0.0,2,1,1,3494.02,New,0
800.0,France,Female,40.0,3,75893.11,2,1,0,132562.23,Mid,0
638.0,Spain,Male,30.0,9,136808.53,2,1,1,106642.97,Loyal,0
668.0,France,Female,31.0,9,0.0,2,0,0,41291.73,Loyal,0
451.0,France,Male,33.0,6,0.0,2,1,0,184954.11,Loyal,0
799.0,Spain,Female,28.0,3,142253.65,1,1,0,45042.56,Mid,0
850.0,France,Male,49.0,6,128663.9,1,1,0,65769.3,Loyal,1
657.0,France,Male,37.0,4,82500.28,1,1,1,115260.72,Mid,0
752.0,Germany,Male,29.0,4,129514.99,1,1,1,102930.46,Mid,0
654.0,Spain,Female,36.0,2,0.0,2,1,1,146652.11,New,0
453.0,France,Female,37.0,4,131834.76,2,1,0,8949.2,Mid,0
784.0,France,Male,31.0,7,0.0,2,1,1,143204.41,Loyal,0
663.0,Germany,Male,28.0,8,123674.28,2,1,1,87985.2,Loyal,0
556.0,France,Male,35.0,10,0.0,2,1,1,192751.18,Loyal,0
521.0,Germany,Female,29.0,2,87212.8,1,1,1,994.86,New,0
743.0,France,Female,46.0,9,0.0,1,1,0,113436.08,Loyal,0
552.0,Spain,Male,55.0,3,0.0,1,1,1,40333.94,Mid,0
707.0,France,Female,36.0,6,0.0,1,0,0,98810.78,Loyal,0
730.0,Germany,Male,45.0,6,152880.97,1,0,0,162478.11,Loyal,0
692.0,France,Male,27.0,1,125547.53,1,0,0,7900.46,New,0
635.0,France,Male,34.0,3,134692.4,2,1,1,83773.02,Mid,0
717.0,France,Female,62.0,9,138489.66,1,1,1,68400.14,Loyal,0
686.0,France,Male,38.0,6,149238.97,1,1,1,97825.23,Loyal,0
527.0,Spain,Female,29.0,2,27755.97,1,1,0,97468.44,New,1
597.0,Germany,Male,52.0,8,83693.34,2,1,1,161083.53,Loyal,0
606.0,Spain,Female,53.0,1,109330.06,1,1,1,75860.01,New,0
643.0,France,Male,34.0,7,0.0,2,0,1,100304.13,Loyal,0
730.0,Germany,Female,37.0,5,124053.03,1,1,0,118591.67,Mid,0
574.0,France,Female,39.0,2,122524.61,2,1,0,88463.63,New,0
524.0,France,Male,50.0,4,0.0,2,1,1,31840.59,Mid,1
622.0,France,Female,30.0,4,107879.04,1,0,1,196894.62,Mid,0
651.0,France,Male,35.0,7,74623.5,3,1,0,129451.29,Loyal,1
820.0,France,Female,29.0,3,82344.84,1,0,1,115985.38,Mid,0
843.0,France,Female,38.0,8,134887.53,1,1,1,10804.04,Loyal,0
487.0,France,Female,53.0,10,89550.85,1,0,1,90076.85,Loyal,0
502.0,France,Male,30.0,4,0.0,2,1,1,66263.87,Mid,0
629.0,France,Male,44.0,5,0.0,4,0,0,117572.59,Mid,1
595.0,France,Male,41.0,9,0.0,2,1,0,5967.09,Loyal,0
743.0,France,Female,62.0,6,0.0,2,0,1,107867.38,Loyal,0
611.0,France,Male,62.0,5,82547.11,2,1,1,146448.01,Mid,0
805.0,France,Male,46.0,6,118022.06,3,1,0,162643.15,Loyal,1
657.0,Spain,Male,41.0,8,109402.13,1,1,1,66463.62,Loyal,0
619.0,Spain,Female,38.0,10,119658.49,1,1,1,8646.58,Loyal,0
633.0,France,Male,40.0,4,150578.0,1,0,1,34670.62,Mid,1
746.0,France,Male,58.0,3,0.0,3,1,1,80344.96,Mid,1
834.0,France,Female,49.0,8,160602.25,2,1,0,129273.94,Loyal,0
729.0,Germany,Male,30.0,6,63669.42,1,1,0,145111.37,Loyal,0
595.0,Germany,Female,25.0,7,106570.34,2,0,1,177025.79,Loyal,0
625.0,France,Male,43.0,8,201696.07,1,1,0,133020.9,Loyal,1
685.0,Germany,Male,57.0,7,101868.51,1,0,1,113483.96,Loyal,0
739.0,France,Female,37.0,8,0.0,2,1,0,191557.1,Loyal,1
460.0,France,Female,27.0,7,0.0,2,1,0,156150.08,Loyal,1
842.0,France,Male,44.0,3,141252.18,4,0,1,128521.16,Mid,1
701.0,Germany,Male,41.0,9,164046.1,1,1,0,49405.93,Loyal,0
634.0,France,Female,37.0,7,51582.5,2,1,1,184312.88,Loyal,0
493.0,France,Female,33.0,8,90791.69,1,1,1,59659.53,Loyal,0
721.0,France,Male,41.0,2,0.0,2,1,0,168219.75,New,0
739.0,France,Male,29.0,1,0.0,2,1,1,164484.78,New,0
758.0,Spain,Male,56.0,1,0.0,2,1,1,10643.38,New,0
732.0,Germany,Female,42.0,2,118889.66,2,0,0,87422.15,New,0
719.0,France,Male,32.0,9,146605.27,1,1,1,77119.45,Loyal,0
850.0,Spain,Female,55.0,7,0.0,1,0,0,171762.87,Loyal,1
648.0,France,Male,34.0,0,0.0,1,1,1,167931.81,New,0
764.0,Spain,Female,48.0,1,75990.97,1,1,0,158323.81,New,1
568.0,France,Male,33.0,7,0.0,2,1,0,143450.61,Loyal,0
594.0,France,Male,40.0,9,122417.17,2,0,1,190882.69,Loyal,0
850.0,Spain,Male,34.0,8,199229.14,1,0,0,68106.29,Loyal,0
693.0,Germany,Female,37.0,6,95900.04,1,1,1,38196.24,Loyal,0
674.0,France,Male,37.0,3,0.0,1,1,0,158049.9,Mid,0
584.0,France,Male,26.0,4,0.0,2,1,0,147600.54,Mid,0
608.0,Spain,Female,35.0,6,0.0,2,1,1,143463.28,Loyal,0
718.0,France,Female,39.0,3,0.0,2,1,1,145355.11,Mid,0
586.0,France,Female,46.0,0,0.0,3,0,1,131553.82,New,1
713.0,France,Male,33.0,6,94598.48,1,0,0,197519.66,Loyal,1
724.0,France,Female,34.0,3,132352.69,1,1,0,80320.3,Mid,0
510.0,Germany,Male,31.0,0,113688.63,1,1,0,33099.41,New,1
520.0,France,Male,35.0,9,105387.89,1,1,1,25059.06,Loyal,0
733.0,Germany,Male,31.0,6,157791.07,2,0,0,177994.81,Loyal,0
522.0,Spain,Male,34.0,9,126436.29,1,1,0,174248.52,Loyal,1
552.0,Spain,Female,34.0,4,0.0,2,1,0,140286.69,Mid,0
619.0,France,Male,58.0,5,152199.33,1,1,1,86022.09,Mid,0
698.0,France,Male,31.0,1,156111.24,1,0,0,134790.74,New,0
699.0,France,Female,32.0,4,110559.46,1,1,1,127429.56,Mid,0
639.0,France,Female,35.0,1,103015.12,2,1,1,139094.12,New,0
693.0,France,Male,43.0,6,128760.32,1,1,0,36342.79,Loyal,0
683.0,France,Male,62.0,3,140997.26,1,0,1,52876.41,Mid,0
718.0,Spain,Female,39.0,2,0.0,1,1,1,52138.49,New,0
686.0,France,Male,38.0,0,138131.34,1,0,1,115927.85,New,0
567.0,Germany,Male,29.0,5,129750.68,1,1,0,109257.59,Mid,0
619.0,France,Female,30.0,7,70729.17,1,1,1,160948.87,Loyal,0
629.0,Germany,Male,40.0,2,121647.54,2,1,1,64849.74,New,1
790.0,Spain,Male,37.0,6,0.0,2,1,1,119484.01,Loyal,0
644.0,France,Female,37.0,8,0.0,2,1,0,20968.88,Loyal,0
706.0,Spain,Male,24.0,2,141078.57,1,1,1,24402.87,New,0
603.0,France,Male,31.0,1,129743.75,1,1,0,109145.2,New,0
770.0,France,Female,62.0,2,183555.24,1,0,0,159557.28,New,1
630.0,France,Male,42.0,6,0.0,2,1,0,162697.93,Loyal,0
765.0,France,Male,51.0,3,123372.3,1,1,1,115429.32,Mid,0
780.0,Spain,Male,47.0,7,86006.21,1,1,1,37973.13,Loyal,0
564.0,France,Female,53.0,2,45472.28,1,1,1,41055.71,New,1
480.0,Germany,Male,44.0,10,129608.57,1,1,0,5472.7,Loyal,1
701.0,Spain,Male,26.0,5,83600.24,1,0,1,59195.05,Mid,0
636.0,Germany,Male,30.0,8,141787.31,2,1,1,109685.61,Loyal,0
659.0,Spain,Male,31.0,7,149620.88,2,1,1,104533.51,Loyal,0
781.0,France,Male,29.0,9,0.0,2,0,0,172097.4,Loyal,0
656.0,France,Female,46.0,5,113402.14,2,1,1,138849.06,Mid,0
615.0,Spain,Male,32.0,5,138521.83,1,1,1,56897.1,Mid,0
577.0,Spain,Male,43.0,8,79757.21,1,1,0,135650.72,Loyal,1
812.0,France,Male,44.0,4,115049.15,2,1,0,165038.41,Mid,0
622.0,Germany,Male,42.0,9,115766.26,1,0,0,72155.85,Loyal,1
520.0,Germany,Male,61.0,8,133802.29,2,1,1,90304.01,Loyal,0
651.0,France,Male,34.0,4,91562.99,1,1,1,123954.15,Mid,0
472.0,Spain,Female,32.0,1,159397.75,1,0,1,57323.18,New,0
528.0,France,Female,26.0,10,102073.67,2,0,0,166799.93,Loyal,0
582.0,France,Male,20.0,4,0.0,1,1,1,55763.66,Mid,0
770.0,France,Female,37.0,9,0.0,2,0,0,22710.72,Loyal,0
693.0,France,Male,41.0,4,0.0,2,0,0,156381.47,Mid,0
850.0,France,Male,61.0,1,0.0,1,1,0,53067.83,New,1
578.0,Spain,Male,36.0,1,157267.95,2,1,0,141533.19,New,0
773.0,Spain,Male,43.0,7,138150.57,1,1,1,177357.16,Loyal,0
722.0,France,Male,37.0,2,0.0,1,0,0,120906.83,New,0
630.0,France,Female,40.0,0,118633.08,1,0,1,60032.46,New,1
733.0,Spain,Female,31.0,9,102289.85,1,1,1,115441.66,Loyal,0
652.0,Germany,Female,37.0,9,145219.3,1,1,0,159132.83,Loyal,0
553.0,Germany,Male,41.0,9,110112.54,2,0,0,81898.81,Loyal,0
742.0,France,Male,33.0,6,0.0,2,0,0,38550.4,Loyal,0
740.0,France,Female,37.0,7,0.0,2,1,1,194270.91,Loyal,0
811.0,France,Female,47.0,3,123365.34,2,0,0,171995.34,Mid,0
545.0,Spain,Female,33.0,7,173331.52,1,1,0,150452.88,Loyal,0
692.0,Germany,Female,41.0,8,130701.29,1,1,0,59354.24,Loyal,1
757.0,France,Male,29.0,8,130306.49,1,1,0,77469.38,Loyal,0
725.0,France,Female,29.0,6,0.0,2,1,1,190776.83,Loyal,0
712.0,Spain,Female,48.0,8,0.0,2,1,0,183235.33,Loyal,0
686.0,Spain,Male,39.0,10,136258.06,1,0,0,89199.51,Loyal,0
594.0,Germany,Male,40.0,0,152092.44,2,1,1,83508.93,New,0
693.0,Spain,Female,45.0,4,0.0,2,1,1,26589.56,Mid,0
742.0,France,Male,39.0,8,140004.96,1,1,1,92985.78,Loyal,0
793.0,Spain,Female,36.0,0,0.0,1,0,0,148993.47,New,0
600.0,France,Male,31.0,8,0.0,2,1,1,121555.51,Loyal,0
783.0,Germany,Female,42.0,2,139707.28,1,1,0,2150.22,New,0
511.0,Spain,Female,57.0,8,122950.31,1,1,1,181258.76,Loyal,0
628.0,Spain,Female,33.0,3,0.0,1,1,1,188193.25,Mid,0
579.0,Germany,Male,49.0,4,169377.31,1,1,1,123535.05,Mid,0
580.0,Spain,Female,62.0,1,0.0,2,0,1,103182.46,New,0
701.0,Spain,Male,59.0,7,0.0,2,0,1,27597.59,Loyal,0
511.0,France,Female,30.0,5,0.0,2,1,0,143994.86,Mid,0
461.0,Germany,Female,62.0,1,186445.31,2,1,1,196767.83,New,0
558.0,France,Male,32.0,5,73494.21,1,0,0,136301.1,Mid,0
778.0,Germany,Female,33.0,4,111063.73,2,1,0,83556.65,Mid,0
812.0,Germany,Male,25.0,5,54817.55,1,1,0,131660.31,Mid,0
850.0,France,Male,38.0,5,0.0,2,1,0,16491.64,Mid,0
612.0,France,Female,38.0,1,0.0,2,1,1,9209.21,New,0
662.0,France,Male,44.0,8,0.0,2,1,1,175314.87,Loyal,0
608.0,France,Male,37.0,5,146093.39,2,0,0,160593.41,Mid,0
625.0,France,Male,39.0,5,0.0,1,1,0,99800.87,Mid,0
572.0,France,Male,30.0,6,117696.67,1,1,0,100843.82,Loyal,0
559.0,France,Male,50.0,5,162702.35,1,0,0,150548.5,Mid,1
667.0,Germany,Female,56.0,8,137464.04,1,1,0,130846.79,Loyal,1
724.0,Germany,Male,41.0,2,127892.57,2,0,1,199645.45,New,0
503.0,France,Male,42.0,8,104430.08,1,1,1,147557.71,Loyal,0
728.0,Germany,Male,39.0,6,152182.83,1,0,0,161203.6,Loyal,0
850.0,France,Female,30.0,3,0.0,2,1,0,116692.8,Mid,0
588.0,Germany,Male,33.0,9,150186.22,2,1,1,65611.01,Loyal,0
711.0,France,Male,58.0,9,91285.13,2,1,1,26767.85,Loyal,0
468.0,Germany,Male,42.0,9,181627.14,2,1,0,172668.39,Loyal,0
635.0,France,Male,42.0,1,146766.72,2,0,1,164357.1,New,0
685.0,Spain,Female,30.0,2,0.0,3,1,1,172576.43,New,1
761.0,France,Male,31.0,7,0.0,3,1,1,166698.18,Loyal,0
721.0,France,Male,41.0,7,0.0,2,0,1,61018.85,Loyal,0
651.0,France,Male,35.0,0,181821.96,2,0,1,36923.67,New,1
635.0,Spain,Male,24.0,4,0.0,2,1,1,70668.77,Mid,0
632.0,France,Male,40.0,5,147650.68,1,1,1,199674.83,Mid,0
693.0,France,Female,43.0,4,152341.55,1,1,0,9241.78,Mid,0
754.0,Germany,Female,39.0,3,160761.41,1,1,1,24156.03,Mid,0
528.0,France,Male,31.0,6,102016.72,2,0,0,80181.12,Loyal,0
688.0,Germany,Female,40.0,8,150679.71,2,0,1,196226.38,Loyal,0
648.0,Spain,Female,56.0,6,157559.59,2,1,0,140991.23,Loyal,1
686.0,Spain,Male,22.0,8,0.0,2,0,0,142331.85,Loyal,0
699.0,France,Male,39.0,9,0.0,1,1,0,80963.92,Loyal,0
689.0,Spain,Male,38.0,5,75075.14,1,1,1,8651.92,Mid,1
668.0,Germany,Male,34.0,5,80242.37,2,0,0,56780.97,Mid,0
792.0,Spain,Female,40.0,7,0.0,1,1,0,141652.2,Loyal,0
785.0,Germany,Female,32.0,3,124493.03,2,0,1,52583.79,Mid,1
749.0,France,Male,40.0,1,139290.41,1,1,0,182855.42,New,1
743.0,France,Male,42.0,7,77002.2,2,1,1,80428.42,Loyal,0
763.0,Germany,Female,32.0,1,108465.65,2,1,0,60552.44,New,1
654.0,France,Male,42.0,7,99263.09,1,1,1,67607.9,Loyal,0
636.0,France,Female,39.0,3,118336.14,1,1,0,184691.77,Mid,0
848.0,Spain,Male,22.0,7,120811.89,1,1,1,185510.34,Loyal,0
697.0,France,Male,40.0,4,0.0,2,0,1,26543.28,Mid,0
820.0,Spain,Female,31.0,2,94222.53,1,1,0,103570.8,New,0
562.0,France,Female,57.0,3,0.0,3,1,0,6554.97,Mid,1
697.0,Germany,Male,43.0,8,103409.16,1,1,0,66893.28,Loyal,1
653.0,France,Male,46.0,0,119556.1,1,1,0,78250.13,New,1
576.0,Spain,Male,45.0,5,133618.01,1,0,0,135244.87,Mid,0
562.0,France,Female,51.0,7,122822.0,2,0,0,32626.21,Loyal,0
734.0,Spain,Female,39.0,3,92636.96,2,1,1,125671.29,Mid,0
519.0,France,Female,38.0,7,125328.56,1,1,0,188225.67,Loyal,0
516.0,France,Male,35.0,10,104088.59,2,0,0,119666.0,Loyal,0
644.0,Spain,Male,54.0,6,0.0,1,0,1,84622.37,Loyal,0
677.0,Spain,Female,34.0,4,0.0,2,1,1,6175.53,Mid,0
584.0,Spain,Female,59.0,1,0.0,1,0,1,130260.11,New,1
641.0,France,Male,57.0,5,0.0,2,1,1,122449.18,Mid,0
547.0,Germany,Male,49.0,8,121537.71,2,1,0,46521.45,Loyal,1
633.0,France,Female,26.0,8,124281.84,1,1,1,60116.57,Loyal,0
599.0,Germany,Male,33.0,2,51949.95,2,1,0,85045.92,New,0
570.0,Germany,Female,50.0,5,129293.74,1,1,0,177805.44,Mid,1
696.0,Germany,Male,38.0,6,142316.14,1,1,1,8018.49,Loyal,0
624.0,France,Male,62.0,7,0.0,2,1,1,108841.83,Loyal,0
679.0,Germany,Female,30.0,4,77949.69,1,1,1,121151.46,Mid,0
787.0,Spain,Male,39.0,10,108935.39,1,1,1,101168.3,Loyal,0
638.0,Germany,Female,37.0,7,124513.66,2,1,0,158610.89,Loyal,0
667.0,France,Male,24.0,4,0.0,2,0,0,180329.83,Mid,0
716.0,France,Male,41.0,9,0.0,1,1,1,113267.48,Loyal,0
732.0,France,Male,26.0,7,0.0,2,1,0,154364.66,Loyal,0
651.0,Spain,Male,23.0,4,115636.05,2,1,0,70400.86,Mid,0
528.0,Spain,Male,23.0,7,104744.89,1,1,0,170262.97,Loyal,0
811.0,France,Male,31.0,7,117799.28,1,1,1,182372.35,Loyal,0
653.0,France,Female,40.0,0,0.0,2,1,0,35795.85,New,0
769.0,France,Female,40.0,9,133871.05,1,1,1,50568.02,Loyal,0
801.0,France,Male,42.0,6,0.0,2,1,1,95804.33,Loyal,0
620.0,France,Female,42.0,1,0.0,2,0,1,65565.92,New,0
681.0,France,Male,38.0,6,153722.47,1,1,0,101319.76,Loyal,0
663.0,France,Male,26.0,5,141462.13,1,1,0,440.2,Mid,0
546.0,Germany,Female,58.0,3,106458.31,4,1,0,128881.87,Mid,1
689.0,Spain,Female,40.0,5,154251.67,1,0,1,118319.5,Mid,0
646.0,Germany,Female,35.0,1,121952.75,2,1,1,142839.82,New,0
850.0,Germany,Male,28.0,4,147972.19,1,1,0,60708.72,Mid,1
470.0,France,Male,35.0,1,96473.59,1,0,0,5962.3,New,0
675.0,Spain,Male,62.0,5,115654.47,2,1,1,131970.86,Mid,0
750.0,Spain,Female,38.0,7,97257.41,2,0,1,179883.04,Loyal,0
756.0,Germany,Female,60.0,3,115924.89,1,1,0,93524.19,Mid,1
659.0,Spain,Male,62.0,2,151675.65,1,0,1,49978.67,New,0
664.0,France,Female,36.0,0,103502.22,1,1,1,146191.82,New,0
844.0,France,Female,41.0,10,76319.64,1,1,1,141175.18,Loyal,1
771.0,Spain,Female,47.0,3,72664.0,2,1,1,107874.39,Mid,0
698.0,Spain,Female,47.0,6,0.0,1,1,0,50213.81,Loyal,1
640.0,Spain,Male,29.0,5,197200.04,2,1,0,141453.62,Mid,0
521.0,France,Male,37.0,5,105843.26,2,1,1,84908.2,Mid,0
714.0,Germany,Female,45.0,9,106431.97,2,1,1,164117.69,Loyal,0
741.0,Spain,Male,40.0,4,104784.23,1,1,0,135163.76,Mid,1
740.0,France,Female,37.0,5,0.0,2,1,1,27528.4,Mid,0
570.0,France,Male,37.0,6,0.0,1,1,1,187758.5,Loyal,0
554.0,Germany,Female,43.0,2,120847.11,1,1,0,7611.61,New,1
687.0,Spain,Female,39.0,2,0.0,3,0,0,188150.6,New,1
698.0,France,Male,38.0,2,130015.24,1,1,1,41595.3,New,0
752.0,France,Female,30.0,3,0.0,2,1,1,104991.28,Mid,0
850.0,France,Male,47.0,6,0.0,1,1,0,187391.02,Loyal,1
683.0,France,Male,30.0,8,110829.52,2,0,0,24938.84,Loyal,0
672.0,France,Female,45.0,9,0.0,1,1,1,92027.69,Loyal,1
480.0,Spain,Male,39.0,5,121626.9,1,1,1,82438.13,Mid,0
714.0,Spain,Male,27.0,3,0.0,3,1,1,129130.09,Mid,0
703.0,Spain,Male,58.0,4,92930.92,1,0,1,85148.78,Mid,0
663.0,Spain,Male,35.0,5,0.0,2,1,1,62634.94,Mid,0
553.0,Spain,Male,41.0,6,144974.55,1,1,1,19344.92,Loyal,0
579.0,France,Female,26.0,10,162482.76,1,1,1,18458.2,Loyal,0
584.0,Germany,Female,31.0,6,152622.34,1,1,0,99298.8,Loyal,0
738.0,Spain,Male,36.0,5,0.0,2,1,1,96881.32,Mid,0
667.0,France,Male,40.0,9,0.0,1,1,1,96670.2,Loyal,0
646.0,Germany,Female,30.0,10,100548.67,2,0,0,136983.77,Loyal,0
601.0,Germany,Female,26.0,7,105514.69,2,1,0,50070.59,Loyal,0
727.0,Germany,Male,45.0,6,114422.85,2,1,1,104678.78,Loyal,1
585.0,Spain,Female,33.0,8,0.0,2,1,0,114182.07,Loyal,0
705.0,France,Male,61.0,4,0.0,2,1,1,191313.7,Mid,0
584.0,France,Male,35.0,3,146311.58,1,1,1,105443.47,Mid,0
647.0,Spain,Male,28.0,6,149594.02,2,1,0,102325.19,Loyal,0
680.0,Spain,Female,30.0,3,0.0,1,1,0,160131.58,Mid,0
554.0,France,Female,35.0,8,0.0,2,1,1,176779.46,Loyal,0
799.0,Germany,Male,28.0,7,167658.33,2,1,1,111138.25,Loyal,0
748.0,France,Male,34.0,5,84009.47,1,1,1,137001.1,Mid,0
570.0,France,Female,18.0,4,82767.42,1,1,0,71811.9,Mid,0
625.0,France,Female,45.0,3,0.0,1,1,1,184474.15,Mid,1
624.0,France,Male,36.0,6,0.0,2,0,0,84635.64,Loyal,0
551.0,France,Male,35.0,7,129717.3,2,0,0,86937.2,Loyal,0
514.0,Spain,Male,62.0,9,0.0,2,1,1,14234.31,Loyal,0
608.0,Germany,Male,28.0,4,96679.71,1,1,1,49133.45,Mid,0
774.0,France,Female,28.0,1,71264.02,2,0,1,68759.57,New,0
516.0,France,Female,33.0,7,127305.5,1,1,1,120037.36,Loyal,0
670.0,France,Female,54.0,2,95507.12,1,1,1,63213.31,New,0
578.0,Germany,Female,36.0,8,129745.1,1,1,1,143683.75,Loyal,0
807.0,France,Female,47.0,9,167664.83,1,0,0,125440.11,Loyal,1
756.0,France,Male,34.0,1,103133.26,1,1,1,90059.04,New,0
768.0,France,Male,54.0,8,69712.74,1,1,1,69381.05,Loyal,0
678.0,France,Female,49.0,3,204510.94,1,0,1,738.88,Mid,1
590.0,France,Female,45.0,2,81828.22,1,1,0,52167.97,New,0
762.0,Spain,Female,43.0,5,134204.67,1,1,1,139971.01,Mid,0
625.0,Spain,Female,31.0,8,0.0,2,1,0,151843.54,Loyal,0
585.0,France,Female,38.0,5,0.0,1,1,1,87363.56,Mid,0
743.0,Spain,Female,48.0,5,118207.69,2,0,0,186489.14,Mid,1
673.0,France,Male,30.0,1,64097.75,1,1,1,77783.35,New,0
587.0,Spain,Male,42.0,5,120233.83,1,1,0,194890.33,Mid,0
507.0,France,Female,35.0,2,0.0,2,1,0,97633.93,New,0
724.0,France,Male,28.0,9,0.0,2,1,1,100240.2,Loyal,0
723.0,Germany,Female,47.0,10,90450.0,2,0,0,103379.31,Loyal,1
640.0,Germany,Male,39.0,9,131607.28,4,0,1,6981.43,Loyal,1
555.0,France,Female,26.0,7,0.0,2,1,0,93122.41,Loyal,0
544.0,France,Male,23.0,1,96471.2,1,1,0,35550.97,New,0
752.0,Spain,Male,44.0,6,83870.33,1,1,0,178722.24,Loyal,0
718.0,Germany,Female,39.0,7,93148.74,2,1,1,190746.38,Loyal,0
814.0,France,Male,31.0,1,118870.92,1,1,0,101704.19,New,0
802.0,Spain,Male,40.0,4,0.0,2,1,1,81908.09,Mid,0
585.0,Spain,Male,45.0,0,0.0,2,0,0,189683.7,New,0
705.0,Spain,Female,39.0,8,144102.32,1,1,1,11682.36,Loyal,0
673.0,Germany,Male,47.0,1,183579.54,2,0,1,34047.54,New,0
613.0,Spain,Male,39.0,8,118201.41,1,1,0,23315.59,Loyal,0
603.0,Spain,Female,56.0,5,90778.76,2,1,0,162223.67,Mid,1
833.0,France,Female,34.0,3,144751.81,1,0,0,166472.81,Mid,0
765.0,Germany,Male,37.0,7,102708.77,1,1,0,9087.81,Loyal,0
751.0,Germany,Female,51.0,7,148074.79,1,1,0,146411.41,Loyal,1
578.0,France,Male,45.0,1,148600.91,1,1,0,143397.14,New,1
714.0,Spain,Male,29.0,4,0.0,2,1,1,37605.9,Mid,0
809.0,Spain,Female,33.0,3,0.0,2,0,1,141426.78,Mid,0
850.0,Germany,Female,40.0,4,97990.49,2,0,0,106691.02,Mid,0
616.0,Germany,Female,45.0,4,122793.96,1,1,1,62002.04,Mid,0
850.0,Germany,Female,33.0,2,83415.04,1,0,1,74917.64,New,0
726.0,France,Female,31.0,9,114722.05,2,1,1,98178.57,Loyal,0
850.0,Spain,Male,22.0,3,0.0,1,1,1,144385.54,Mid,0
667.0,France,Female,48.0,2,0.0,2,1,1,148608.39,New,0
749.0,Spain,Female,28.0,3,0.0,1,1,0,3408.7,Mid,0
649.0,Spain,Male,29.0,2,45022.23,1,1,1,173495.77,New,0
725.0,France,Female,44.0,10,0.0,1,0,1,93777.61,Loyal,0
762.0,Germany,Female,34.0,8,98592.88,1,0,1,191790.29,Loyal,1
659.0,Germany,Male,39.0,8,52106.33,2,1,1,107964.36,Loyal,0
485.0,France,Male,37.0,5,0.0,2,0,1,170226.47,Mid,0
553.0,Germany,Male,53.0,5,127997.83,1,1,0,165378.66,Mid,1
763.0,Germany,Male,31.0,7,143966.3,2,1,1,140262.96,Loyal,1
640.0,Germany,Female,31.0,10,118613.34,1,1,0,168469.65,Loyal,0
681.0,Spain,Male,30.0,2,111093.01,1,1,0,68985.99,New,0
546.0,France,Male,28.0,8,0.0,1,1,0,159254.29,Loyal,0
710.0,Germany,Male,43.0,2,140080.32,3,1,1,157908.19,New,1
655.0,France,Male,28.0,10,0.0,2,0,1,126565.21,Loyal,0
434.0,Germany,Male,62.0,9,119496.87,1,1,0,125848.88,Loyal,0
598.0,France,Female,62.0,9,0.0,1,0,1,13181.37,Loyal,1
739.0,Spain,Male,38.0,0,128366.44,1,1,0,12796.43,New,0
611.0,France,Male,53.0,3,83568.26,1,0,0,1235.49,Mid,0
679.0,France,Female,33.0,9,112528.65,2,1,0,177362.45,Loyal,0
593.0,Spain,Male,26.0,9,76226.9,1,1,0,167564.82,Loyal,0
683.0,Spain,Male,29.0,0,133702.89,1,1,0,55582.54,New,1
643.0,Spain,Female,34.0,8,117451.47,1,1,0,65374.86,Loyal,0
796.0,Germany,Female,40.0,1,99745.95,1,1,0,177524.19,New,0
527.0,France,Male,47.0,1,0.0,1,1,0,21312.16,New,1
655.0,France,Male,37.0,5,93147.0,2,1,0,66214.13,Mid,0
580.0,France,Female,62.0,9,106804.26,3,1,0,107890.69,Loyal,1
571.0,Spain,Female,31.0,3,0.0,2,1,1,194667.92,Mid,0
624.0,Germany,Female,45.0,5,151855.33,1,1,0,68794.15,Mid,0
648.0,France,Female,19.0,1,0.0,2,0,1,22101.86,New,0
613.0,Germany,Male,33.0,3,155736.42,2,1,1,57751.21,Mid,0
761.0,Spain,Male,27.0,8,0.0,2,1,0,63297.7,Loyal,0
669.0,France,Female,38.0,8,0.0,2,1,0,84049.16,Loyal,0
669.0,Spain,Male,29.0,9,0.0,1,1,1,93901.61,Loyal,0
677.0,France,Female,62.0,8,0.0,2,1,1,153604.44,Loyal,0
625.0,Germany,Male,56.0,0,148507.24,1,1,0,46824.08,New,1
594.0,Spain,Female,38.0,7,96858.35,1,1,0,77511.45,Loyal,0
800.0,France,Female,40.0,5,97764.41,1,1,0,98640.15,Mid,1
543.0,Spain,Male,23.0,5,0.0,2,1,0,117832.39,Mid,0
737.0,Germany,Female,22.0,10,111543.26,2,0,0,106327.85,Loyal,0
671.0,Germany,Male,28.0,8,119859.52,2,1,0,125422.66,Loyal,0
699.0,France,Male,39.0,2,109724.38,1,1,1,180022.39,New,0
746.0,Germany,Female,33.0,2,107868.14,2,1,1,146192.4,New,0
803.0,France,Male,31.0,9,157120.86,2,1,0,141300.53,Loyal,0
632.0,Germany,Female,38.0,6,86569.76,2,1,0,98090.91,Loyal,0
709.0,Germany,Male,23.0,8,73314.04,2,1,0,63446.47,Loyal,0
625.0,France,Female,40.0,7,141267.67,1,0,1,177397.49,Loyal,0
697.0,Germany,Female,62.0,3,108071.36,2,1,1,16445.79,Mid,0
670.0,France,Male,37.0,4,170557.91,2,1,0,198252.88,Mid,0
850.0,Germany,Female,62.0,0,127120.62,1,0,1,118929.64,New,1
646.0,France,Female,34.0,3,131283.11,1,0,0,130500.65,Mid,0
431.0,Germany,Female,44.0,2,138843.7,1,1,0,37688.31,New,1
501.0,France,Female,34.0,5,0.0,1,1,0,27380.99,Mid,0
619.0,France,Female,42.0,2,0.0,1,1,1,101348.88,New,1
753.0,Germany,Female,46.0,3,111512.75,3,1,0,159576.75,Mid,1
772.0,France,Male,43.0,6,0.0,2,1,1,57675.88,Loyal,0
767.0,France,Male,36.0,3,0.0,1,0,0,65147.27,Mid,0
707.0,Germany,Female,51.0,10,98438.23,1,0,0,70778.63,Loyal,1
567.0,France,Male,38.0,6,127678.8,2,0,0,45422.89,Loyal,0
427.0,Spain,Female,39.0,9,0.0,2,1,0,28368.37,Loyal,0
755.0,France,Female,43.0,9,0.0,2,1,0,18066.69,Loyal,0
615.0,France,Male,34.0,1,83503.11,2,1,1,73124.53,New,1
770.0,Spain,Male,46.0,9,190678.02,1,1,1,14725.36,Loyal,0
640.0,Spain,Female,46.0,3,0.0,1,1,1,156260.08,Mid,0
802.0,Spain,Male,41.0,5,0.0,2,1,1,134626.3,Mid,0
606.0,Germany,Male,38.0,3,99897.53,1,0,0,37054.65,Mid,0
783.0,Germany,Female,41.0,5,106640.5,1,1,0,176945.96,Mid,0
763.0,France,Female,38.0,0,152582.2,2,0,0,31892.82,New,0
617.0,France,Female,28.0,0,0.0,2,1,1,7597.83,New,1
705.0,France,Male,38.0,1,189443.72,1,0,1,106648.58,New,0
604.0,Spain,Male,40.0,5,155455.43,1,0,1,113581.85,Mid,0
577.0,France,Female,32.0,1,0.0,2,1,0,9902.39,New,0
696.0,Germany,Male,30.0,4,114027.7,1,1,1,193716.56,Mid,0
721.0,France,Male,40.0,9,118129.87,1,1,1,160277.65,Loyal,0
547.0,France,Female,48.0,1,179380.74,2,0,1,69263.1,New,0
616.0,Germany,Female,43.0,7,95984.21,1,0,1,115262.54,Loyal,1
765.0,Germany,Male,43.0,4,148962.76,1,0,1,173878.87,Mid,1
584.0,Germany,Male,47.0,7,130538.77,1,1,0,92915.84,Loyal,0
680.0,France,Female,43.0,4,0.0,2,1,1,58761.33,Mid,0
711.0,France,Male,52.0,5,0.0,1,1,1,159808.95,Mid,0
710.0,Germany,Female,46.0,10,120530.34,1,1,0,166586.99,Loyal,1
730.0,France,Male,33.0,0,0.0,2,1,0,1474.79,New,0
691.0,Germany,Male,27.0,3,160358.68,2,1,0,142367.72,Mid,0
501.0,Germany,Male,38.0,9,88977.39,2,0,1,133403.07,Loyal,0
634.0,Spain,Male,62.0,10,0.0,2,1,0,30772.86,Loyal,1
574.0,France,Male,41.0,1,0.0,2,0,0,70550.0,New,0
645.0,France,Female,55.0,7,0.0,2,1,1,18369.33,Loyal,0
701.0,France,Male,37.0,1,0.0,2,1,0,163457.55,New,0
662.0,Spain,Male,33.0,3,0.0,2,0,1,68064.83,Mid,0
753.0,France,Female,40.0,0,3768.69,2,1,0,177065.24,New,1
613.0,Germany,Female,50.0,5,101242.98,2,1,0,12493.61,Mid,0
666.0,France,Female,40.0,2,0.0,2,0,0,36371.27,New,0
554.0,Spain,Female,34.0,8,0.0,1,0,1,106981.03,Loyal,0
710.0,Spain,Male,35.0,1,106518.52,1,1,1,127951.81,New,0
704.0,Spain,Male,37.0,4,0.0,2,0,0,25684.93,Mid,0
684.0,France,Male,35.0,6,135871.5,1,1,1,87219.41,Loyal,0
752.0,France,Female,36.0,2,119912.46,1,1,0,124354.92,New,0
683.0,France,Female,29.0,0,157829.12,1,0,0,129891.66,New,0
571.0,France,Female,53.0,2,0.0,2,1,0,28045.77,New,0
666.0,Germany,Male,62.0,7,105102.5,1,1,1,46172.47,Loyal,0
774.0,France,Male,26.0,2,93844.69,1,1,0,28415.36,New,0
724.0,France,Male,34.0,2,154485.74,2,0,0,78560.64,New,0
491.0,France,Female,36.0,0,53369.13,1,1,1,103934.12,New,0
614.0,France,Male,51.0,4,40685.92,1,1,1,46775.28,Mid,0
507.0,France,Female,35.0,1,0.0,2,0,0,92131.54,New,0
850.0,France,Male,55.0,6,0.0,1,1,0,944.41,Loyal,1
671.0,Germany,Male,35.0,1,144848.74,1,1,1,179012.3,New,0
613.0,Spain,Male,30.0,9,111927.45,1,1,1,175795.87,Loyal,0
593.0,Germany,Female,38.0,5,85626.6,1,1,1,125079.65,Mid,0
683.0,Spain,Male,40.0,4,95053.1,1,1,1,116816.54,Mid,1
772.0,Spain,Male,41.0,10,96032.22,1,1,1,75825.57,Loyal,0
801.0,France,Male,38.0,5,0.0,2,1,0,66256.27,Mid,0
683.0,France,Male,39.0,4,0.0,2,1,0,171716.81,Mid,0
679.0,France,Male,29.0,3,0.0,2,1,1,63687.06,Mid,0
563.0,Spain,Male,24.0,7,0.0,2,0,0,16319.56,Loyal,0
445.0,Germany,Female,61.0,2,137655.31,1,0,1,29909.84,New,0
499.0,France,Female,46.0,6,0.0,2,1,0,73457.55,Loyal,0
633.0,Spain,Male,32.0,5,163340.12,2,1,1,74415.2,Mid,0
525.0,Spain,Female,47.0,6,118560.0,1,1,0,82522.61,Loyal,1
557.0,Spain,Male,42.0,4,0.0,2,0,1,86642.38,Mid,0
837.0,Germany,Male,35.0,0,144037.6,1,1,0,145325.32,New,0
803.0,Germany,Female,50.0,8,98173.02,1,0,0,22457.25,Loyal,1
587.0,France,Male,42.0,1,0.0,1,0,0,123006.91,New,0
721.0,France,Female,37.0,1,0.0,2,1,0,70810.8,New,0
572.0,Germany,Male,26.0,4,118287.01,2,0,0,60427.3,Mid,0
590.0,France,Female,29.0,4,0.0,2,1,0,121846.81,Mid,0
619.0,Spain,Female,32.0,4,175406.13,2,1,1,172792.43,Mid,1
812.0,France,Male,32.0,5,133050.97,2,1,0,89385.92,Mid,0
823.0,France,Male,38.0,1,0.0,2,1,0,156603.7,New,0
649.0,Germany,Male,40.0,4,95001.33,1,0,1,123202.99,Mid,0
559.0,France,Male,32.0,9,145303.52,1,1,0,103560.98,Loyal,0
731.0,France,Female,41.0,9,152243.57,1,1,1,88783.59,Loyal,0
644.0,France,Male,31.0,5,0.0,2,1,1,41872.17,Mid,0
684.0,Spain,Female,39.0,4,139723.9,1,1,1,120612.11,Mid,0
677.0,France,Female,37.0,3,0.0,2,1,1,38252.25,Mid,0
591.0,France,Female,42.0,10,0.0,2,0,0,171099.22,Loyal,0
771.0,Germany,Female,36.0,5,77846.9,1,0,0,99805.99,Mid,0
788.0,Spain,Male,36.0,10,109632.85,1,1,1,16149.13,Loyal,0
629.0,France,Male,32.0,2,0.0,2,0,1,77965.44,New,0
521.0,France,Female,41.0,2,0.0,2,1,1,113089.43,New,0
467.0,Spain,Male,39.0,5,0.0,2,1,1,7415.96,Mid,0
813.0,France,Female,62.0,10,64667.95,2,0,1,140454.14,Loyal,0
593.0,France,Female,39.0,0,117704.73,1,1,0,197933.5,New,0
596.0,Spain,Male,29.0,2,0.0,2,1,1,1591.19,New,0
623.0,Spain,Male,41.0,2,142412.13,1,1,0,28778.98,New,0
703.0,Spain,Male,29.0,9,0.0,2,1,0,50679.48,Loyal,0
634.0,Spain,Female,36.0,1,0.0,1,1,1,143960.72,New,0
555.0,Spain,Female,24.0,2,0.0,2,0,1,197866.55,New,0
747.0,France,Male,43.0,1,130788.71,1,0,1,101495.0,New,1
628.0,Germany,Female,36.0,3,91286.51,1,1,0,63085.94,Mid,0
591.0,France,Female,33.0,4,113743.37,1,1,0,124625.08,Mid,0
561.0,France,Female,49.0,8,0.0,2,1,1,12513.07,Loyal,0
834.0,Spain,Male,40.0,7,0.0,2,0,0,45038.74,Loyal,0
632.0,Spain,Male,31.0,3,136556.44,1,1,0,82152.83,Mid,1
592.0,France,Female,34.0,9,0.0,2,1,1,20460.2,Loyal,0
538.0,Spain,Male,40.0,8,0.0,2,1,1,25554.4,Loyal,0
586.0,France,Male,27.0,5,130231.8,2,1,1,192427.16,Mid,0
637.0,France,Female,62.0,5,0.0,1,1,0,28092.77,Mid,1
779.0,France,Female,26.0,0,0.0,2,0,1,111906.0,New,0
663.0,France,Female,33.0,2,0.0,2,1,0,153295.0,New,0
547.0,Spain,Female,31.0,9,0.0,2,0,0,99294.22,Loyal,0
816.0,Germany,Female,38.0,5,130878.75,3,1,0,71905.77,Mid,1
595.0,Spain,Female,23.0,10,101126.66,2,0,0,37042.8,Loyal,0
654.0,France,Female,40.0,3,0.0,2,1,0,167889.1,Mid,0
799.0,France,Male,62.0,8,70416.75,1,1,1,36483.52,Loyal,0
589.0,France,Female,37.0,6,138497.84,1,0,1,18988.58,Loyal,0
683.0,Germany,Female,35.0,5,95698.79,1,0,1,182566.76,Mid,0
551.0,France,Male,31.0,1,0.0,2,1,1,185105.44,New,0
542.0,France,Male,38.0,8,65942.26,1,1,1,68093.23,Loyal,1
641.0,Germany,Female,37.0,7,62974.64,2,0,1,39016.43,Loyal,0
600.0,Germany,Female,39.0,7,88477.36,2,1,0,58632.37,Loyal,0
430.0,France,Female,33.0,8,0.0,1,1,1,69759.91,Loyal,0
785.0,Spain,Female,31.0,2,121691.54,2,0,0,81778.72,New,0
824.0,Germany,Male,62.0,3,27517.15,2,0,1,2746.41,Mid,0
711.0,France,Male,38.0,3,0.0,2,1,0,68487.51,Mid,0
632.0,France,Female,28.0,5,118890.81,1,0,1,145157.97,Mid,0
481.0,France,Male,37.0,8,152303.66,2,1,1,175082.2,Loyal,0
672.0,Germany,Female,21.0,1,35741.69,1,1,0,28789.94,New,0
534.0,France,Female,49.0,7,0.0,1,1,0,13566.48,Loyal,1
785.0,Spain,Male,41.0,7,0.0,2,1,1,199108.88,Loyal,0
666.0,France,Female,27.0,4,0.0,2,0,0,88751.45,Mid,0
645.0,Germany,Male,47.0,9,152076.93,1,1,0,121840.2,Loyal,1
720.0,France,Female,43.0,6,137824.03,2,1,0,172557.77,Loyal,0
748.0,France,Male,44.0,4,112610.77,1,0,1,2048.55,Mid,0
637.0,France,Male,36.0,2,152606.82,1,1,1,71692.8,New,0
682.0,France,Male,48.0,1,138778.15,1,0,1,168840.23,New,0
635.0,Germany,Male,37.0,5,113488.68,1,1,0,95611.74,Mid,1
633.0,France,Female,39.0,9,129189.15,2,0,0,170998.83,Loyal,0
705.0,France,Male,32.0,7,0.0,2,1,0,7921.57,Loyal,0
430.0,France,Female,60.0,7,73937.02,1,1,0,161937.62,Loyal,1
695.0,Germany,Male,52.0,8,103023.26,1,1,1,22485.64,Loyal,0
718.0,France,Female,35.0,2,167924.95,1,1,0,43024.64,New,0
602.0,France,Female,56.0,3,115895.22,3,1,0,4176.17,Mid,1
602.0,Germany,Male,32.0,7,184715.86,2,1,0,113781.99,Loyal,0
465.0,Germany,Male,24.0,6,156007.09,1,1,0,191368.37,Loyal,0
529.0,Spain,Female,43.0,5,0.0,2,0,0,79476.63,Mid,0
600.0,France,Male,32.0,1,0.0,1,1,1,101986.16,New,0
477.0,Germany,Female,36.0,3,117700.86,1,0,0,74042.0,Mid,0
754.0,Spain,Male,35.0,4,0.0,2,1,1,9658.41,Mid,0
641.0,Germany,Male,42.0,3,121765.37,2,1,1,166516.84,Mid,0
715.0,France,Male,21.0,6,76467.16,1,1,1,173511.72,Loyal,0
457.0,France,Male,40.0,10,134320.23,2,1,0,150757.35,Loyal,0
581.0,Germany,Female,43.0,5,93259.57,3,1,0,141035.65,Mid,1
801.0,Spain,Female,46.0,6,0.0,2,1,1,170008.74,Loyal,0
615.0,Germany,Male,24.0,8,108528.07,2,0,0,179488.41,Loyal,1
655.0,France,Female,60.0,3,0.0,2,1,1,86981.45,Mid,0
631.0,France,Female,22.0,3,0.0,2,0,0,30781.77,Mid,0
597.0,France,Female,28.0,0,142705.95,1,1,0,127233.39,New,0
660.0,Germany,Male,28.0,1,118402.25,2,1,0,14288.93,New,0
701.0,France,Female,39.0,9,0.0,2,0,1,145894.9,Loyal,0
561.0,Germany,Female,45.0,2,168085.38,2,0,1,115719.08,New,0
653.0,France,Female,42.0,1,0.0,2,1,1,5768.32,New,0
677.0,Spain,Female,43.0,3,133214.88,2,1,1,95936.84,Mid,0
820.0,Spain,Male,34.0,10,97208.46,1,1,1,59553.34,Loyal,0
383.0,Spain,Male,42.0,6,93608.28,1,1,0,168816.73,Loyal,1
540.0,Spain,Male,37.0,0,120825.7,1,1,0,28257.89,New,0
826.0,France,Male,55.0,4,115285.85,1,1,0,140126.17,Mid,0
699.0,France,Male,37.0,10,0.0,2,0,0,83263.04,Loyal,0
599.0,Germany,Male,38.0,9,89111.63,1,0,0,157239.6,Loyal,0
632.0,France,Female,34.0,2,0.0,2,0,0,165385.55,New,0
682.0,Germany,Female,35.0,2,117438.92,2,1,1,16910.98,New,0
850.0,Germany,Female,62.0,1,96947.58,3,1,0,62282.99,New,1
849.0,France,Male,27.0,0,0.0,2,0,1,157891.86,New,0
512.0,France,Female,37.0,1,0.0,2,0,1,156105.03,New,0
787.0,Germany,Female,38.0,3,158373.23,1,1,1,28228.35,Mid,0
582.0,France,Female,40.0,9,0.0,3,1,1,60954.45,Loyal,0
749.0,Spain,Male,42.0,9,222267.63,1,0,0,101108.85,Loyal,1
586.0,Spain,Female,28.0,2,0.0,2,1,1,92067.35,New,0
627.0,France,Female,27.0,2,0.0,2,1,0,125451.01,New,0
767.0,France,Male,36.0,3,139180.2,1,0,0,123880.19,Mid,0
604.0,France,Male,53.0,8,144453.75,1,1,0,190998.96,Loyal,1
675.0,France,Male,39.0,1,0.0,2,1,0,153129.22,New,0
686.0,Spain,Male,34.0,9,0.0,2,1,0,127569.8,Loyal,0
670.0,France,Male,22.0,2,114991.45,1,1,1,37392.56,New,0
657.0,Spain,Male,36.0,8,0.0,2,0,1,123866.43,Loyal,0
841.0,Germany,Female,33.0,7,154969.79,2,1,1,99505.75,Loyal,0
757.0,France,Female,51.0,1,0.0,1,1,1,22835.13,New,1
597.0,France,Male,44.0,8,78128.13,2,0,1,109153.04,Loyal,0
721.0,Spain,Female,33.0,4,72535.45,1,1,1,103931.49,Mid,0
590.0,France,Male,40.0,8,0.0,2,1,0,62933.03,Loyal,0
549.0,Germany,Female,31.0,9,135020.21,2,1,1,23343.18,Loyal,0
791.0,Germany,Male,31.0,1,130240.33,1,0,0,96546.55,New,0
646.0,France,Female,43.0,8,143061.88,1,1,0,61937.6,Loyal,0
637.0,Germany,Male,28.0,3,123675.69,1,1,1,166458.41,Mid,0
624.0,Spain,Female,34.0,6,0.0,1,1,0,582.59,Loyal,1
778.0,France,Female,62.0,7,0.0,1,1,1,77867.23,Loyal,0
613.0,Germany,Male,59.0,8,91415.76,1,0,0,27965.0,Loyal,1
695.0,France,Male,45.0,3,0.0,2,1,1,30793.61,Mid,0
640.0,France,Female,50.0,9,117565.03,2,0,0,82559.77,Loyal,0
674.0,France,Female,28.0,3,0.0,1,1,0,51536.99,Mid,0
767.0,Spain,Male,31.0,6,0.0,2,1,1,195668.0,Loyal,0
686.0,Germany,Female,27.0,1,115095.88,2,0,0,78622.46,New,0
776.0,France,Female,31.0,2,0.0,2,1,1,112349.51,New,0
435.0,France,Male,36.0,4,0.0,1,1,1,197015.2,Mid,0
597.0,Spain,Male,35.0,9,0.0,3,0,1,73181.39,Loyal,1
679.0,France,Female,43.0,4,0.0,3,1,0,115136.51,Mid,1
628.0,Spain,Male,28.0,4,0.0,2,1,1,176750.81,Mid,0
572.0,France,Female,36.0,8,68348.18,2,0,1,50400.32,Loyal,0
705.0,France,Male,25.0,3,113736.27,1,0,1,196864.61,Mid,0
670.0,France,Female,35.0,3,103465.02,2,1,1,174627.06,Mid,0
584.0,France,Female,39.0,2,112687.69,1,1,1,127749.61,New,0
616.0,Spain,Male,30.0,5,0.0,2,0,1,196108.51,Mid,0
619.0,France,Male,29.0,5,0.0,2,1,0,194310.1,Mid,0
521.0,France,Male,25.0,7,0.0,2,1,1,157878.67,Loyal,0
726.0,Spain,Female,56.0,2,105473.74,1,1,1,46044.7,New,0
601.0,France,Male,50.0,2,115625.07,1,1,0,185855.21,New,0
685.0,France,Female,43.0,1,132667.17,1,1,1,41876.98,New,0
696.0,Spain,Female,36.0,7,0.0,2,1,1,82298.59,Loyal,0
678.0,France,Female,60.0,2,0.0,2,1,1,43821.56,New,0
645.0,Spain,Male,36.0,4,59893.85,2,1,0,43999.64,Mid,0
653.0,Germany,Male,31.0,2,154741.45,2,0,0,25183.01,New,0
696.0,Germany,Male,49.0,5,97036.22,2,1,0,152450.84,Mid,1
552.0,Spain,Male,42.0,4,0.0,2,0,0,195692.3,Mid,0
616.0,Germany,Female,28.0,10,105173.99,1,0,1,29835.37,Loyal,1
715.0,France,Female,31.0,3,110581.29,1,1,1,94715.24,Mid,0
755.0,France,Male,38.0,9,148912.44,1,1,0,80416.16,Loyal,0
614.0,Spain,Female,39.0,6,0.0,2,1,1,164018.98,Loyal,0
719.0,France,Male,62.0,3,0.0,2,1,1,58320.06,Mid,0
793.0,Spain,Male,29.0,8,96674.55,2,0,0,192120.66,Loyal,0
703.0,France,Female,41.0,6,109941.51,1,1,0,116267.28,Loyal,0
526.0,Spain,Male,62.0,7,132044.6,2,1,1,158365.89,Loyal,0
498.0,France,Male,46.0,1,91857.66,1,1,0,101954.78,New,1
696.0,France,Male,22.0,9,149777.0,1,1,1,198032.93,Loyal,0
605.0,Spain,Male,39.0,10,105317.73,2,1,0,138021.36,Loyal,0
656.0,France,Female,30.0,4,74323.2,1,1,1,22929.08,Mid,0
743.0,France,Female,39.0,8,0.0,1,1,0,94263.44,Loyal,0
760.0,Spain,Male,38.0,3,91241.85,1,0,1,80682.35,Mid,0
768.0,France,Female,40.0,8,0.0,2,0,1,69080.46,Loyal,0
732.0,Spain,Female,62.0,9,137453.43,1,0,1,110932.24,Loyal,1
515.0,France,Female,58.0,2,131852.81,1,1,0,81436.68,New,1
609.0,Spain,Male,32.0,4,99883.16,1,1,1,120594.85,Mid,0
774.0,France,Female,47.0,6,94722.88,1,0,1,61450.96,Loyal,0
579.0,France,Male,35.0,1,0.0,2,1,0,4460.2,New,0
703.0,Germany,Female,29.0,3,122084.63,1,0,1,82824.08,Mid,0
755.0,France,Female,29.0,4,148654.84,2,1,1,28805.09,Mid,0
638.0,Germany,Female,26.0,1,105249.76,2,1,1,23491.09,New,0
741.0,France,Male,29.0,8,0.0,2,1,1,115994.52,Loyal,0
594.0,France,Female,30.0,10,0.0,2,1,1,124071.71,Loyal,0
828.0,France,Male,37.0,4,0.0,2,1,0,94845.45,Mid,0
620.0,Spain,Male,42.0,9,121490.05,1,1,1,29296.74,Loyal,0
645.0,France,Male,41.0,7,0.0,1,0,1,28667.56,Loyal,0
751.0,France,Male,29.0,3,159597.45,1,1,0,39934.41,Mid,0
838.0,France,Female,34.0,8,0.0,2,1,0,27472.07,Loyal,0
542.0,Germany,Male,33.0,8,142871.27,2,0,0,77737.86,Loyal,0
657.0,Spain,Female,27.0,8,0.0,2,0,0,6468.24,Loyal,0
705.0,Spain,Male,36.0,1,111629.29,1,1,1,21807.16,New,0
603.0,Spain,Male,30.0,6,129548.5,2,1,1,19282.85,Loyal,0
663.0,Germany,Male,42.0,5,90248.79,1,1,1,79169.73,Mid,0
557.0,France,Female,32.0,6,184686.41,2,1,0,14956.44,Loyal,0
583.0,Germany,Female,26.0,10,72835.56,2,1,0,96792.15,Loyal,0
807.0,Germany,Female,40.0,1,134590.21,1,1,1,46253.65,New,0
678.0,Spain,Female,40.0,3,128398.38,1,1,0,168658.3,Mid,0
423.0,France,Female,36.0,5,97665.61,1,1,0,118372.55,Mid,1
587.0,France,Female,46.0,6,88820.29,1,0,0,70224.34,Loyal,0
510.0,France,Female,52.0,6,191665.21,1,1,1,131312.56,Loyal,1
703.0,France,Female,40.0,7,0.0,2,0,1,122518.5,Loyal,0
544.0,France,Female,29.0,1,118560.55,1,1,1,164137.36,New,0
743.0,France,Female,30.0,1,127023.39,1,1,1,138780.89,New,0
595.0,Spain,Male,37.0,2,157084.99,1,1,0,134767.13,New,0
462.0,Germany,Female,24.0,9,69881.09,2,0,1,64421.02,Loyal,0
659.0,Germany,Male,34.0,9,134464.58,2,1,0,178833.34,Loyal,0
706.0,Spain,Female,29.0,1,209490.21,1,1,1,133267.69,New,1
729.0,France,Female,32.0,7,38550.06,1,0,1,179230.23,Loyal,0
639.0,Spain,Female,39.0,1,141789.15,1,1,0,92455.96,New,0
752.0,France,Male,39.0,3,0.0,1,1,0,188187.05,Mid,0
672.0,France,Male,34.0,6,0.0,1,0,0,22736.06,Loyal,0
540.0,France,Male,37.0,6,0.0,2,1,0,141998.89,Loyal,0
694.0,Spain,Male,31.0,5,0.0,1,1,0,35593.18,Mid,0
567.0,France,Male,39.0,5,0.0,2,0,0,168521.72,Mid,0
482.0,Germany,Female,48.0,2,69329.47,1,0,0,102640.52,New,1
747.0,France,Male,29.0,7,0.0,2,1,1,141706.43,Loyal,0
444.0,France,Male,36.0,7,0.0,2,0,1,138743.86,Loyal,0
801.0,Spain,Male,42.0,4,141947.67,1,1,1,10598.29,Mid,0
690.0,France,Female,35.0,9,107944.33,2,0,0,48478.47,Loyal,0
695.0,Spain,Male,62.0,1,146202.93,1,1,1,126688.83,New,1
619.0,Spain,Female,38.0,1,0.0,1,1,0,112442.63,New,1
741.0,France,Female,44.0,7,0.0,2,1,1,190534.76,Loyal,0
581.0,Germany,Male,38.0,1,133105.47,1,1,0,105732.9,New,1
630.0,France,Male,50.0,8,0.0,2,0,1,79377.45,Loyal,0
477.0,France,Female,30.0,6,131286.46,1,1,0,194144.45,Loyal,0
652.0,Spain,Male,41.0,8,115144.68,1,1,0,188905.43,Loyal,0
740.0,France,Male,36.0,7,0.0,1,1,1,13177.4,Loyal,0
721.0,Germany,Male,37.0,4,98459.6,1,0,0,90821.66,Mid,0
662.0,Spain,Female,30.0,9,0.0,2,0,1,157884.83,Loyal,0
637.0,Germany,Female,46.0,2,143500.82,1,1,0,166996.46,New,1
815.0,France,Male,45.0,7,0.0,1,0,1,52885.23,Loyal,1
850.0,France,Male,38.0,1,0.0,2,1,1,80006.65,New,0
498.0,Germany,Male,25.0,8,121702.73,1,1,1,132210.49,Loyal,0
574.0,Germany,Female,43.0,3,141349.43,1,1,1,100187.43,Mid,0
528.0,Germany,Male,22.0,5,93547.23,2,0,1,961.57,Mid,0
668.0,France,Female,35.0,6,102482.76,1,1,1,53994.64,Loyal,0
604.0,France,Male,30.0,5,0.0,2,1,0,75786.55,Mid,0
515.0,France,Male,62.0,7,92113.61,1,1,1,142548.33,Loyal,0
731.0,France,Male,31.0,1,132512.26,1,1,1,185466.85,New,0
624.0,Spain,Female,38.0,8,0.0,2,1,0,95403.41,Loyal,0
661.0,Germany,Female,47.0,0,109493.62,1,0,0,188324.01,New,1
608.0,Spain,Male,34.0,7,86656.13,1,0,1,59890.29,Loyal,0
699.0,France,Male,32.0,3,0.0,2,1,1,170770.44,Mid,0
622.0,Spain,Female,26.0,8,0.0,2,1,1,124964.82,Loyal,0
644.0,France,Male,40.0,8,93183.19,1,1,0,73882.49,Loyal,0
644.0,Spain,Male,18.0,8,0.0,2,1,0,59172.42,Loyal,0
705.0,Germany,Male,41.0,4,72252.64,2,1,1,142514.66,Mid,0
584.0,Germany,Male,33.0,3,88311.48,2,1,1,177651.38,Mid,0
782.0,Spain,Male,34.0,6,147422.44,1,0,1,42143.61,Loyal,0
728.0,France,Male,37.0,3,122689.51,2,0,0,106977.53,Mid,1
383.0,Germany,Male,39.0,0,109733.2,2,0,0,123602.11,New,1
735.0,Spain,Male,29.0,10,0.0,2,1,1,95025.27,Loyal,0
655.0,France,Male,27.0,2,131691.33,1,1,0,49480.66,New,0
729.0,France,Female,34.0,9,132121.71,1,0,1,105409.31,Loyal,0
714.0,France,Male,35.0,3,0.0,2,1,1,95623.28,Mid,0
699.0,France,Male,27.0,1,0.0,2,1,0,93003.21,New,0
658.0,France,Female,44.0,6,148481.09,1,1,0,130529.13,Loyal,0
693.0,France,Male,40.0,4,130661.96,1,1,1,101918.96,Mid,0
779.0,France,Male,49.0,9,106160.37,1,0,0,116893.87,Loyal,0
813.0,France,Male,32.0,1,122889.88,1,1,1,26476.18,New,0
677.0,France,Male,58.0,9,0.0,1,0,1,168650.4,Loyal,0
541.0,France,Male,36.0,5,0.0,2,1,0,124795.84,Mid,0
573.0,Spain,Male,44.0,8,0.0,2,0,0,62424.46,Loyal,0
578.0,France,Female,35.0,2,0.0,2,0,1,26389.92,New,0
556.0,France,Female,54.0,4,150005.38,1,1,0,157015.5,Mid,1
610.0,France,Female,25.0,2,0.0,2,1,0,123723.83,New,0
557.0,France,Male,33.0,3,54503.55,1,1,1,371.05,Mid,0
776.0,France,Female,29.0,5,0.0,2,1,1,143301.49,Mid,0
548.0,France,Male,57.0,6,76165.65,1,1,1,133537.53,Loyal,0
679.0,Germany,Male,39.0,2,146186.28,2,1,1,193974.47,New,0
844.0,France,Female,28.0,4,0.0,2,0,1,123318.37,Mid,0
644.0,France,Male,33.0,8,0.0,2,1,1,155294.17,Loyal,0
552.0,France,Male,33.0,5,140931.57,1,0,1,10921.5,Mid,0
501.0,France,Male,37.0,4,0.0,2,0,0,12470.3,Mid,0
617.0,France,Male,62.0,10,0.0,2,1,1,53949.98,Loyal,0
413.0,Spain,Male,35.0,2,0.0,2,1,1,60972.84,New,0
682.0,Spain,Female,50.0,10,128039.01,1,1,1,102260.16,Loyal,0
814.0,Spain,Female,62.0,2,0.0,2,0,1,130853.03,New,0
662.0,France,Male,38.0,0,105271.56,1,0,1,179833.45,New,0
849.0,Germany,Male,41.0,10,84622.13,1,1,1,198072.16,Loyal,0
832.0,Spain,Male,29.0,8,93833.86,1,0,1,10417.87,Loyal,0
649.0,France,Male,37.0,9,87374.88,2,1,1,247.36,Loyal,0
775.0,Germany,Female,38.0,4,125212.65,2,1,1,15795.88,Mid,1
507.0,France,Female,33.0,1,113452.66,1,0,0,142911.99,New,0
620.0,Spain,Female,43.0,2,0.0,2,1,0,20670.1,New,0
802.0,France,Male,33.0,8,0.0,2,1,0,143706.18,Loyal,0
585.0,France,Male,42.0,2,0.0,2,1,1,18657.77,New,0
618.0,Spain,Male,41.0,4,115251.64,1,0,0,136435.75,Mid,0
724.0,Germany,Male,54.0,8,172192.49,1,1,1,136902.01,Loyal,0
751.0,Germany,Female,28.0,10,132932.14,2,1,1,46630.47,Loyal,0
637.0,Germany,Male,30.0,6,122641.56,2,1,0,65618.01,Loyal,0
721.0,France,Male,62.0,2,108424.19,1,1,1,178418.35,New,0
756.0,France,Female,42.0,9,0.0,2,1,0,35673.42,Loyal,0
656.0,France,Male,41.0,2,0.0,2,1,0,158973.77,New,0
587.0,France,Female,36.0,1,134997.49,2,1,0,44688.08,New,0
793.0,France,Male,32.0,2,0.0,2,1,0,193817.63,New,1
592.0,France,Male,36.0,1,126477.42,1,0,0,179718.17,New,0
632.0,France,Female,36.0,7,0.0,2,1,1,52526.65,Loyal,0
620.0,France,Male,41.0,0,97925.11,1,1,0,85000.32,New,0
678.0,France,Female,22.0,4,174852.89,1,1,1,28149.06,Mid,0
479.0,France,Male,47.0,1,0.0,1,1,0,95270.83,New,0
767.0,France,Male,48.0,9,0.0,2,0,1,175458.21,Loyal,0
682.0,Spain,Female,48.0,9,101198.01,1,1,1,49732.9,Loyal,0
666.0,Spain,Male,43.0,5,0.0,2,1,0,29346.1,Mid,0
538.0,Spain,Male,43.0,5,0.0,2,1,0,126933.73,Mid,0
576.0,France,Female,52.0,9,170228.59,2,0,0,148477.57,Loyal,1
712.0,Germany,Male,37.0,7,93978.96,2,1,0,60651.77,Loyal,0
555.0,Spain,Male,33.0,1,56084.69,2,0,0,178798.13,New,0
738.0,France,Female,26.0,3,0.0,2,1,0,67484.16,Mid,0
651.0,Germany,Female,34.0,10,148962.46,1,1,0,66389.43,Loyal,1
841.0,France,Male,31.0,2,0.0,2,1,0,173240.52,New,0
695.0,Germany,Male,27.0,6,125552.96,1,1,0,105291.26,Loyal,0
781.0,France,Male,23.0,2,107433.48,1,1,0,173843.21,New,0
786.0,Germany,Female,33.0,0,122325.58,1,0,0,34712.34,New,1
519.0,Spain,Female,57.0,2,119035.35,2,1,1,29871.79,New,0
688.0,Spain,Male,37.0,7,138162.41,2,1,1,113926.31,Loyal,0
599.0,Spain,Female,31.0,3,0.0,1,1,1,130086.47,Mid,1
621.0,France,Male,35.0,7,87619.29,1,1,0,143.34,Loyal,0
661.0,Germany,Male,35.0,2,117212.18,1,1,1,83052.03,New,0
598.0,France,Female,32.0,4,111156.52,1,1,1,167376.26,Mid,0
530.0,Germany,Male,23.0,1,137060.88,2,1,1,165227.23,New,0
661.0,France,Male,35.0,9,100107.99,1,1,0,83949.68,Loyal,0
596.0,France,Male,33.0,8,0.0,1,1,0,121189.3,Loyal,1
573.0,France,Female,23.0,2,0.0,1,1,0,122964.18,New,0
675.0,Spain,Female,40.0,8,79035.95,1,1,0,142783.98,Loyal,1
745.0,France,Male,47.0,5,0.0,2,0,0,145789.71,Mid,0
687.0,Germany,Male,38.0,4,117633.28,1,0,1,88396.6,Mid,0
570.0,France,Female,36.0,3,0.0,2,1,0,92118.75,Mid,0
671.0,Germany,Female,31.0,6,105864.6,2,1,0,145567.34,Loyal,0
567.0,France,Female,26.0,2,0.0,2,1,1,78651.55,New,0
731.0,Germany,Male,37.0,3,116880.53,1,0,0,172718.35,Mid,1
778.0,France,Male,34.0,5,139064.06,2,0,0,67949.32,Mid,0
850.0,Germany,Male,38.0,5,146756.68,1,1,0,78268.61,Mid,0
673.0,Germany,Female,41.0,9,98612.1,1,1,0,151349.35,Loyal,0
594.0,France,Female,31.0,0,79340.95,1,1,0,78255.86,New,0
540.0,Spain,Male,62.0,1,88382.01,1,0,1,59457.0,New,0
559.0,Spain,Female,40.0,5,139129.44,1,0,1,32635.54,Mid,0
664.0,Germany,Male,36.0,6,71142.77,2,1,0,122433.09,Loyal,0
753.0,France,Male,35.0,4,0.0,2,1,1,106303.4,Mid,0
682.0,France,Female,33.0,8,74963.5,1,1,1,32770.56,Loyal,0
584.0,France,Male,31.0,5,0.0,2,1,0,31474.27,Mid,0
699.0,Spain,Male,40.0,2,0.0,1,1,0,78387.32,New,0
500.0,Spain,Male,40.0,1,99004.24,1,1,1,152845.99,New,0
590.0,France,Male,32.0,9,0.0,2,1,0,138889.15,Loyal,0
383.0,France,Male,51.0,10,0.0,1,1,1,125823.79,Loyal,1
773.0,France,Male,45.0,8,96877.21,1,1,1,113950.51,Loyal,0
594.0,France,Male,36.0,6,153880.15,1,0,0,135431.72,Loyal,0
659.0,Germany,Female,39.0,1,104502.11,1,1,0,20652.69,New,0
754.0,France,Female,27.0,7,0.0,2,1,0,144134.64,Loyal,0
604.0,Spain,Female,39.0,7,98544.11,1,1,1,52327.57,Loyal,0
557.0,France,Female,27.0,2,0.0,2,0,1,4497.55,New,0
677.0,Spain,Male,40.0,7,95312.8,1,1,1,62944.75,Loyal,0
816.0,France,Male,31.0,8,0.0,2,1,1,28407.4,Loyal,0
710.0,France,Female,36.0,4,116085.06,1,1,0,58601.61,Mid,0
653.0,Germany,Male,58.0,1,132602.88,1,1,0,5097.67,New,1
474.0,Germany,Female,34.0,9,176311.36,1,1,0,160213.27,Loyal,0
641.0,Spain,Male,32.0,7,0.0,2,1,1,24267.28,Loyal,0
609.0,Spain,Male,61.0,1,0.0,1,1,0,22447.85,New,1
640.0,France,Female,31.0,9,138857.59,1,1,0,48640.77,Loyal,0
645.0,France,Male,25.0,0,174400.36,1,1,0,42669.37,New,0
475.0,France,Female,45.0,0,134264.04,1,1,0,27822.99,New,1
731.0,France,Female,38.0,10,123711.73,2,1,0,171340.68,Loyal,1
675.0,Germany,Female,29.0,8,121326.42,1,1,0,133457.52,Loyal,0
790.0,France,Female,47.0,10,148636.21,1,0,1,16119.96,Loyal,1
594.0,France,Male,57.0,6,0.0,1,1,0,19376.56,Loyal,1
813.0,France,Male,34.0,0,0.0,2,1,0,43169.15,New,0
833.0,Germany,Male,59.0,1,130854.59,1,1,1,30722.52,New,1
538.0,Germany,Female,42.0,4,80380.24,1,1,0,119216.46,Mid,0
678.0,Spain,Male,27.0,2,0.0,2,1,1,13221.25,New,0
747.0,France,Male,41.0,5,0.0,2,1,1,22750.17,Mid,0
550.0,France,Male,37.0,3,0.0,1,1,1,179670.31,Mid,0
527.0,Germany,Female,41.0,10,136733.24,1,1,1,57589.29,Loyal,0
592.0,Spain,Male,38.0,8,0.0,2,1,0,180426.2,Loyal,0
708.0,France,Female,47.0,0,126589.12,2,0,1,132730.07,New,1
609.0,France,Male,62.0,1,0.0,1,0,1,18708.76,New,0
716.0,France,Male,31.0,8,109578.04,2,1,1,51503.51,Loyal,0
663.0,France,Male,39.0,4,0.0,1,1,0,76884.05,Mid,0
585.0,Spain,Female,44.0,4,0.0,2,0,1,101728.46,Mid,0
714.0,Germany,Female,36.0,1,101609.01,2,1,1,447.73,New,0
638.0,Spain,Male,35.0,1,0.0,2,1,0,165370.66,New,0
615.0,France,Male,45.0,5,0.0,2,1,1,164886.64,Mid,0
494.0,Spain,Male,62.0,5,0.0,2,1,1,85890.16,Mid,0
822.0,Germany,Female,46.0,3,115074.02,2,1,0,26249.86,Mid,0
528.0,France,Female,27.0,7,176227.07,2,0,1,139481.53,Loyal,0
582.0,Spain,Male,25.0,9,148042.97,2,1,0,52341.15,Loyal,0
514.0,Germany,Female,45.0,3,109032.23,1,0,1,155407.21,Mid,1
736.0,France,Female,24.0,0,0.0,2,1,0,109355.73,New,1
616.0,Germany,Female,57.0,7,116936.81,1,1,1,104379.36,Loyal,0
705.0,Germany,Male,35.0,4,136496.12,2,1,0,116672.02,Mid,0
690.0,France,Female,26.0,5,157624.84,1,1,1,49599.27,Mid,0
678.0,Germany,Male,48.0,2,101099.9,2,0,1,193476.04,New,0
556.0,France,Female,40.0,8,0.0,2,1,0,62112.7,Loyal,0
665.0,Germany,Female,45.0,5,155447.65,2,1,0,51871.95,Mid,1
622.0,France,Male,32.0,5,179305.09,1,1,1,149043.78,Mid,0
577.0,France,Female,26.0,1,180530.51,1,0,0,123454.62,New,0
627.0,Germany,Male,38.0,8,106922.92,2,0,1,84270.09,Loyal,0
666.0,France,Male,43.0,7,137780.74,2,1,1,119100.05,Loyal,1
618.0,Germany,Male,42.0,8,153572.31,2,1,1,76679.6,Loyal,0
746.0,Spain,Male,30.0,1,112666.67,1,0,0,11710.4,New,1
545.0,France,Male,23.0,2,0.0,2,1,0,189613.12,New,0
535.0,France,Female,31.0,7,111855.04,2,1,1,36278.89,Loyal,0
712.0,France,Female,31.0,7,0.0,2,1,0,170333.38,Loyal,0
563.0,Spain,Male,61.0,1,82182.1,1,1,0,106826.92,New,1
711.0,France,Female,29.0,3,130181.47,2,1,0,31811.44,Mid,0
703.0,Spain,Male,20.0,3,165260.98,1,1,1,41626.78,Mid,0
713.0,Spain,Male,38.0,6,116980.78,2,0,1,76038.38,Loyal,0
819.0,Germany,Female,49.0,1,120656.86,4,0,0,166164.3,New,1
736.0,Germany,Female,26.0,0,84587.9,1,0,1,188037.76,New,0
571.0,France,Female,42.0,4,108825.34,3,1,0,55558.51,Mid,1
584.0,Germany,Female,36.0,4,109646.83,1,1,1,70240.79,Mid,0
646.0,France,Female,38.0,2,0.0,2,0,0,178752.73,New,0
762.0,France,Male,28.0,2,0.0,2,1,0,167909.52,New,0
749.0,France,Male,24.0,1,0.0,3,1,1,47911.03,New,0
802.0,Spain,Male,41.0,6,0.0,2,1,0,47322.05,Loyal,0
548.0,Spain,Male,37.0,4,0.0,1,1,0,121763.68,Mid,0
678.0,France,Male,26.0,3,0.0,2,1,0,4989.33,Mid,0
720.0,France,Female,34.0,3,118307.57,2,1,1,136120.29,Mid,0
603.0,France,Female,24.0,3,0.0,1,1,1,198826.03,Mid,1
682.0,France,Male,50.0,6,121818.84,2,0,1,124151.37,Loyal,0
592.0,Spain,Male,41.0,0,0.0,2,1,0,65906.07,New,0
492.0,France,Male,35.0,8,121063.49,1,0,0,85421.48,Loyal,0
694.0,France,Male,38.0,1,0.0,2,0,1,156858.2,New,0
556.0,France,Male,38.0,2,114756.14,1,1,0,193214.05,New,0
692.0,France,Male,62.0,10,154953.94,1,1,1,70849.47,Loyal,0
686.0,France,Male,60.0,9,0.0,3,1,1,75246.21,Loyal,1
760.0,Spain,Male,28.0,1,141038.57,2,0,0,16287.38,New,0
664.0,France,Male,57.0,6,0.0,2,1,1,15304.08,Loyal,0
770.0,France,Female,33.0,4,0.0,1,1,0,26080.54,Mid,1
687.0,Germany,Female,29.0,4,78939.15,1,1,0,122134.56,Mid,1
648.0,France,Female,43.0,7,139972.18,1,1,0,143668.58,Loyal,0
521.0,Germany,Female,61.0,0,125193.96,1,1,1,109356.53,New,0
523.0,Spain,Female,24.0,5,172231.93,1,0,1,155144.12,Mid,0
606.0,France,Male,34.0,5,0.0,1,1,0,161971.42,Mid,0
850.0,France,Female,33.0,3,0.0,2,1,1,11159.19,Mid,0
751.0,Germany,Female,36.0,6,169831.46,2,1,1,27758.36,Loyal,0
658.0,France,Female,29.0,8,0.0,2,0,1,130461.09,Loyal,0
680.0,France,Male,33.0,2,108393.35,1,0,1,39057.67,New,0
715.0,France,Male,32.0,8,175307.32,1,1,0,187051.23,Loyal,0
650.0,Spain,Female,25.0,3,86605.5,3,1,0,16649.31,Mid,1
503.0,Spain,Male,25.0,7,0.0,1,0,1,192841.13,Loyal,0
749.0,Germany,Female,32.0,7,79523.13,1,0,1,157648.12,Loyal,0
775.0,France,Male,31.0,9,0.0,2,1,0,169278.51,Loyal,0
850.0,Germany,Male,36.0,5,119984.07,1,1,0,191535.11,Mid,1
657.0,Spain,Female,37.0,0,163607.18,1,0,1,44203.55,New,0
652.0,France,Female,37.0,4,92208.54,1,0,1,197699.8,Mid,1
607.0,Spain,Female,62.0,8,108004.64,1,1,1,23386.77,Loyal,1
612.0,Spain,Female,52.0,5,144772.69,1,0,0,98302.57,Mid,1
714.0,Germany,Male,26.0,3,119545.48,2,1,0,65482.94,Mid,0
708.0,France,Female,34.0,4,0.0,1,1,1,62868.33,Mid,0
727.0,France,Male,28.0,5,0.0,2,0,1,19653.08,Mid,0
723.0,Germany,Female,49.0,0,153855.52,1,1,1,180862.26,New,1
668.0,France,Male,28.0,4,107141.27,1,1,0,193018.71,Mid,0
444.0,France,Female,40.0,5,84350.07,1,1,0,143835.76,Mid,0
615.0,Spain,Male,61.0,9,0.0,2,1,0,150227.85,Loyal,1
672.0,Spain,Male,33.0,2,0.0,2,1,1,182738.0,New,0
673.0,France,Male,31.0,1,108345.22,1,0,1,38802.03,New,0
716.0,Germany,Female,18.0,3,128743.8,1,0,0,197322.13,Mid,0
750.0,Spain,Female,37.0,2,113817.06,1,0,0,88333.74,New,0
684.0,Spain,Male,40.0,2,70291.02,1,1,1,115468.84,New,1
743.0,Spain,Male,25.0,6,0.0,2,1,0,129740.11,Loyal,0
740.0,France,Female,51.0,4,0.0,2,1,1,178929.84,Mid,0
633.0,France,Female,34.0,3,123034.43,2,1,1,38315.04,Mid,0
532.0,France,Male,60.0,5,76705.87,2,0,1,13889.73,Mid,0
711.0,Spain,Male,42.0,3,177626.77,3,0,1,16392.72,Mid,1
672.0,Spain,Male,43.0,5,0.0,2,1,1,64515.5,Mid,0
710.0,France,Male,33.0,10,118327.17,2,1,1,192928.82,Loyal,0
700.0,Germany,Male,35.0,4,95853.39,2,1,0,192933.37,Mid,0
497.0,Germany,Female,55.0,7,131778.66,1,1,1,9972.64,Loyal,0
620.0,Germany,Female,25.0,1,137712.01,1,1,1,76197.05,New,0
641.0,Germany,Male,35.0,2,103711.56,1,0,1,192464.21,New,1
754.0,Spain,Male,39.0,6,170184.99,2,1,0,89593.26,Loyal,0
850.0,France,Female,33.0,7,118004.26,1,1,0,183983.82,Loyal,0
622.0,Spain,Male,37.0,4,0.0,2,1,0,4459.5,Mid,0
661.0,Germany,Female,35.0,5,150725.53,2,0,1,113656.85,Mid,0
561.0,Spain,Male,37.0,4,101470.29,1,0,1,88838.14,Mid,0
633.0,France,Male,25.0,1,0.0,1,1,0,100598.98,New,0
744.0,Germany,Male,41.0,7,190409.34,2,1,1,138361.48,Loyal,0
716.0,France,Female,38.0,1,0.0,2,1,1,99661.46,New,0
512.0,Spain,Male,36.0,1,0.0,1,0,1,135482.26,New,1
550.0,Germany,Female,42.0,10,128707.31,1,1,0,63092.65,Loyal,1
506.0,Germany,Female,41.0,3,57745.76,1,1,0,4035.46,Mid,0
719.0,Spain,Female,40.0,9,0.0,2,1,0,182224.14,Loyal,0
696.0,France,Female,33.0,4,0.0,2,1,1,73371.65,Mid,0
600.0,France,Female,27.0,3,0.0,2,0,1,125698.97,Mid,0
583.0,Spain,Male,47.0,5,102562.23,1,1,0,92708.1,Mid,0
592.0,France,Male,27.0,3,0.0,2,1,1,19645.65,Mid,0
628.0,Spain,Female,55.0,7,0.0,3,1,0,85890.75,Loyal,1
649.0,France,Female,56.0,8,156974.26,1,1,0,89405.26,Loyal,1
608.0,France,Male,42.0,10,163548.07,1,1,0,38866.85,Loyal,0
628.0,France,Male,32.0,9,149136.31,2,1,1,16402.11,Loyal,0
752.0,Germany,Female,37.0,5,113291.05,2,1,1,132467.54,Mid,0
698.0,France,Female,51.0,6,144237.91,4,1,0,157143.61,Loyal,1
667.0,Spain,Male,39.0,7,167557.12,1,1,1,41183.02,Loyal,0
562.0,Germany,Male,35.0,3,142296.13,1,0,1,177112.7,Mid,0
751.0,Germany,Male,54.0,9,156367.6,2,0,1,116179.92,Loyal,0
592.0,Germany,Male,31.0,7,124593.23,1,1,0,86079.67,Loyal,0
657.0,Spain,Male,31.0,3,125167.02,1,0,0,98820.39,Mid,0
539.0,France,Female,40.0,7,81132.21,1,1,0,167289.82,Loyal,0
590.0,Spain,Male,34.0,0,65812.35,2,0,1,160346.3,New,0
624.0,France,Male,42.0,3,145155.37,1,1,0,72169.95,Mid,1
622.0,France,Male,29.0,7,101486.96,1,1,1,8788.35,Loyal,0
606.0,France,Male,47.0,3,93578.68,2,0,1,137720.56,Mid,1
657.0,France,Female,28.0,7,0.0,2,0,1,5177.62,Loyal,0
520.0,France,Male,34.0,3,0.0,2,1,1,104703.96,Mid,0
841.0,France,Male,34.0,4,0.0,2,1,0,141582.66,Mid,0
640.0,France,Female,33.0,1,167298.42,1,0,1,145381.65,New,0
559.0,France,Male,52.0,2,0.0,1,1,0,129013.59,New,1
760.0,Spain,Male,43.0,6,175735.5,1,1,1,157337.29,Loyal,0
781.0,France,Female,38.0,3,128345.69,2,1,0,63218.85,Mid,0
548.0,France,Female,36.0,3,0.0,1,1,0,65996.9,Mid,0
539.0,Spain,Female,37.0,1,130922.81,2,0,0,2186.83,New,0
783.0,Spain,Male,38.0,1,0.0,3,1,1,80178.54,New,1
709.0,France,Female,36.0,7,0.0,1,0,1,42085.58,Loyal,1
562.0,Spain,Female,35.0,0,0.0,2,1,0,119899.52,New,0
540.0,France,Male,22.0,4,0.0,3,1,1,186233.26,Mid,1
512.0,France,Male,40.0,5,0.0,2,1,1,146457.83,Mid,0
583.0,Germany,Female,54.0,6,115988.86,1,1,0,57553.98,Loyal,1
699.0,Spain,Male,35.0,2,167455.66,2,1,1,55324.49,New,0
747.0,Germany,Male,38.0,2,129728.6,1,1,0,89289.54,New,0
678.0,Spain,Female,39.0,6,0.0,1,0,1,185366.56,Loyal,0
600.0,Germany,Male,53.0,7,106261.63,1,1,0,93629.66,Loyal,1
600.0,Germany,Female,29.0,6,74430.1,2,1,1,96051.1,Loyal,0
457.0,Spain,Female,38.0,6,0.0,2,1,0,173219.09,Loyal,0
733.0,France,Female,24.0,3,161884.99,1,1,1,9617.24,Mid,0
715.0,France,Male,23.0,7,139224.92,2,1,0,65057.71,Loyal,0
645.0,France,Male,45.0,6,155417.61,1,0,1,3449.22,Loyal,0
705.0,Germany,Female,33.0,5,116765.7,1,0,0,190659.17,Mid,1
850.0,Spain,Male,33.0,3,100476.46,2,1,1,136539.13,Mid,0
609.0,France,Male,41.0,6,0.0,1,0,1,112585.19,Loyal,0
688.0,France,Male,29.0,1,0.0,2,1,0,154695.57,New,0
578.0,France,Male,34.0,4,175111.11,1,1,1,74858.3,Mid,0
612.0,France,Male,32.0,3,121394.42,1,1,0,164081.42,Mid,0
597.0,France,Female,42.0,4,64740.12,1,1,1,106841.12,Mid,0
676.0,France,Male,37.0,10,106242.67,1,1,1,166678.28,Loyal,0
492.0,Germany,Female,30.0,10,77168.87,2,0,1,146700.22,Loyal,0
781.0,Germany,Female,48.0,9,82794.18,1,1,0,124720.68,Loyal,1
644.0,France,Female,39.0,9,0.0,1,1,0,3740.93,Loyal,0
609.0,France,Male,32.0,7,71872.19,1,1,1,151924.9,Loyal,0
607.0,Spain,Female,36.0,4,98266.3,1,1,1,46416.36,Mid,0
733.0,Spain,Female,30.0,0,83319.28,1,0,0,57769.2,New,0
612.0,France,Female,33.0,0,64900.32,2,1,0,102426.12,New,0
600.0,France,Male,49.0,7,90218.9,1,1,0,91347.76,Loyal,0
698.0,Germany,Female,51.0,2,111018.98,1,1,0,86410.28,New,0
567.0,France,Male,36.0,1,0.0,2,0,0,8555.73,New,0
637.0,Spain,Male,37.0,8,0.0,1,1,1,186062.36,Loyal,0
488.0,Germany,Female,28.0,7,139246.22,2,1,0,106799.49,Loyal,0
721.0,France,Male,54.0,5,0.0,2,1,1,4493.12,Mid,0
430.0,Germany,Male,36.0,1,138992.48,2,0,0,122373.42,New,0
691.0,France,Female,44.0,6,134066.1,2,1,1,197572.41,Loyal,0
740.0,Germany,Male,33.0,2,126524.11,1,1,0,136869.31,New,0
692.0,France,Female,36.0,4,0.0,1,1,0,185580.89,Mid,1
633.0,Spain,Male,27.0,3,0.0,2,1,0,44008.91,Mid,0
715.0,France,Male,37.0,9,165252.52,1,1,0,85286.3,Loyal,0
543.0,Germany,Female,37.0,3,122304.65,2,0,0,33998.7,Mid,0
747.0,Germany,Male,36.0,8,102603.3,2,1,1,180693.61,Loyal,0
535.0,Germany,Male,48.0,5,134542.73,1,1,1,58203.67,Mid,1
583.0,France,Male,39.0,1,129299.28,2,1,0,73107.6,New,0
786.0,France,Female,62.0,8,0.0,1,1,1,165702.64,Loyal,0
489.0,Germany,Male,28.0,1,79460.98,2,1,1,167973.63,New,0
508.0,France,Female,41.0,5,0.0,2,1,1,94170.84,Mid,0
611.0,France,Male,58.0,8,0.0,2,0,1,107665.68,Loyal,1
711.0,France,Female,29.0,9,0.0,2,0,1,3234.8,Loyal,0
659.0,Germany,Male,36.0,4,132578.92,2,1,0,84320.94,Mid,0
622.0,Spain,Female,46.0,4,107073.27,2,1,1,30984.59,Mid,1
845.0,Germany,Female,41.0,2,81733.74,2,0,0,199761.29,New,0
739.0,France,Female,27.0,6,0.0,1,1,1,57572.38,Loyal,0
647.0,France,Female,29.0,0,98263.46,2,1,0,164717.95,New,0
440.0,France,Male,42.0,2,0.0,2,1,0,49826.68,New,0
722.0,Germany,Female,37.0,0,125977.81,1,0,0,160162.42,New,0
556.0,France,Female,47.0,2,139914.27,1,1,1,50390.98,New,0
679.0,France,Male,42.0,1,0.0,2,0,0,71823.15,New,0
713.0,France,Male,38.0,9,72286.84,2,1,1,26136.89,Loyal,0
706.0,Germany,Male,62.0,1,123276.69,2,1,1,86507.88,New,1
850.0,France,Male,40.0,9,0.0,2,0,1,119232.33,Loyal,0
590.0,Spain,Female,38.0,9,0.0,2,1,1,148750.16,Loyal,0
727.0,Spain,Female,41.0,10,0.0,2,0,1,47468.56,Loyal,0
698.0,France,Male,33.0,5,135658.73,2,0,1,39755.0,Mid,0
484.0,Germany,Male,40.0,7,106901.42,2,0,0,118045.98,Loyal,0
720.0,France,Female,37.0,2,120328.88,2,1,1,138470.21,New,0
681.0,France,Female,18.0,1,98894.39,1,1,1,9596.4,New,0
611.0,Germany,Female,43.0,9,127216.31,2,0,1,17913.25,Loyal,0
732.0,Germany,Male,50.0,6,145338.76,1,0,0,91936.1,Loyal,1
736.0,Spain,Male,32.0,7,0.0,1,0,1,79082.62,Loyal,0
581.0,Spain,Female,29.0,8,0.0,2,1,0,46735.19,Loyal,0
557.0,France,Male,39.0,8,146200.01,1,1,0,177944.64,Loyal,0
758.0,France,Female,30.0,3,141581.08,1,1,0,156249.06,Mid,0
537.0,France,Male,26.0,7,106397.75,1,0,0,103563.23,Loyal,0
616.0,France,Female,37.0,6,0.0,2,1,0,86242.18,Loyal,0
581.0,Spain,Female,31.0,6,0.0,2,1,0,188377.21,Loyal,0
518.0,Germany,Female,35.0,8,141665.63,1,0,1,192776.64,Loyal,0
727.0,France,Female,31.0,2,52192.08,2,0,1,160383.47,New,0
477.0,Germany,Male,48.0,8,129250.0,2,1,1,157937.35,Loyal,0
446.0,France,Male,32.0,8,0.0,2,0,0,133292.94,Loyal,0
721.0,France,Female,35.0,6,118273.83,1,0,1,3086.89,Loyal,0
520.0,France,Male,31.0,4,93249.4,1,1,0,77335.75,Mid,0
592.0,Spain,Female,40.0,2,200322.45,1,1,1,113244.73,New,0
383.0,Spain,Female,52.0,8,143542.36,3,1,0,141959.11,Loyal,1
718.0,France,Male,48.0,9,0.0,2,1,1,72105.63,Loyal,0
628.0,Spain,Male,43.0,3,184926.61,1,1,0,122937.57,Mid,0
769.0,Germany,Male,27.0,7,188614.07,1,1,0,171344.09,Loyal,0
677.0,Germany,Female,44.0,4,148770.61,2,1,1,191057.76,Mid,0
479.0,Spain,Male,37.0,6,118433.94,1,0,1,160060.9,Loyal,0
658.0,France,Female,31.0,7,123974.96,1,1,0,102153.75,Loyal,0
487.0,Spain,Male,33.0,8,145729.71,1,1,0,41365.85,Loyal,0
445.0,France,Male,25.0,6,0.0,2,1,0,119425.94,Loyal,0
628.0,Germany,Male,38.0,10,113525.84,1,1,0,46044.48,Loyal,1
615.0,France,Male,35.0,7,0.0,2,1,0,150784.29,Loyal,0
654.0,France,Male,40.0,6,0.0,1,0,0,183872.88,Loyal,1
762.0,Germany,Male,34.0,4,88815.56,2,1,0,68562.26,Mid,1
637.0,Germany,Female,36.0,10,145750.45,2,1,1,96660.76,Loyal,0
575.0,France,Male,36.0,1,0.0,1,0,1,94570.56,New,0
802.0,Spain,Male,38.0,7,0.0,2,0,1,57764.65,Loyal,0
632.0,Spain,Male,28.0,7,155519.59,1,1,0,1843.24,Loyal,0
801.0,Spain,Male,58.0,1,79954.61,2,1,1,30484.19,New,0
799.0,France,Female,22.0,8,174185.98,2,0,1,192633.85,Loyal,0
425.0,Germany,Male,40.0,9,166776.6,2,0,1,172646.88,Loyal,0
582.0,France,Female,39.0,1,132077.48,2,1,0,192255.15,New,0
850.0,France,Male,39.0,6,96863.13,1,1,1,121681.19,Loyal,0
602.0,Spain,Male,37.0,3,107592.89,2,0,1,153122.73,Mid,0
701.0,France,Female,43.0,2,160416.56,1,0,1,37266.43,New,0
625.0,France,Male,31.0,5,0.0,2,0,1,90.07,Mid,0
757.0,France,Female,49.0,2,0.0,2,0,0,164482.92,New,0
712.0,France,Female,32.0,1,0.0,2,1,0,1703.58,New,0
653.0,Spain,Female,36.0,3,0.0,2,0,0,110525.6,Mid,0
632.0,Germany,Male,62.0,6,129472.33,1,1,1,85179.48,Loyal,0
654.0,Germany,Male,31.0,5,150593.59,2,1,1,105218.45,Mid,0
660.0,Germany,Female,52.0,4,86891.84,1,1,0,90877.76,Mid,0
705.0,France,Male,25.0,9,0.0,2,0,1,112331.19,Loyal,0
541.0,France,Male,46.0,4,124547.13,2,1,0,94499.06,Mid,0
636.0,Germany,Female,48.0,3,120568.41,1,1,0,190160.04,Mid,1
667.0,Spain,Male,35.0,4,97585.32,2,0,0,57213.46,Mid,0
790.0,Spain,Female,37.0,3,0.0,3,0,0,98897.32,Mid,0
630.0,France,Male,43.0,9,0.0,2,1,1,34338.04,Loyal,0
683.0,France,Female,42.0,4,148283.94,1,1,1,44692.63,Mid,1
689.0,Germany,Male,45.0,0,130170.82,2,1,0,150856.38,New,0
620.0,Germany,Male,40.0,5,108197.11,2,1,0,49722.34,Mid,0
671.0,France,Female,31.0,7,41299.03,1,0,1,102681.32,Loyal,0
687.0,Spain,Male,31.0,3,0.0,2,0,0,48228.1,Mid,0
681.0,France,Male,47.0,9,97023.21,1,1,1,2168.13,Loyal,0
641.0,France,Female,37.0,2,0.0,2,1,0,3939.87,New,0
668.0,France,Female,37.0,7,128645.67,1,1,0,92149.64,Loyal,0
769.0,Spain,Male,38.0,6,0.0,2,0,0,104393.78,Loyal,0
653.0,France,Female,38.0,8,102133.38,1,1,1,166520.96,Loyal,0
829.0,Spain,Male,50.0,7,0.0,2,0,1,178458.86,Loyal,0
544.0,Germany,Male,47.0,5,105245.21,1,0,0,99922.08,Mid,1
612.0,Germany,Male,46.0,9,161450.03,1,1,1,96961.0,Loyal,1
411.0,France,Female,35.0,2,0.0,2,1,1,93825.78,New,0
665.0,Spain,Female,40.0,1,173432.55,1,0,1,116766.79,New,0
652.0,Germany,Male,50.0,8,125437.64,1,1,1,17160.94,Loyal,1
658.0,Spain,Male,36.0,1,0.0,2,0,1,84927.42,New,0
579.0,France,Female,33.0,1,65667.79,2,0,0,164608.98,New,0
501.0,Germany,Female,34.0,7,93244.42,1,0,1,199805.63,Loyal,0
652.0,Spain,Male,58.0,6,0.0,2,0,1,170025.43,Loyal,0
759.0,Germany,Male,31.0,4,98899.91,1,1,1,47832.82,Mid,0
641.0,France,Female,42.0,7,125437.14,2,0,0,164128.58,Loyal,0
439.0,Spain,Male,52.0,3,96196.24,4,1,0,198874.52,Mid,1
723.0,Germany,Male,52.0,5,131694.97,1,0,1,92873.5,Mid,1
745.0,France,Female,46.0,7,0.0,2,1,1,67769.94,Loyal,0
649.0,Germany,Male,62.0,4,68345.86,2,1,1,142566.75,Mid,0
676.0,Spain,Female,62.0,4,116954.32,1,1,1,91149.48,Mid,0
584.0,Germany,Male,32.0,8,40172.91,1,1,1,137439.34,Loyal,0
565.0,Germany,Female,38.0,7,145400.69,2,1,1,83844.79,Loyal,0
771.0,France,Female,23.0,7,156123.73,1,1,0,72990.62,Loyal,0
697.0,France,Male,35.0,5,133087.76,1,1,0,64771.61,Mid,0
464.0,Germany,Female,42.0,3,85679.25,1,1,1,164104.74,Mid,0
461.0,France,Female,40.0,7,0.0,2,1,0,176547.8,Loyal,0
680.0,France,Female,24.0,10,0.0,3,1,0,154971.63,Loyal,1
593.0,Spain,Male,31.0,8,112713.34,1,1,1,176868.89,Loyal,0
621.0,Germany,Female,34.0,2,91258.52,2,1,0,44857.4,New,0
767.0,Spain,Male,62.0,8,149083.7,1,1,1,190146.83,Loyal,0
828.0,Germany,Female,25.0,7,144351.86,1,1,0,116613.26,Loyal,0
720.0,Germany,Female,29.0,7,106230.92,1,1,1,69903.93,Loyal,1
628.0,France,Female,31.0,5,0.0,1,0,0,147963.07,Mid,1
628.0,France,Male,30.0,8,89182.09,1,1,1,13126.9,Loyal,0
605.0,France,Male,35.0,6,0.0,2,1,1,45206.57,Loyal,0
524.0,Spain,Male,29.0,3,159035.45,1,1,0,2705.31,Mid,1
807.0,France,Male,33.0,10,101952.97,2,1,0,178153.65,Loyal,0
601.0,France,Female,40.0,3,92055.36,1,0,1,164652.02,Mid,1
756.0,Germany,Male,44.0,10,137452.09,1,1,0,189543.9,Loyal,0
629.0,France,Female,43.0,0,0.0,2,1,1,41263.69,New,0
723.0,Germany,Female,62.0,3,110357.0,1,0,0,141977.54,Mid,1
571.0,France,Male,49.0,4,180614.04,1,0,0,523.0,Mid,0
616.0,Spain,Male,62.0,4,0.0,2,1,1,173599.38,Mid,0
698.0,Germany,Male,44.0,10,116363.37,2,1,0,198059.16,Loyal,0
508.0,France,Male,49.0,7,122451.46,2,1,1,75808.1,Loyal,0
642.0,France,Male,35.0,4,125476.31,1,1,1,91775.51,Mid,0
547.0,Germany,Female,39.0,6,74596.15,3,1,1,85746.52,Loyal,1
794.0,France,Female,62.0,9,123681.32,3,1,0,173586.63,Loyal,1
535.0,France,Female,29.0,5,0.0,2,0,1,52709.55,Mid,0
580.0,Germany,Male,62.0,2,130334.84,2,1,1,51672.08,New,0
685.0,Germany,Female,44.0,2,119657.53,1,1,0,145387.05,New,1
758.0,Germany,Male,41.0,10,79857.64,1,1,1,78088.17,Loyal,0
710.0,Germany,Female,24.0,2,110407.44,2,0,0,15832.43,New,1
678.0,Germany,Female,54.0,1,123699.28,2,0,1,105221.76,New,0
608.0,France,Male,33.0,9,89968.69,1,1,0,68777.26,Loyal,0
524.0,France,Male,29.0,7,0.0,2,1,1,105448.74,Loyal,0
781.0,France,Female,19.0,3,0.0,2,1,1,124297.32,Mid,0
470.0,France,Male,30.0,3,101140.76,1,1,1,50906.65,Mid,0
729.0,Germany,Male,46.0,5,117837.43,1,1,0,104016.61,Mid,1
723.0,France,Female,20.0,4,0.0,2,1,1,140385.33,Mid,0
690.0,France,Male,33.0,5,0.0,2,1,0,138017.68,Mid,0
479.0,France,Female,33.0,2,208165.53,1,0,0,50774.81,New,1
642.0,Germany,Female,36.0,2,124495.98,3,1,1,57904.22,New,1
551.0,Germany,Male,31.0,9,82293.82,2,1,1,91565.25,Loyal,0
732.0,France,Male,36.0,7,0.0,2,1,1,60830.24,Loyal,0
603.0,France,Male,45.0,9,0.0,1,0,0,148516.79,Loyal,0
550.0,France,Male,47.0,2,0.0,2,1,1,97057.28,New,0
687.0,Spain,Female,62.0,4,0.0,2,1,1,50267.69,Mid,0
697.0,Spain,Male,62.0,7,0.0,1,1,0,129188.18,Loyal,1
748.0,Spain,Male,58.0,9,122330.7,2,0,1,124429.19,Loyal,0
731.0,Spain,Female,26.0,3,0.0,2,1,0,37697.29,Mid,0
727.0,France,Male,47.0,7,0.0,2,1,0,193305.35,Loyal,0
685.0,France,Female,50.0,6,94238.75,2,1,1,50664.07,Loyal,1
773.0,Spain,Female,33.0,10,0.0,1,1,1,98820.09,Loyal,0
831.0,Germany,Male,44.0,3,111100.98,1,1,1,28144.07,Mid,1
770.0,France,Male,31.0,3,155047.56,2,1,1,186064.34,Mid,0
684.0,France,Female,26.0,5,87098.91,1,0,0,106095.82,Mid,0
583.0,France,Female,31.0,4,158978.79,1,1,0,12538.92,Mid,0
517.0,France,Male,62.0,1,43772.66,3,1,0,187756.24,New,1
535.0,Germany,Male,20.0,9,134874.4,1,1,1,118825.56,Loyal,0
658.0,France,Female,38.0,6,102895.1,1,0,0,155665.76,Loyal,0
689.0,Germany,Female,28.0,2,64808.32,2,0,0,78591.15,New,0
713.0,Spain,Male,42.0,0,109121.71,1,0,1,167873.49,New,0
602.0,Germany,Male,35.0,7,90602.42,2,1,1,51695.41,Loyal,0
553.0,France,Female,31.0,4,0.0,2,1,1,89087.4,Mid,0
655.0,Germany,Female,44.0,6,146498.76,1,1,0,64853.51,Loyal,1
710.0,Spain,Female,36.0,8,0.0,2,0,0,83206.19,Loyal,0
542.0,France,Male,62.0,10,129431.36,1,0,1,21343.74,Loyal,0
621.0,Germany,Male,27.0,1,74298.43,1,1,1,52581.96,New,0
577.0,France,Male,37.0,2,127261.35,1,1,0,56185.05,New,0
627.0,Germany,Female,37.0,7,147361.57,1,1,1,133031.96,Loyal,0
643.0,France,Male,62.0,9,0.0,2,0,0,155870.82,Loyal,0
611.0,Germany,Female,36.0,10,103294.56,1,1,0,160548.12,Loyal,0
614.0,France,Female,38.0,4,72594.0,1,1,1,76042.48,Mid,0
699.0,France,Female,40.0,8,122038.34,1,1,0,102085.35,Loyal,0
770.0,France,Female,62.0,9,110738.89,1,1,0,22666.77,Loyal,1
561.0,France,Male,37.0,5,0.0,2,1,0,83093.25,Mid,0
437.0,France,Female,39.0,0,102721.49,1,0,0,22191.82,New,0
705.0,Spain,Male,33.0,7,68423.89,1,1,1,64872.55,Loyal,0
521.0,France,Male,35.0,6,96423.84,1,1,0,10488.44,Loyal,0
498.0,France,Female,31.0,10,0.0,2,1,0,13892.57,Loyal,0
850.0,France,Female,40.0,5,0.0,2,1,0,35034.15,Mid,0
690.0,France,Male,29.0,5,0.0,2,1,0,108577.97,Mid,0
593.0,Germany,Female,38.0,5,142658.04,2,0,1,135337.11,Mid,0
775.0,Germany,Male,51.0,2,123783.25,1,1,1,134901.57,New,0
556.0,France,Female,30.0,7,0.0,2,1,1,186648.19,Loyal,0
777.0,France,Male,36.0,7,0.0,1,1,0,106472.34,Loyal,0
774.0,France,Female,32.0,4,0.0,2,0,0,114899.13,Mid,0
619.0,Spain,Male,46.0,8,62400.48,1,1,1,132498.39,Loyal,1
745.0,France,Male,21.0,4,137910.45,1,1,1,177235.23,Mid,0
669.0,Spain,Male,22.0,10,0.0,2,1,0,176163.74,Loyal,0
646.0,France,Female,30.0,5,0.0,2,1,0,13935.32,Mid,0
512.0,Germany,Male,41.0,7,122403.24,1,0,1,37439.9,Loyal,1
585.0,France,Female,28.0,6,105795.9,1,1,1,41219.09,Loyal,0
598.0,Germany,Male,20.0,8,180293.84,2,1,1,29552.7,Loyal,0
748.0,France,Male,60.0,0,152335.7,1,1,0,126743.33,New,1
631.0,France,Male,35.0,9,112392.45,2,1,0,24472.23,Loyal,0
738.0,Germany,Female,40.0,6,114940.67,2,1,1,194895.57,Loyal,1
519.0,France,Male,39.0,1,97700.02,1,1,1,30709.03,New,0
779.0,Spain,Female,34.0,5,0.0,2,0,1,111676.63,Mid,0
690.0,France,Female,36.0,6,110480.48,1,0,0,81292.33,Loyal,0
778.0,Spain,Male,33.0,5,116474.28,2,1,1,32757.55,Mid,0
513.0,Spain,Male,62.0,10,0.0,2,1,1,52952.24,Loyal,0
784.0,Spain,Male,35.0,3,0.0,2,0,0,81483.64,Mid,0
648.0,Germany,Male,44.0,9,111369.79,2,1,1,91947.74,Loyal,0
601.0,Germany,Female,33.0,7,114430.18,2,1,1,153012.13,Loyal,0
843.0,France,Female,27.0,5,0.0,2,1,1,67494.23,Mid,0
564.0,France,Male,35.0,4,0.0,1,1,0,158937.55,Mid,0
564.0,Spain,Female,35.0,9,0.0,2,1,1,105837.38,Loyal,0
479.0,Germany,Male,35.0,9,92833.89,1,1,0,99449.86,Loyal,1
557.0,Spain,Male,36.0,1,113110.26,1,1,0,98413.1,New,0
789.0,France,Male,31.0,4,175477.15,1,1,1,172832.9,Mid,0
699.0,Germany,Male,59.0,3,106819.65,1,0,1,163570.25,Mid,0
731.0,Spain,Female,39.0,2,0.0,2,1,0,136737.13,New,0
685.0,France,Male,20.0,4,104719.94,2,1,0,38691.34,Mid,0
607.0,Germany,Male,38.0,3,98205.77,1,1,0,176318.27,Mid,0
626.0,France,Female,37.0,2,133968.96,2,1,0,148689.65,New,0
590.0,Spain,Male,22.0,7,125265.61,1,1,1,161253.08,Loyal,0
534.0,Spain,Male,35.0,4,0.0,2,0,0,9541.15,Mid,0
850.0,France,Male,40.0,1,76914.21,1,1,0,174183.44,New,0
690.0,France,Female,40.0,9,77641.99,1,0,0,189051.59,Loyal,1
477.0,France,Male,27.0,1,128554.98,1,1,1,133173.19,New,0
840.0,France,Male,30.0,8,136291.71,1,1,0,54113.38,Loyal,0
767.0,France,Female,44.0,2,152509.25,1,1,1,136915.15,New,0
574.0,Spain,Male,52.0,7,115532.52,1,1,0,196257.67,Loyal,0
850.0,Germany,Female,36.0,0,136980.23,2,1,1,99019.65,New,0
805.0,Germany,Female,26.0,8,42712.87,2,1,1,28861.69,Loyal,0
602.0,Germany,Female,48.0,7,76595.08,2,0,0,127095.14,Loyal,0
595.0,France,Male,31.0,4,0.0,2,1,0,189995.86,Mid,0
432.0,Germany,Male,38.0,2,135559.8,2,1,1,71856.3,New,0
646.0,France,Male,30.0,5,98014.74,1,1,1,12757.14,Mid,0
808.0,Spain,Male,47.0,8,139196.0,1,0,1,74028.36,Loyal,0
673.0,France,Male,39.0,7,82255.51,2,1,0,109545.56,Loyal,0
670.0,France,Female,41.0,10,0.0,3,1,0,81602.02,Loyal,0
680.0,France,Male,49.0,10,0.0,2,1,0,187008.45,Loyal,0
688.0,France,Female,54.0,9,0.0,1,1,0,191212.63,Loyal,1
595.0,Spain,Female,43.0,5,0.0,2,0,0,105149.8,Mid,0
724.0,France,Female,29.0,6,0.0,2,0,1,64729.51,Loyal,0
550.0,Germany,Male,49.0,0,108806.96,3,1,0,61446.92,New,1
564.0,France,Male,40.0,4,0.0,1,1,0,85455.62,Mid,1
496.0,Spain,Male,29.0,2,0.0,2,1,0,55389.59,New,0
611.0,France,Male,30.0,2,104145.65,1,0,0,159629.64,New,0
629.0,Spain,Male,34.0,1,121151.05,1,0,0,119357.93,New,0
699.0,Spain,Male,31.0,6,114493.68,1,0,0,138396.32,Loyal,0
666.0,France,Male,30.0,7,109805.3,1,0,1,163625.56,Loyal,0
523.0,France,Male,45.0,5,0.0,2,1,1,121428.2,Mid,0
669.0,France,Male,50.0,9,201009.64,1,1,0,158032.5,Loyal,1
654.0,Spain,Female,54.0,5,0.0,2,0,1,47139.06,Mid,0
822.0,France,Male,37.0,3,105563.0,1,1,0,182624.93,Mid,0
513.0,Spain,Female,31.0,5,174853.46,1,1,0,84238.63,Mid,0
651.0,France,Male,28.0,7,0.0,2,1,0,823.96,Loyal,0
750.0,France,Female,32.0,5,0.0,2,1,0,95611.47,Mid,0
693.0,Spain,Female,57.0,9,0.0,2,1,1,135502.77,Loyal,0
630.0,Germany,Female,34.0,9,106937.05,2,1,0,138275.01,Loyal,0
716.0,Germany,Male,50.0,2,119655.77,1,1,1,12944.17,New,1
620.0,Spain,Male,21.0,9,0.0,2,0,0,154882.79,Loyal,0
745.0,France,Male,25.0,5,157993.15,2,1,0,146041.45,Mid,0
678.0,Germany,Male,49.0,2,116933.11,1,1,0,195053.58,New,1
785.0,Germany,Female,36.0,2,99806.85,1,0,1,36976.52,New,0
547.0,France,Female,32.0,2,0.0,2,1,0,132002.83,New,0
700.0,Spain,Male,28.0,8,159900.38,1,0,0,22698.56,Loyal,0
646.0,Germany,Female,29.0,4,105957.44,1,1,0,15470.91,Mid,0
696.0,France,Female,41.0,8,0.0,2,0,0,28276.83,Loyal,0
517.0,Spain,Male,39.0,3,0.0,2,0,1,12465.51,Mid,0
654.0,France,Male,29.0,7,0.0,2,1,1,149184.15,Loyal,0
743.0,France,Male,36.0,4,0.0,2,1,1,190911.02,Mid,0
709.0,Germany,Male,34.0,4,148375.19,2,1,1,21521.38,Mid,0
681.0,France,Male,43.0,3,66338.68,1,1,1,18772.5,Mid,1
686.0,France,Female,43.0,0,0.0,1,1,1,170072.9,New,0
684.0,France,Male,32.0,9,100249.41,2,0,1,67599.69,Loyal,0
710.0,Germany,Male,34.0,8,147833.3,2,0,1,1561.58,Loyal,0
499.0,Spain,Female,42.0,0,147187.84,1,1,1,14868.94,New,1
641.0,France,Male,50.0,6,153590.73,2,1,1,130910.78,Loyal,0
619.0,Germany,Female,42.0,8,132796.04,3,1,1,191821.35,Loyal,1
550.0,France,Male,38.0,9,140278.99,3,1,1,171457.06,Loyal,1
509.0,Germany,Female,29.0,0,107712.57,2,1,1,92898.17,New,0
736.0,France,Female,30.0,9,0.0,2,1,0,34180.33,Loyal,0
662.0,France,Female,29.0,10,0.0,2,1,0,137508.31,Loyal,0
718.0,Germany,Female,33.0,4,70541.06,1,0,0,88592.8,Mid,0
501.0,France,Female,39.0,9,117301.66,1,0,0,182025.95,Loyal,0
636.0,France,Male,44.0,2,0.0,2,0,0,86414.41,New,0
786.0,Germany,Female,32.0,2,104336.43,2,0,0,59559.81,New,0
699.0,France,Male,40.0,7,0.0,1,0,1,152876.13,Loyal,1
749.0,Germany,Male,22.0,4,94762.16,2,1,1,42241.54,Mid,0
675.0,France,Female,34.0,10,84944.58,1,0,0,146230.63,Loyal,0
627.0,France,Male,37.0,2,125190.86,1,0,1,84584.69,New,0
820.0,France,Female,39.0,1,104614.29,1,1,0,61538.43,New,1
717.0,France,Female,41.0,3,135756.96,1,1,1,103706.41,Mid,0
623.0,France,Female,28.0,4,0.0,2,1,0,41227.67,Mid,0
466.0,France,Female,30.0,3,0.0,1,1,0,193984.6,Mid,0
672.0,Spain,Female,56.0,2,209767.31,2,1,1,150694.42,New,1
711.0,Germany,Female,53.0,5,123805.03,1,1,0,102428.51,Mid,0
768.0,Germany,Female,43.0,2,129264.05,2,0,0,19150.14,New,0
543.0,France,Female,62.0,0,128843.67,1,1,1,134612.48,New,0
640.0,Germany,Female,30.0,5,32197.64,1,0,1,141446.01,Mid,0
573.0,Germany,Female,35.0,9,206868.78,2,0,1,102986.15,Loyal,0
507.0,Germany,Female,46.0,8,102785.16,1,1,1,70323.68,Loyal,0
645.0,Germany,Male,33.0,8,149564.61,1,0,0,149913.84,Loyal,0
528.0,Germany,Male,39.0,0,127631.62,1,0,1,22197.8,New,1
742.0,Germany,Female,41.0,4,92805.72,1,0,1,73743.95,Mid,1
544.0,Germany,Male,44.0,2,108895.93,1,0,0,69228.2,New,1
733.0,France,Female,44.0,6,168165.84,1,0,1,197193.49,Loyal,0
812.0,Spain,Male,38.0,3,127117.8,2,1,1,174822.74,Mid,0
757.0,Germany,Male,26.0,8,121581.56,2,1,1,127059.04,Loyal,0
730.0,Spain,Male,38.0,5,118866.36,1,1,1,163317.5,Mid,0
645.0,Germany,Male,41.0,2,93925.3,1,1,0,123982.14,New,1
610.0,Spain,Female,31.0,5,0.0,2,0,0,63736.36,Mid,0
666.0,Germany,Female,36.0,3,129118.5,2,0,0,139435.12,Mid,0
590.0,France,Male,43.0,7,81076.8,2,1,1,182627.25,Loyal,1
616.0,Germany,Male,45.0,3,143129.41,2,0,1,64327.26,Mid,0
608.0,France,Female,33.0,4,0.0,1,1,0,79304.38,Mid,1
502.0,Germany,Male,33.0,5,174673.65,2,1,0,33300.56,Mid,0
835.0,France,Male,23.0,9,0.0,1,1,0,19793.73,Loyal,1
498.0,Germany,Female,44.0,2,120702.67,2,1,1,98175.74,New,0
714.0,France,Male,52.0,4,100755.66,1,1,1,186775.25,Mid,0
564.0,Germany,Male,40.0,7,108407.34,1,1,1,83681.2,Loyal,0
678.0,France,Male,43.0,5,102338.19,1,1,1,79649.62,Mid,0
605.0,Spain,Male,33.0,5,150092.8,1,0,0,71862.79,Mid,0
792.0,France,Female,42.0,0,99045.93,2,1,0,47160.01,New,0
583.0,France,Male,40.0,9,112701.04,1,0,0,29213.63,Loyal,0
681.0,Spain,Male,62.0,7,0.0,2,0,1,163714.92,Loyal,0
567.0,Germany,Female,49.0,5,134956.02,1,1,0,93953.84,Mid,1
512.0,France,Female,30.0,6,0.0,2,1,0,88827.31,Loyal,0
558.0,Germany,Male,25.0,10,111363.1,2,1,0,197264.35,Loyal,0
729.0,Germany,Male,36.0,8,152899.24,2,1,0,177130.33,Loyal,0
766.0,Germany,Male,37.0,2,99660.13,2,0,1,147700.78,New,0
850.0,France,Female,47.0,9,137301.87,1,1,0,44351.77,Loyal,0
604.0,France,Male,31.0,6,134837.58,1,1,0,192029.19,Loyal,0
842.0,Spain,Male,46.0,9,0.0,1,0,0,17268.02,Loyal,0
697.0,France,Female,25.0,4,165686.11,2,1,0,15467.98,Mid,0
430.0,France,Male,38.0,9,0.0,2,1,1,12050.77,Loyal,0
647.0,France,Male,28.0,8,0.0,2,1,1,91055.27,Loyal,0
730.0,Spain,Male,26.0,3,0.0,1,1,0,34542.41,Mid,0
742.0,Spain,Male,24.0,8,0.0,2,1,0,4070.28,Loyal,0
554.0,France,Female,35.0,10,74988.59,2,0,1,190155.13,Loyal,0
640.0,Spain,Female,32.0,6,118879.35,2,1,1,19131.71,Loyal,0
672.0,France,Female,53.0,9,169406.33,4,1,1,147311.47,Loyal,1
606.0,Spain,Female,46.0,8,0.0,2,1,1,183717.94,Loyal,0
744.0,France,Male,56.0,9,0.0,2,1,1,169498.61,Loyal,0
657.0,Spain,Female,41.0,6,112119.48,1,1,0,17536.82,Loyal,0
712.0,Germany,Male,28.0,4,145605.44,1,0,1,93883.53,Mid,0
582.0,France,Male,41.0,1,40488.76,1,1,0,128528.83,New,0
679.0,Germany,Female,34.0,7,121063.85,1,1,0,56984.58,Loyal,0
651.0,France,Male,45.0,2,165901.59,2,1,0,23054.51,New,1
752.0,Germany,Female,45.0,3,105426.5,2,0,1,89773.45,Mid,0
594.0,France,Male,23.0,5,156267.59,1,1,0,160968.44,Mid,0
659.0,France,Female,56.0,9,123785.24,1,1,0,99504.03,Loyal,1
521.0,Germany,Male,52.0,5,116497.31,3,0,0,53793.1,Mid,1
624.0,Germany,Female,52.0,0,133723.43,1,0,0,4859.59,New,1
760.0,Spain,Female,41.0,6,0.0,2,0,0,101491.23,Loyal,0
499.0,Spain,Female,53.0,1,75225.53,2,0,0,144849.1,New,1
512.0,France,Female,31.0,7,0.0,2,0,0,49326.07,Loyal,0
733.0,France,Male,36.0,5,0.0,2,1,1,109127.54,Mid,0
638.0,Spain,Female,55.0,2,155828.22,1,0,1,108987.25,New,1
602.0,France,Female,62.0,3,0.0,2,1,1,171260.66,Mid,0
577.0,Spain,Female,39.0,4,0.0,2,1,0,91366.42,Mid,0
733.0,Germany,Male,34.0,3,100337.96,3,1,0,48559.19,Mid,1
665.0,Spain,Male,38.0,9,0.0,1,0,1,87412.74,Loyal,0
657.0,Germany,Female,38.0,5,123770.46,1,0,0,47019.66,Mid,1
628.0,Spain,Male,50.0,8,0.0,1,0,0,144366.83,Loyal,1
629.0,Spain,Male,31.0,6,132876.55,1,1,1,130862.11,Loyal,0
618.0,France,Female,37.0,5,96652.86,1,1,0,98686.4,Mid,1
499.0,France,Female,57.0,1,0.0,1,0,0,131372.38,New,1
751.0,France,Male,47.0,5,142669.93,2,1,0,162760.96,Mid,0
535.0,France,Male,45.0,2,0.0,2,1,0,125658.28,New,0
628.0,France,Female,51.0,3,123981.31,2,1,1,40546.15,Mid,0
757.0,Germany,Female,34.0,9,101861.36,2,0,0,187011.96,Loyal,0
684.0,Spain,Female,36.0,4,0.0,1,1,0,117038.96,Mid,0
530.0,France,Female,34.0,8,0.0,2,0,1,141872.52,Loyal,0
695.0,France,Female,42.0,0,0.0,2,0,1,140724.64,New,0
691.0,France,Male,41.0,2,0.0,1,1,1,56850.92,New,1
803.0,France,Male,36.0,1,0.0,2,1,1,149370.93,New,0
499.0,France,Female,28.0,4,141792.61,1,1,1,22001.91,Mid,0
803.0,Germany,Male,34.0,4,142929.16,2,1,1,114869.56,Mid,0
579.0,Spain,Male,37.0,4,0.0,2,1,1,32246.63,Mid,0
597.0,France,Male,61.0,5,0.0,2,1,1,81299.17,Mid,0
643.0,France,Male,33.0,4,0.0,2,1,1,152992.04,Mid,0
476.0,Germany,Female,34.0,8,111905.43,1,0,1,197221.81,Loyal,1
715.0,Germany,Female,32.0,3,104857.19,2,1,0,114149.8,Mid,0
445.0,France,Female,33.0,7,0.0,2,1,0,122625.68,Loyal,0
584.0,Germany,Female,62.0,9,137727.34,2,0,1,121102.9,Loyal,0
586.0,France,Male,29.0,3,0.0,2,1,1,142238.54,Mid,0
577.0,France,Female,30.0,8,92472.1,2,0,1,126434.61,Loyal,0
682.0,France,Female,62.0,10,128306.7,1,0,1,66040.83,Loyal,0
505.0,Spain,Male,35.0,8,116932.59,1,1,0,91092.84,Loyal,0
673.0,France,Male,62.0,0,0.0,1,1,1,85733.33,New,0
592.0,Spain,Male,38.0,3,0.0,1,1,1,12905.89,Mid,1
515.0,France,Male,40.0,0,109542.29,1,1,1,166370.81,New,0
725.0,France,Male,45.0,1,129855.32,1,0,0,24218.65,New,0
623.0,Germany,Male,50.0,7,126608.37,1,0,1,645.61,Loyal,1
555.0,Spain,Male,33.0,5,127343.4,1,0,1,121789.3,Mid,0
619.0,France,Female,40.0,10,0.0,1,1,1,147093.84,Loyal,1
712.0,France,Male,32.0,9,100606.02,1,1,0,165693.06,Loyal,0
710.0,France,Male,30.0,6,0.0,2,1,1,8991.17,Loyal,0
646.0,France,Male,18.0,10,0.0,2,0,1,52795.15,Loyal,0
654.0,Germany,Male,37.0,5,112146.12,1,1,0,75927.35,Mid,0
731.0,France,Female,30.0,5,0.0,2,1,0,189528.72,Mid,0
615.0,France,Male,36.0,6,0.0,1,1,1,27011.8,Loyal,1
485.0,France,Male,41.0,2,100254.76,2,1,1,12706.67,New,0
554.0,France,Female,44.0,6,92436.86,1,1,0,126033.9,Loyal,0
705.0,France,Male,32.0,3,0.0,2,0,0,129576.99,Mid,0
561.0,Germany,Female,49.0,1,102025.32,1,1,0,133051.64,New,1
850.0,Spain,Male,51.0,3,109799.55,2,1,1,12457.76,Mid,1
439.0,Spain,Female,32.0,3,138901.61,1,1,0,75685.97,Mid,0
619.0,Spain,Female,38.0,6,0.0,2,1,1,117616.29,Loyal,0
712.0,Germany,Male,53.0,6,134729.99,2,1,1,132702.64,Loyal,0
650.0,Germany,Male,23.0,4,93911.3,2,1,0,69055.45,Mid,0
671.0,Spain,Female,34.0,10,0.0,1,1,0,23235.38,Loyal,0
850.0,France,Male,40.0,6,0.0,1,1,0,136985.08,Loyal,1
591.0,France,Female,34.0,3,96127.27,1,0,0,30972.06,Mid,0
567.0,Spain,Female,41.0,1,0.0,2,1,0,3414.72,New,0
567.0,France,Female,47.0,2,0.0,1,0,0,110900.43,New,1
799.0,Spain,Male,35.0,7,0.0,2,0,1,140780.8,Loyal,0
699.0,Spain,Male,34.0,8,0.0,1,1,1,76510.46,Loyal,0
581.0,France,Male,38.0,1,0.0,2,1,0,46176.22,New,0
833.0,Spain,Male,32.0,6,0.0,1,1,1,44323.22,Loyal,1
715.0,France,Female,31.0,2,112212.14,2,1,1,181600.72,New,0
808.0,Germany,Female,37.0,2,100431.84,1,1,0,35140.49,New,1
710.0,France,Male,38.0,3,130588.82,1,1,1,154997.64,Mid,0
667.0,Spain,Female,39.0,2,0.0,2,1,0,40721.24,New,1
606.0,Germany,Female,47.0,0,137138.2,2,0,1,53784.22,New,0
711.0,Germany,Male,26.0,9,128793.63,1,1,0,19262.05,Loyal,0
579.0,France,Female,33.0,1,118392.75,1,1,1,157564.75,New,0
649.0,France,Male,33.0,2,0.0,2,1,0,2010.98,New,0
553.0,Spain,Male,44.0,4,0.0,1,1,0,10789.3,Mid,0
679.0,France,Female,24.0,6,114948.76,2,0,1,135768.25,Loyal,0
635.0,Spain,Male,50.0,7,159453.64,2,0,0,54560.79,Loyal,1
682.0,France,Male,37.0,5,0.0,2,0,1,112554.68,Mid,0
420.0,Spain,Female,55.0,4,91893.32,1,1,0,144870.28,Mid,1
482.0,France,Male,55.0,5,97318.25,1,0,1,78416.14,Mid,0
580.0,Germany,Female,33.0,7,131647.01,2,0,0,79775.19,Loyal,0
528.0,Spain,Female,32.0,0,68138.37,1,1,1,170309.19,New,0
835.0,Germany,Female,29.0,10,130420.2,2,0,0,106276.55,Loyal,0
487.0,Spain,Female,31.0,1,0.0,2,1,0,158750.13,New,0
835.0,Spain,Male,45.0,3,100212.13,1,1,0,152577.62,Mid,0
641.0,France,Male,33.0,2,146193.6,2,1,1,55796.83,New,1
705.0,France,Male,33.0,3,144427.96,2,1,0,113845.19,Mid,0
594.0,Germany,Male,38.0,6,63176.44,2,1,1,14466.08,Loyal,0
673.0,Germany,Male,36.0,5,73088.06,2,0,0,196142.26,Mid,0
522.0,France,Female,41.0,7,0.0,2,0,1,176780.39,Loyal,0
565.0,Germany,Male,59.0,9,69129.59,1,1,1,170705.53,Loyal,0
661.0,France,Male,47.0,5,0.0,1,0,1,107243.31,Mid,1
719.0,Germany,Female,62.0,10,95052.29,1,1,0,176244.87,Loyal,0
738.0,France,Male,33.0,4,92676.3,1,1,0,105817.63,Mid,0
715.0,France,Male,28.0,7,160376.61,1,0,0,196853.11,Loyal,0
539.0,Germany,Female,34.0,4,91622.42,1,1,1,136603.42,Mid,0
637.0,France,Male,32.0,3,0.0,2,1,1,197827.06,Mid,0
844.0,France,Male,38.0,7,111501.66,1,1,1,119333.38,Loyal,0
541.0,Germany,Male,40.0,7,95710.11,2,1,0,49063.42,Loyal,0
687.0,France,Female,47.0,7,0.0,2,1,1,177624.01,Loyal,0
755.0,France,Male,29.0,9,117035.89,1,1,1,21862.19,Loyal,0
542.0,France,Male,32.0,7,107871.72,1,1,0,125302.64,Loyal,0
686.0,France,Male,26.0,7,0.0,2,1,0,1540.89,Loyal,0
588.0,Germany,Female,37.0,7,70258.88,2,1,0,139607.61,Loyal,0
807.0,Germany,Male,47.0,1,171937.27,1,1,1,65636.92,New,0
712.0,France,Male,35.0,7,124616.23,1,1,1,69320.97,Loyal,0
655.0,Spain,Male,34.0,1,116114.93,1,1,1,49492.15,New,0
625.0,Germany,Female,35.0,5,86147.46,2,1,0,163440.8,Mid,1
693.0,Germany,Female,41.0,9,181461.48,3,1,1,187929.43,Loyal,1
728.0,France,Male,33.0,8,129907.63,1,0,1,36083.96,Loyal,0
688.0,Spain,Female,33.0,2,0.0,1,0,0,27557.18,New,1
664.0,Germany,Male,25.0,6,172812.72,2,1,1,108008.65,Loyal,0
709.0,France,Male,31.0,6,0.0,2,1,1,71009.84,Loyal,0
587.0,Spain,Female,35.0,3,83286.56,1,1,0,125553.52,Mid,0
461.0,Germany,Female,34.0,5,63663.93,1,0,1,167784.28,Mid,0
511.0,Germany,Female,40.0,9,124401.6,1,1,0,198814.24,Loyal,1
659.0,Spain,Male,32.0,3,107594.11,2,1,1,102416.84,Mid,0
720.0,Germany,Male,23.0,0,187861.18,2,1,1,104120.17,New,0
829.0,France,Male,38.0,9,0.0,2,1,0,30529.88,Loyal,0
835.0,France,Male,25.0,7,0.0,2,1,1,83449.65,Loyal,0
642.0,France,Male,30.0,8,117494.27,1,0,0,61977.82,Loyal,0
754.0,Germany,Male,27.0,7,117578.35,2,0,1,87908.01,Loyal,0
810.0,France,Male,33.0,6,0.0,2,1,1,77965.67,Loyal,0
672.0,France,Male,31.0,6,91125.75,1,1,0,177295.92,Loyal,0
647.0,Germany,Male,30.0,6,143138.91,2,1,0,2955.46,Loyal,0
504.0,France,Female,62.0,8,0.0,1,1,1,34595.58,Loyal,0
559.0,France,Female,34.0,5,68999.66,2,1,1,66879.27,Mid,0
527.0,Germany,Female,39.0,9,96748.89,2,1,0,94711.43,Loyal,0
692.0,France,Female,31.0,2,0.0,2,1,0,91829.17,New,1
798.0,Germany,Female,39.0,6,119787.76,1,1,1,164248.33,Loyal,0
634.0,France,Female,45.0,2,0.0,4,1,0,101039.53,New,1
557.0,France,Male,42.0,6,177822.03,1,1,0,150944.31,Loyal,1
673.0,Germany,Female,62.0,3,78833.15,2,1,1,37196.15,Mid,0
672.0,France,Female,53.0,7,0.0,1,1,1,136910.18,Loyal,0
653.0,France,Female,32.0,4,83772.95,1,0,1,23920.65,Mid,0
678.0,France,Female,48.0,2,0.0,2,1,1,32301.88,New,0
699.0,Spain,Male,47.0,1,0.0,2,0,1,30117.44,New,0
542.0,Spain,Male,32.0,2,131945.94,1,0,1,159737.56,New,0
636.0,Germany,Male,36.0,6,96643.32,1,0,0,182059.28,Loyal,0
835.0,Germany,Male,20.0,4,124365.42,1,0,0,180197.74,Mid,1
753.0,France,Male,48.0,4,0.0,2,0,1,146821.42,Mid,0
485.0,Germany,Male,51.0,7,144244.59,2,1,0,51113.14,Loyal,0
634.0,Spain,Female,41.0,4,0.0,2,1,1,164549.74,Mid,0
574.0,Spain,Male,36.0,3,0.0,2,1,1,8559.66,Mid,0
651.0,France,Male,40.0,4,0.0,2,1,1,147715.83,Mid,0
779.0,Spain,Female,55.0,0,133295.98,1,1,0,22832.71,New,1
725.0,France,Female,33.0,4,0.0,1,1,1,67879.8,Mid,0
544.0,France,Female,40.0,7,0.0,1,0,1,161076.92,Loyal,0
698.0,France,Male,36.0,2,82275.35,2,1,1,93249.26,New,0
577.0,Germany,Female,31.0,4,61211.18,1,1,1,145250.43,Mid,0
575.0,Spain,Female,37.0,0,0.0,2,0,0,30114.32,New,0
565.0,France,Male,36.0,6,106192.1,1,1,0,149575.59,Loyal,0
786.0,Spain,Male,31.0,9,0.0,2,1,1,18210.36,Loyal,0
583.0,France,Female,42.0,7,0.0,2,1,0,144039.05,Loyal,0
606.0,Germany,Male,27.0,2,130274.26,2,1,0,147533.09,New,0
490.0,Spain,Male,31.0,3,145260.23,1,0,1,114066.77,Mid,0
672.0,Germany,Female,23.0,10,110741.56,1,1,0,80778.5,Loyal,0
785.0,Spain,Female,61.0,4,129855.72,2,1,0,170214.82,Mid,1
696.0,Spain,Male,60.0,8,88786.81,1,1,1,196858.4,Loyal,0
597.0,France,Female,29.0,1,132144.35,1,1,0,158086.33,New,0
619.0,Spain,Female,56.0,7,0.0,2,1,1,42442.21,Loyal,0
663.0,Spain,Male,31.0,4,103430.11,2,0,1,36479.27,Mid,0
584.0,France,Male,36.0,9,0.0,1,1,1,105818.51,Loyal,0
575.0,France,Male,46.0,1,0.0,2,1,1,65998.26,New,0
627.0,Germany,Male,27.0,0,185267.45,2,1,1,77027.34,New,0
636.0,Germany,Female,31.0,9,80844.69,2,1,1,74641.9,Loyal,0
724.0,Germany,Male,37.0,6,125489.4,1,1,0,118570.53,Loyal,0
588.0,Germany,Male,41.0,6,106116.56,2,1,0,198766.61,Loyal,0
690.0,Germany,Male,44.0,9,100368.63,2,0,0,35342.33,Loyal,0
520.0,Spain,Female,62.0,5,162278.32,1,1,1,34765.33,Mid,0
473.0,Germany,Female,32.0,5,146602.25,2,1,1,72946.95,Mid,0
427.0,France,Male,33.0,8,0.0,1,1,1,13858.95,Loyal,0
735.0,France,Male,55.0,6,134140.68,1,1,0,2267.88,Loyal,0
660.0,France,Male,38.0,7,0.0,2,0,1,146585.53,Loyal,0
688.0,Spain,Female,46.0,3,0.0,2,0,1,104902.68,Mid,0
626.0,France,Female,32.0,0,0.0,2,0,0,187172.54,New,0
516.0,France,Female,45.0,4,0.0,1,1,0,95273.73,Mid,1
590.0,Germany,Female,40.0,2,117641.43,2,0,0,92198.05,New,0
576.0,France,Male,39.0,1,0.0,2,1,1,68814.23,New,0
648.0,Germany,Female,45.0,5,118886.55,1,0,0,51636.7,Mid,0
670.0,France,Female,42.0,1,115961.58,2,0,1,29483.87,New,0
620.0,Spain,Male,31.0,2,166833.86,2,1,1,135171.6,New,0
793.0,France,Male,35.0,2,0.0,2,1,1,79704.12,New,0
597.0,Germany,Female,39.0,8,162532.14,3,1,0,36051.46,Loyal,1
726.0,France,Female,32.0,8,0.0,2,0,0,185075.63,Loyal,0
850.0,France,Male,49.0,5,122486.47,1,0,1,59748.19,Mid,0
701.0,Spain,Female,34.0,6,107980.37,1,1,1,119374.74,Loyal,0
651.0,Spain,Male,45.0,4,0.0,2,0,0,193009.21,Mid,0
610.0,Germany,Female,62.0,5,86038.21,3,0,0,192743.06,Mid,1
619.0,France,Female,28.0,3,0.0,2,1,0,53394.12,Mid,0
676.0,Spain,Male,48.0,1,131659.59,2,0,1,14152.15,New,0
760.0,Germany,Male,42.0,0,77992.97,2,1,1,97906.38,New,0
766.0,Germany,Female,38.0,7,130933.74,1,0,1,2035.94,Loyal,0
575.0,France,Male,36.0,7,0.0,1,1,1,55868.97,Loyal,1
700.0,Spain,Female,43.0,0,0.0,2,1,0,59475.35,New,0
594.0,Germany,Male,28.0,5,185013.02,1,1,0,16481.12,Mid,0
619.0,Spain,Female,41.0,8,0.0,3,1,1,79866.73,Loyal,1
771.0,Germany,Female,38.0,5,137657.71,2,1,0,72985.61,Mid,0
714.0,Germany,Male,29.0,6,92887.13,1,1,1,69578.49,Loyal,0
662.0,France,Female,36.0,4,166909.2,2,1,0,138871.12,Mid,1
576.0,France,Female,29.0,5,108541.04,1,1,1,126469.09,Mid,0
658.0,France,Female,24.0,2,0.0,2,1,1,84694.49,New,0
664.0,Germany,Female,49.0,5,127421.78,2,1,0,108876.75,Mid,1
632.0,Germany,Male,30.0,2,72549.0,2,0,1,182728.8,New,0
691.0,Spain,Male,35.0,6,0.0,2,0,1,178038.17,Loyal,0
773.0,Spain,Male,62.0,9,111179.83,1,1,1,93091.02,Loyal,0
639.0,France,Male,22.0,4,0.0,2,1,0,28188.96,Mid,0
669.0,France,Female,43.0,1,160474.59,1,1,1,95963.14,New,0
726.0,Germany,Male,50.0,9,94504.35,1,0,1,5078.9,Loyal,0
607.0,France,Male,26.0,1,0.0,1,1,0,29818.2,New,0
830.0,Germany,Female,40.0,8,77701.64,1,0,1,19512.38,Loyal,0
756.0,Germany,Male,27.0,1,131899.0,1,1,0,93302.29,New,0
730.0,Spain,Male,25.0,5,167385.81,1,1,1,56307.51,Mid,0
666.0,Spain,Female,47.0,5,0.0,1,0,0,166650.9,Mid,1
558.0,France,Female,56.0,7,121235.05,2,1,1,116253.1,Loyal,0
635.0,Spain,Female,32.0,8,0.0,2,1,1,19367.98,Loyal,1
808.0,France,Male,24.0,4,122168.65,1,1,0,174107.04,Mid,0
475.0,France,Female,46.0,10,0.0,2,0,0,122953.0,Loyal,1
516.0,France,Female,29.0,2,104982.57,1,1,0,157378.5,New,0
850.0,France,Male,30.0,6,86449.39,1,1,1,188809.23,Loyal,0
841.0,Germany,Female,52.0,3,112383.03,1,1,0,85516.37,Mid,1
640.0,Spain,Female,46.0,8,0.0,2,1,0,89043.19,Loyal,0
580.0,Spain,Male,61.0,8,125921.37,1,1,1,94677.83,Loyal,0
775.0,France,Female,62.0,9,0.0,2,1,1,67622.34,Loyal,0
685.0,France,Female,40.0,7,0.0,1,1,0,72852.74,Loyal,1
783.0,France,Female,62.0,5,121215.9,2,1,1,105206.48,Mid,0
765.0,Germany,Female,34.0,8,136729.51,2,0,0,47058.21,Loyal,0
557.0,France,Female,28.0,7,146445.24,2,1,0,184317.74,Loyal,0
580.0,Germany,Female,42.0,2,123331.36,1,0,0,103516.08,New,1
612.0,Germany,Female,36.0,2,130700.92,2,0,0,77592.8,New,0
591.0,France,Male,45.0,5,0.0,2,1,1,155492.87,Mid,0
669.0,France,Male,30.0,7,95128.86,1,0,0,19799.26,Loyal,0
701.0,France,Female,41.0,2,0.0,1,1,0,47856.78,New,0
632.0,France,Male,40.0,3,193354.86,2,1,0,149188.41,Mid,0
544.0,France,Male,62.0,9,113829.45,1,1,1,124341.49,Loyal,0
667.0,Germany,Male,33.0,9,124573.33,2,0,0,683.37,Loyal,0
637.0,France,Male,33.0,5,0.0,2,1,0,139947.17,Mid,0
642.0,Germany,Female,19.0,3,113905.48,1,1,1,176137.2,Mid,0
780.0,Germany,Male,51.0,4,126725.25,1,1,0,195259.31,Mid,1
621.0,France,Male,27.0,4,137003.68,1,1,0,21254.06,Mid,0
600.0,France,Female,26.0,6,108909.12,1,1,0,82547.01,Loyal,0
544.0,Germany,Male,37.0,2,79731.91,1,1,1,57558.95,New,0
796.0,Germany,Male,40.0,2,113228.38,2,1,1,46415.09,New,0
649.0,France,Male,47.0,1,0.0,2,1,1,145593.85,New,0
652.0,France,Female,31.0,3,103696.97,3,0,0,155221.05,Mid,1
457.0,France,Female,33.0,7,127837.54,1,0,1,60013.17,Loyal,0
791.0,Germany,Female,35.0,7,52436.2,1,1,0,161051.75,Loyal,0
497.0,Spain,Male,27.0,9,75263.16,1,1,1,164825.04,Loyal,0
610.0,France,Female,27.0,4,87262.4,2,1,0,182720.07,Mid,0
580.0,France,Male,50.0,0,125647.36,1,1,0,57541.08,New,1
500.0,France,Female,34.0,6,0.0,1,1,1,140268.45,Loyal,0
738.0,Germany,Male,37.0,7,140950.92,2,1,0,195333.98,Loyal,0
689.0,Spain,Female,31.0,4,0.0,2,1,1,136610.02,Mid,0
614.0,Germany,Male,32.0,7,99462.8,2,1,1,51117.06,Loyal,0
599.0,France,Female,43.0,4,0.0,1,1,0,170347.1,Mid,0
695.0,Spain,Male,56.0,1,0.0,3,1,0,187734.49,New,1
614.0,Spain,Male,35.0,2,127283.78,1,1,1,31302.35,New,0
765.0,Spain,Female,33.0,5,84557.82,1,1,1,69039.43,Mid,0
798.0,Spain,Female,58.0,9,0.0,2,0,0,119071.56,Loyal,1
730.0,France,Female,34.0,5,74197.38,2,1,0,96875.52,Mid,0
555.0,Spain,Male,21.0,1,0.0,2,0,0,103901.35,New,0
441.0,France,Male,60.0,1,140614.15,1,0,1,174381.23,New,0
694.0,Germany,Female,37.0,8,98218.04,2,1,0,182354.46,Loyal,1
809.0,Germany,Female,42.0,6,64497.94,3,0,1,182436.81,Loyal,1
578.0,France,Male,32.0,4,0.0,2,1,1,141822.8,Mid,0
775.0,France,Female,30.0,5,0.0,1,1,0,193880.6,Mid,1
749.0,Germany,Male,54.0,3,144768.94,1,1,0,93336.3,Mid,1
700.0,Germany,Female,28.0,3,99705.69,2,0,0,146723.72,Mid,0
651.0,Spain,Female,45.0,8,95922.9,1,1,0,84782.42,Loyal,1
689.0,Spain,Female,38.0,6,121021.05,1,1,1,12182.15,Loyal,0
506.0,France,Female,41.0,1,0.0,2,1,0,31766.3,New,0
669.0,France,Male,26.0,4,0.0,2,1,1,197594.34,Mid,0
679.0,France,Female,36.0,3,0.0,2,1,1,2243.41,Mid,0
678.0,Germany,Female,37.0,8,149000.91,2,1,1,21472.42,Loyal,0
605.0,France,Female,28.0,6,0.0,2,0,0,159508.52,Loyal,0
725.0,France,Male,46.0,6,0.0,2,1,0,161767.38,Loyal,0
662.0,France,Male,32.0,9,0.0,2,0,0,65089.38,Loyal,0
689.0,Germany,Male,62.0,9,157094.78,1,1,1,99490.01,Loyal,0
722.0,Spain,Female,32.0,4,0.0,2,1,1,113666.48,Mid,0
446.0,France,Female,39.0,1,90217.07,1,1,0,191350.48,New,0
606.0,France,Female,35.0,0,135984.15,2,1,0,186778.89,New,0
786.0,France,Male,35.0,3,0.0,2,1,0,92712.97,Mid,0
624.0,France,Male,51.0,10,123401.43,2,1,1,127825.25,Loyal,0
569.0,Spain,Male,35.0,3,116969.35,1,0,0,94488.82,Mid,0
776.0,Germany,Male,38.0,5,112281.7,1,0,1,89893.6,Mid,0
774.0,France,Female,36.0,9,114997.42,1,1,0,75304.09,Loyal,0
479.0,France,Male,40.0,1,0.0,2,0,0,114996.43,New,0
771.0,Germany,Male,32.0,9,77487.2,1,0,0,33143.04,Loyal,0
615.0,France,Female,35.0,2,97440.02,2,1,1,139816.1,New,0
664.0,Spain,Male,41.0,7,123428.69,1,1,1,164924.11,Loyal,0
618.0,France,Female,31.0,4,0.0,2,1,0,29176.04,Mid,0
724.0,France,Female,62.0,5,117866.92,1,1,1,62280.91,Mid,0
620.0,Spain,Male,36.0,7,169312.72,1,1,0,45414.09,Loyal,0
705.0,France,Female,31.0,3,142905.51,1,1,1,58134.97,Mid,0
797.0,Spain,Female,31.0,8,0.0,2,1,0,117916.63,Loyal,0
592.0,France,Female,31.0,2,84102.11,2,0,1,116385.24,New,0
709.0,France,Male,36.0,0,0.0,2,1,0,46811.77,New,0
767.0,Germany,Female,35.0,6,132253.22,1,1,0,115566.57,Loyal,1
684.0,France,Female,27.0,9,122550.05,2,0,1,137835.82,Loyal,0
512.0,Spain,Male,31.0,6,0.0,2,1,0,168462.26,Loyal,0
571.0,France,Female,30.0,4,85755.86,1,1,0,145115.95,Mid,0
623.0,Spain,Female,40.0,7,0.0,1,1,1,25904.12,Loyal,0
749.0,France,Male,42.0,2,56726.83,2,0,1,185543.35,New,0
598.0,Germany,Male,53.0,10,167772.96,1,1,1,136886.86,Loyal,0
542.0,France,Male,29.0,9,0.0,1,1,0,8342.35,Loyal,0
712.0,Spain,Female,62.0,5,108078.56,1,1,1,174118.93,Mid,0
680.0,France,Female,25.0,4,123816.5,1,1,1,90162.35,Mid,0
637.0,Spain,Male,43.0,8,0.0,1,1,0,12156.93,Loyal,1
739.0,Spain,Female,27.0,8,98926.4,1,1,1,106969.98,Loyal,0
675.0,France,Female,39.0,6,0.0,2,0,0,83419.15,Loyal,0
502.0,Germany,Female,40.0,7,117304.29,1,0,0,196278.32,Loyal,0
706.0,Germany,Male,36.0,9,58571.18,2,1,0,40774.01,Loyal,0
596.0,Germany,Male,40.0,5,62389.03,3,1,0,148623.43,Mid,1
707.0,Spain,Female,35.0,3,56674.48,1,1,0,17987.4,Mid,1
574.0,France,Male,26.0,8,97460.1,1,1,1,43093.67,Loyal,0
662.0,Germany,Male,59.0,2,104568.41,1,1,0,8059.44,New,1
748.0,France,Male,40.0,3,95297.11,1,0,0,171515.84,Mid,0
650.0,Germany,Female,35.0,3,165982.43,2,1,1,24482.16,Mid,0
707.0,France,Female,44.0,6,0.0,2,1,1,192542.17,Loyal,0
424.0,Spain,Male,34.0,7,0.0,1,1,1,16250.61,Loyal,0
850.0,France,Female,35.0,2,128548.49,4,1,0,75478.95,New,1
624.0,France,Female,23.0,5,0.0,2,0,0,132418.59,Mid,0
709.0,Spain,Female,45.0,2,0.0,2,0,1,162922.65,New,0
791.0,France,Male,34.0,7,0.0,2,1,0,96734.46,Loyal,0
690.0,France,Male,47.0,2,0.0,2,1,0,151375.73,New,0
679.0,Germany,Male,58.0,8,125850.53,2,1,1,87008.17,Loyal,0
608.0,France,Female,28.0,9,0.0,2,1,1,125062.02,Loyal,0
597.0,France,Female,60.0,0,131778.08,1,0,0,10703.53,New,1
717.0,France,Female,59.0,4,0.0,2,1,1,170528.63,Mid,0
683.0,France,Male,30.0,10,57657.49,1,0,0,79240.9,Loyal,0
500.0,Spain,Female,47.0,8,128486.11,1,1,0,179227.12,Loyal,0
627.0,France,Male,27.0,1,62092.9,1,1,1,105887.04,New,0
695.0,Spain,Male,32.0,9,0.0,3,0,1,38533.79,Loyal,0
691.0,France,Male,30.0,9,0.0,1,1,0,49594.02,Loyal,0
796.0,France,Male,24.0,8,0.0,2,1,0,61349.37,Loyal,0
763.0,Spain,Male,37.0,8,0.0,2,1,1,933.38,Loyal,0
601.0,France,Female,46.0,3,98202.76,1,0,0,137763.93,Mid,0
729.0,France,Female,36.0,8,109106.8,1,0,0,121311.12,Loyal,0
746.0,France,Female,34.0,4,0.0,1,0,1,65166.6,Mid,0
449.0,France,Female,21.0,7,0.0,2,0,0,175743.92,Loyal,0
646.0,Spain,Male,31.0,2,0.0,1,1,1,170821.43,New,1
744.0,Germany,Male,32.0,4,96106.83,1,1,1,79812.77,Mid,0
516.0,France,Female,37.0,8,113143.12,1,0,0,3363.36,Loyal,0
707.0,Spain,Female,32.0,4,132835.56,1,0,0,136877.24,Mid,0
668.0,France,Male,42.0,3,150461.07,1,1,0,108139.23,Mid,0
512.0,Spain,Male,39.0,3,0.0,1,1,0,134878.19,Mid,0
623.0,Spain,Male,44.0,1,83325.77,1,0,1,80828.78,New,0
682.0,Spain,Female,47.0,10,134032.01,1,1,0,144290.97,Loyal,0
501.0,France,Male,40.0,4,125832.2,1,1,1,100433.83,Mid,0
574.0,Spain,Male,36.0,1,0.0,2,0,1,71709.12,New,0
728.0,France,Female,59.0,4,0.0,1,1,1,163365.85,Mid,1
471.0,Germany,Male,23.0,6,104592.55,2,1,0,131736.23,Loyal,0
714.0,Spain,Male,44.0,7,0.0,1,0,1,6923.11,Loyal,0
591.0,Spain,Male,31.0,8,0.0,1,1,1,141677.33,Loyal,0
850.0,Germany,Female,48.0,6,111962.99,1,1,0,111755.8,Loyal,0
646.0,Germany,Male,39.0,0,154439.86,1,1,0,171519.06,New,0
611.0,France,Male,40.0,1,0.0,2,1,1,102547.56,New,0
776.0,Germany,Female,32.0,4,109421.13,2,1,1,126517.46,Mid,0
651.0,Spain,Male,42.0,2,143145.87,2,1,0,43612.06,New,0
598.0,France,Male,35.0,8,114212.6,1,1,1,74322.85,Loyal,0
677.0,France,Male,37.0,3,88363.03,1,0,1,117946.3,Mid,0
768.0,Spain,Female,42.0,3,0.0,1,0,0,161242.99,Mid,1
706.0,Spain,Female,43.0,1,0.0,2,1,0,31962.77,New,0
689.0,France,Female,58.0,5,0.0,2,0,1,49848.86,Mid,0
591.0,Spain,Male,30.0,8,124857.69,2,0,0,50485.7,Loyal,0
516.0,Germany,Male,32.0,3,145166.09,2,0,0,111421.45,Mid,0
780.0,Spain,Female,33.0,6,145580.61,1,1,1,154598.56,Loyal,0
610.0,Spain,Female,37.0,10,140363.95,2,1,1,129563.86,Loyal,0
777.0,France,Male,37.0,1,0.0,1,1,1,126837.72,New,0
705.0,Spain,Female,40.0,5,203715.15,1,1,0,179978.68,Mid,1
614.0,Spain,Male,39.0,3,151914.93,1,0,0,56459.45,Mid,0
848.0,Germany,Male,31.0,4,90018.45,2,1,0,193132.98,Mid,0
529.0,France,Female,38.0,2,0.0,1,1,0,146388.85,New,1
535.0,France,Female,48.0,9,0.0,1,1,0,149892.79,Loyal,1
653.0,Spain,Female,27.0,6,107751.68,2,1,1,33389.42,Loyal,0
639.0,Germany,Male,38.0,5,130170.82,1,1,1,149599.62,Mid,0
621.0,Germany,Female,55.0,7,131033.76,1,0,1,75685.59,Loyal,1
850.0,France,Male,40.0,8,102800.65,1,1,0,60811.56,Loyal,0
735.0,France,Female,53.0,8,123845.36,2,0,1,170454.93,Loyal,1
692.0,Spain,Female,47.0,3,0.0,2,1,0,150802.41,Mid,1
616.0,France,Male,40.0,9,0.0,2,0,0,93717.55,Loyal,0
664.0,France,Male,55.0,8,0.0,2,1,1,139161.64,Loyal,0
610.0,France,Male,40.0,0,0.0,2,1,0,62232.6,New,0
540.0,Germany,Female,42.0,9,87271.41,2,1,0,172572.64,Loyal,0
587.0,Germany,Male,40.0,5,138241.9,2,1,0,159418.1,Mid,0
628.0,France,Male,25.0,7,0.0,2,1,1,195977.75,Loyal,0
763.0,Spain,Female,37.0,6,0.0,2,1,1,149705.25,Loyal,0
814.0,France,Male,49.0,8,0.0,2,0,0,157822.54,Loyal,0
515.0,France,Male,48.0,5,129387.94,1,0,1,147955.91,Mid,1
530.0,France,Female,29.0,5,0.0,2,0,0,121451.21,Mid,0
630.0,Germany,Female,23.0,4,137964.51,1,0,1,174570.55,Mid,0
620.0,France,Male,28.0,9,71902.52,1,0,1,190208.23,Loyal,0
668.0,Germany,Male,56.0,9,110993.79,1,1,0,134396.64,Loyal,1
666.0,France,Male,36.0,3,0.0,2,1,0,35156.54,Mid,0
620.0,France,Male,37.0,0,107548.94,1,1,0,71175.94,New,0
612.0,Spain,Male,33.0,5,69478.57,1,1,0,8973.67,Mid,1
696.0,France,Male,29.0,8,0.0,2,1,0,191166.09,Loyal,0
632.0,France,Male,38.0,4,0.0,2,0,0,192505.62,Mid,0
796.0,Spain,Male,56.0,6,94231.13,1,0,0,121164.6,Loyal,1
630.0,France,Female,36.0,2,110414.48,1,1,1,48984.95,New,0
802.0,France,Male,38.0,1,142557.11,1,1,1,172497.73,New,0
526.0,Germany,Male,58.0,9,190298.89,2,1,1,191263.76,Loyal,0
554.0,France,Male,33.0,3,117413.95,1,1,1,12766.74,Mid,0
667.0,France,Male,42.0,9,0.0,2,0,1,58137.42,Loyal,0
550.0,France,Male,44.0,9,0.0,2,1,0,26257.01,Loyal,0
691.0,France,Male,38.0,1,0.0,2,0,0,44653.5,New,0
603.0,Germany,Male,35.0,1,105346.03,2,1,1,130379.5,New,0
687.0,Germany,Male,41.0,10,134318.21,2,1,1,198064.52,Loyal,0
773.0,Germany,Female,42.0,8,152324.66,2,1,0,171733.22,Loyal,0
595.0,France,Female,33.0,9,0.0,2,1,1,41447.86,Loyal,0
733.0,Spain,Male,35.0,8,102918.38,1,1,1,45959.86,Loyal,0
783.0,Spain,Female,37.0,1,136689.66,1,1,0,197890.65,New,0
498.0,France,Male,62.0,2,170241.7,2,1,1,165407.96,New,0
654.0,France,Male,38.0,8,0.0,2,1,0,88659.44,Loyal,0
667.0,France,Male,31.0,3,99513.91,1,1,1,189657.26,Mid,0
598.0,France,Male,62.0,1,0.0,2,1,0,195635.3,New,1
632.0,France,Male,41.0,0,106134.46,1,0,1,105570.39,New,0
534.0,France,Female,23.0,5,104822.45,1,0,1,160176.47,Mid,0
452.0,Spain,Male,44.0,3,88915.85,1,1,0,69697.74,Mid,0
811.0,France,Female,35.0,7,0.0,1,1,1,178.19,Loyal,0
488.0,Spain,Female,39.0,9,140553.46,1,0,0,12440.44,Loyal,0
715.0,France,Male,45.0,4,0.0,2,1,1,55043.93,Mid,0
581.0,France,Female,27.0,5,102258.11,2,1,0,194681.6,Mid,0
496.0,France,Female,36.0,7,0.0,2,0,0,108098.28,Loyal,0
707.0,France,Male,58.0,6,89685.92,1,0,1,126471.13,Loyal,0
592.0,France,Female,27.0,4,0.0,2,1,1,183569.25,Mid,0
588.0,Germany,Female,40.0,10,125534.51,1,1,0,121504.18,Loyal,1
383.0,France,Female,44.0,6,128747.69,1,1,0,146955.71,Loyal,1
632.0,France,Female,21.0,1,0.0,2,1,0,84008.66,New,0
617.0,France,Male,25.0,1,102585.88,2,1,1,115387.4,New,0
687.0,Germany,Female,27.0,9,152328.88,2,0,0,126494.82,Loyal,0
727.0,France,Male,52.0,4,0.0,2,1,1,118429.02,Mid,0
668.0,Spain,Male,25.0,8,0.0,2,1,1,135112.09,Loyal,0
850.0,France,Female,34.0,9,92899.27,2,1,0,97465.89,Loyal,0
817.0,Germany,Female,27.0,7,129810.6,1,1,1,59259.44,Loyal,0
464.0,Germany,Male,33.0,8,164284.72,2,1,1,3710.34,Loyal,0
697.0,France,Female,25.0,1,0.0,2,0,0,87803.32,New,0
527.0,Spain,Female,36.0,6,0.0,2,1,1,102280.29,Loyal,0
543.0,France,Female,42.0,5,0.0,2,0,0,101905.34,Mid,0
588.0,Germany,Female,42.0,2,164307.77,1,1,0,48498.19,New,0
526.0,France,Male,30.0,9,0.0,2,0,0,100995.68,Loyal,0
595.0,Germany,Male,34.0,2,87967.42,2,0,1,156309.52,New,0
732.0,France,Male,62.0,10,61811.23,1,1,1,104222.8,Loyal,0
528.0,Spain,Male,43.0,7,97473.87,2,1,1,159823.16,Loyal,0
674.0,Germany,Female,36.0,6,100762.64,1,1,0,182156.86,Loyal,0
561.0,France,Female,35.0,5,0.0,2,1,0,59981.62,Mid,0
701.0,France,Male,30.0,3,156660.72,2,1,0,45742.42,Mid,0
592.0,France,Male,28.0,2,116498.22,1,1,0,144290.25,New,0
622.0,Spain,Female,41.0,9,0.0,2,1,1,155786.39,Loyal,0
651.0,Germany,Female,37.0,10,117791.06,2,1,1,75837.58,Loyal,0
773.0,France,Female,41.0,7,190238.93,1,1,1,57549.65,Loyal,0
532.0,France,Male,44.0,3,148595.55,1,1,0,74838.64,Mid,1
491.0,Germany,Female,57.0,4,112044.72,1,1,1,41229.73,Mid,1
768.0,France,Male,25.0,0,78396.08,1,1,1,8316.19,New,0
657.0,Germany,Male,30.0,1,139762.13,2,1,1,23317.88,New,0
724.0,Germany,Male,36.0,6,94615.11,2,1,1,10627.21,Loyal,0
820.0,France,Male,33.0,2,132150.26,2,1,0,23067.97,New,0
637.0,Spain,Female,54.0,5,0.0,1,0,1,150836.98,Mid,0
789.0,Germany,Female,43.0,9,116644.29,2,1,1,60176.1,Loyal,0
748.0,France,Female,26.0,1,77780.29,1,0,1,183049.41,New,0
693.0,France,Male,37.0,1,0.0,2,1,1,82867.55,New,0
764.0,France,Female,44.0,1,0.0,2,1,1,11467.38,New,0
780.0,France,Female,43.0,0,0.0,1,0,1,15705.27,New,0
670.0,Spain,Male,35.0,2,124268.64,2,0,1,84321.03,New,0
701.0,Spain,Female,42.0,5,0.0,2,0,0,24210.56,Mid,0
642.0,Germany,Male,49.0,4,120688.61,1,1,0,24770.22,Mid,1
477.0,Germany,Female,39.0,4,182491.57,1,1,0,185830.72,Mid,0
781.0,France,Female,28.0,4,0.0,2,1,0,177703.15,Mid,0
383.0,Germany,Female,29.0,4,115046.74,4,1,0,119346.88,Mid,1
531.0,Spain,Male,62.0,1,0.0,2,0,0,99503.19,New,0
781.0,Spain,Male,33.0,3,0.0,2,1,1,42556.33,Mid,0
520.0,France,Female,46.0,10,85216.61,1,1,0,117369.52,Loyal,1
491.0,Germany,Male,19.0,2,125860.2,1,0,0,129690.5,New,0
659.0,Germany,Male,48.0,4,123593.22,2,1,0,82469.06,Mid,1
549.0,Germany,Male,41.0,9,95020.8,3,1,1,131710.59,Loyal,1
544.0,France,Female,62.0,3,124043.8,1,1,1,111402.97,Mid,1
766.0,Germany,Male,44.0,3,116822.7,1,0,0,197643.24,Mid,0
654.0,France,Female,28.0,7,0.0,2,1,0,151316.37,Loyal,0
650.0,Spain,Female,50.0,7,129667.77,1,0,0,42028.16,Loyal,0
698.0,Germany,Female,52.0,1,107906.75,1,1,0,168886.39,New,1
637.0,France,Female,41.0,9,0.0,2,1,0,145477.36,Loyal,0
710.0,Spain,Female,28.0,6,0.0,1,1,0,48426.98,Loyal,0
681.0,Spain,Female,32.0,3,0.0,2,1,1,59679.9,Mid,0
687.0,Spain,Male,35.0,8,100988.39,2,1,0,22247.27,Loyal,0
443.0,Germany,Female,29.0,9,99027.61,2,1,0,10940.4,Loyal,0
652.0,Germany,Female,45.0,9,110827.49,1,1,1,153383.54,Loyal,1
624.0,France,Female,32.0,2,79368.87,2,1,1,145471.94,New,0
701.0,France,Female,34.0,3,105588.66,1,0,1,74694.41,Mid,0
638.0,Germany,Male,37.0,2,89728.86,2,1,1,37294.88,New,0
628.0,France,Female,46.0,1,46870.43,4,1,0,31272.14,New,1
800.0,France,Male,60.0,6,88541.57,2,1,1,131718.12,Loyal,0
471.0,France,Female,58.0,4,114713.57,1,1,1,36315.03,Mid,0
692.0,Germany,Male,45.0,6,152296.83,4,0,1,108040.86,Loyal,1
610.0,Germany,Male,36.0,7,115462.02,1,0,1,42581.04,Loyal,0
794.0,Germany,Female,54.0,1,75900.84,1,1,1,192154.66,New,0
603.0,France,Male,46.0,2,0.0,2,1,1,59563.49,New,0
652.0,Spain,Female,62.0,10,0.0,2,1,1,114675.75,Loyal,0
686.0,Germany,Male,33.0,9,141918.09,2,0,1,184036.47,Loyal,0
613.0,Germany,Female,45.0,9,142765.24,2,1,0,34749.65,Loyal,0
642.0,Spain,Male,32.0,7,100433.8,1,1,1,39768.59,Loyal,0
636.0,France,Male,36.0,5,117559.05,2,1,1,111573.3,Mid,0
540.0,Spain,Male,39.0,1,0.0,1,0,1,108419.41,New,0
668.0,France,Male,62.0,2,0.0,2,1,1,70783.61,New,0
700.0,France,Female,32.0,8,110923.15,2,1,1,161845.81,Loyal,1
819.0,Spain,Female,28.0,8,168253.21,1,1,1,102799.14,Loyal,0
581.0,Germany,Male,40.0,0,101016.53,1,0,1,7926.35,New,1
608.0,Spain,Male,37.0,2,130461.02,1,1,0,21967.15,New,0
680.0,Germany,Male,34.0,6,146422.22,1,1,0,67142.97,Loyal,1
568.0,France,Male,28.0,5,145105.64,2,1,0,185489.11,Mid,0
601.0,France,Male,62.0,2,0.0,2,0,1,51554.58,New,0
660.0,France,Male,35.0,7,0.0,2,1,0,13218.6,Loyal,0
727.0,Germany,Male,34.0,2,146407.11,1,1,1,72073.72,New,0
692.0,France,Female,36.0,3,0.0,2,1,1,8282.22,Mid,0
642.0,Spain,Male,34.0,8,0.0,1,1,0,72085.1,Loyal,0
654.0,France,Male,29.0,2,91955.61,1,1,0,37065.66,New,0
474.0,France,Male,54.0,3,0.0,1,1,0,108409.17,Mid,1
739.0,France,Male,34.0,9,0.0,1,1,0,60584.33,Loyal,0
650.0,Germany,Female,28.0,5,122034.4,3,0,1,146663.43,Mid,1
549.0,Germany,Female,45.0,3,143734.01,2,1,1,96404.38,Mid,0
623.0,France,Female,44.0,6,0.0,2,0,0,167162.43,Loyal,0
543.0,Spain,Female,46.0,5,140355.6,1,1,1,85086.78,Mid,0
617.0,Germany,Female,39.0,5,83348.89,3,1,0,7953.62,Mid,1
672.0,Germany,Male,40.0,10,102980.44,1,1,0,1285.81,Loyal,1
641.0,France,Female,38.0,3,0.0,2,1,0,116466.19,Mid,0
554.0,Spain,Female,45.0,4,0.0,2,1,1,193412.05,Mid,0
579.0,Spain,Female,35.0,1,129490.36,2,0,1,8590.83,New,1
712.0,France,Female,33.0,6,0.0,2,1,1,190686.16,Loyal,0
745.0,Germany,Male,35.0,4,98270.34,1,1,0,133617.43,Mid,0
611.0,Germany,Female,40.0,7,128486.91,2,1,0,10109.47,Loyal,0
607.0,France,Male,44.0,0,0.0,2,1,1,81140.09,New,0
549.0,Germany,Male,54.0,5,92877.33,1,1,0,2619.64,Mid,1
569.0,Spain,Female,34.0,6,144855.34,1,0,0,196555.32,Loyal,0
728.0,France,Female,28.0,4,142243.54,2,1,0,33074.51,Mid,0
599.0,France,Male,44.0,10,118577.24,1,1,1,31448.52,Loyal,0
603.0,France,Male,44.0,9,0.0,1,1,0,138328.24,Loyal,0
780.0,France,Male,34.0,1,0.0,1,1,1,64804.04,New,0
557.0,France,Female,24.0,4,0.0,1,0,0,20515.72,Mid,0
642.0,France,Male,26.0,1,138023.79,2,0,1,117060.2,New,0
616.0,Germany,Female,45.0,6,128352.59,3,1,1,144000.59,Loyal,1
507.0,France,Male,42.0,6,0.0,2,1,0,34777.23,Loyal,0
727.0,Spain,Male,62.0,8,0.0,1,1,1,198446.91,Loyal,1
639.0,Spain,Male,34.0,7,149940.04,2,0,0,156648.81,Loyal,0
668.0,France,Male,38.0,10,86977.96,1,0,1,37094.75,Loyal,0
439.0,France,Female,29.0,6,156569.43,1,1,0,180598.66,Loyal,0
756.0,France,Female,23.0,1,112568.31,1,1,1,113408.11,New,0
769.0,France,Female,25.0,10,0.0,2,0,0,187925.75,Loyal,0
656.0,France,Male,40.0,2,0.0,2,1,1,180553.48,New,0
745.0,Germany,Female,28.0,1,111071.36,1,1,0,73275.96,New,1
702.0,France,Male,50.0,3,0.0,2,0,0,94949.84,Mid,0
581.0,France,Male,54.0,4,89299.81,1,0,0,5558.47,Mid,1
627.0,Germany,Male,30.0,6,112372.96,1,1,1,118029.09,Loyal,0
568.0,Spain,Male,27.0,5,126815.97,2,0,1,118648.12,Mid,0
847.0,Spain,Male,31.0,5,0.0,2,1,1,76326.67,Mid,0
555.0,France,Male,40.0,10,43028.77,1,1,0,170514.21,Loyal,0
694.0,France,Male,40.0,9,0.0,2,1,0,40463.03,Loyal,0
686.0,France,Female,41.0,10,0.0,1,1,0,133086.45,Loyal,0
559.0,France,Female,48.0,2,0.0,2,0,1,137961.41,New,0
641.0,France,Female,52.0,4,0.0,1,1,0,90964.54,Mid,1
677.0,Spain,Male,18.0,8,134796.87,2,1,1,114858.9,Loyal,0
464.0,France,Male,46.0,6,161798.53,1,1,0,182944.47,Loyal,0
850.0,Spain,Female,57.0,8,126776.3,2,1,1,132298.49,Loyal,0
621.0,France,Male,34.0,6,0.0,2,1,1,99128.13,Loyal,0
697.0,Spain,Male,43.0,10,128226.37,1,0,0,188486.94,Loyal,0
775.0,France,Male,60.0,7,0.0,2,1,1,111558.7,Loyal,0
582.0,Germany,Male,32.0,1,88938.62,1,1,1,10054.53,New,0
583.0,France,Female,38.0,10,0.0,2,0,1,113597.64,Loyal,0
757.0,Germany,Male,31.0,8,149085.9,2,1,1,197077.36,Loyal,0
523.0,Germany,Male,60.0,1,163894.35,1,0,1,57061.71,New,0
606.0,Spain,Male,37.0,8,154712.58,2,1,0,89099.18,Loyal,0
461.0,Spain,Female,25.0,6,0.0,2,1,1,15306.29,Loyal,0
648.0,France,Male,32.0,0,0.0,1,0,1,117323.31,New,0
680.0,Germany,Female,31.0,3,127331.46,3,1,1,176433.6,Mid,0
650.0,Spain,Male,61.0,1,152968.73,1,0,1,82970.69,New,0
660.0,France,Male,40.0,5,131754.11,2,1,1,38761.61,Mid,0
743.0,France,Female,40.0,6,0.0,1,1,0,28280.8,Loyal,1
705.0,Germany,Male,42.0,8,166685.92,2,1,1,55313.51,Loyal,0
624.0,France,Male,26.0,9,74681.9,2,0,0,31231.35,Loyal,0
744.0,Spain,Male,35.0,7,0.0,2,1,1,43036.6,Loyal,0
709.0,France,Female,32.0,2,87814.89,1,1,0,138578.37,New,0
650.0,France,Female,27.0,6,0.0,2,1,0,1002.39,Loyal,0
569.0,France,Male,62.0,2,0.0,1,1,0,130784.2,New,1
761.0,Germany,Female,38.0,1,120530.13,2,1,0,109394.62,New,0
455.0,Spain,Female,43.0,6,0.0,1,1,1,81250.79,Loyal,0
850.0,France,Female,55.0,10,98488.08,1,1,0,155879.57,Loyal,1
793.0,France,Female,62.0,9,116270.72,1,1,1,184243.25,Loyal,0
562.0,Germany,Female,31.0,9,117153.0,1,1,1,108675.01,Loyal,0
767.0,France,Male,43.0,1,76408.85,2,1,0,77837.63,New,0
606.0,Germany,Female,32.0,1,106301.85,2,0,1,59061.25,New,0
668.0,France,Female,53.0,10,110240.04,1,0,0,183980.56,Loyal,1
571.0,France,Male,44.0,9,0.0,2,0,0,38433.35,Loyal,0
590.0,France,Male,24.0,7,126431.54,1,1,0,58781.11,Loyal,0
524.0,France,Male,52.0,2,87894.26,1,1,0,173899.42,New,1
665.0,France,Male,51.0,2,0.0,1,0,0,53353.36,New,0
850.0,Germany,Female,36.0,3,169025.83,1,1,0,174235.06,Mid,0
660.0,Spain,Male,33.0,4,0.0,1,1,0,29664.45,Mid,0
569.0,France,Female,43.0,7,0.0,2,1,1,77703.19,Loyal,0
716.0,France,Female,22.0,8,0.0,2,1,1,92606.98,Loyal,0
806.0,France,Female,62.0,1,0.0,2,0,1,103945.58,New,0
792.0,Spain,Male,25.0,8,142862.21,1,1,1,130639.01,Loyal,0
821.0,Germany,Male,42.0,3,87807.29,2,1,1,64613.81,Mid,0
609.0,Germany,Female,62.0,6,113317.1,1,1,0,108258.22,Loyal,1
597.0,Spain,Male,43.0,2,85162.26,1,0,1,5104.08,New,1
655.0,France,Female,39.0,6,94631.26,2,1,1,148948.52,Loyal,0
611.0,Germany,Female,41.0,2,114206.84,1,1,0,164061.6,New,0
687.0,Spain,Female,44.0,7,0.0,3,1,0,155853.52,Loyal,1
741.0,France,Male,42.0,6,106036.52,1,1,0,194686.78,Loyal,1
573.0,France,Female,36.0,1,0.0,1,1,1,56905.38,New,0
697.0,France,Female,49.0,7,195238.29,4,0,1,131083.56,Loyal,1
760.0,Spain,Female,33.0,1,118114.28,2,0,1,156660.21,New,0
494.0,France,Male,28.0,9,114731.76,2,0,1,79479.74,Loyal,0
620.0,France,Male,42.0,4,0.0,2,1,0,6232.31,Mid,0
735.0,Spain,Male,55.0,2,103176.62,1,0,1,163516.16,New,0
469.0,France,Male,33.0,1,127818.52,1,1,0,163477.22,New,0
629.0,France,Female,61.0,6,0.0,2,1,1,133672.61,Loyal,0
831.0,Germany,Male,32.0,9,80262.66,1,1,0,194867.78,Loyal,0
572.0,France,Female,38.0,7,0.0,2,1,1,133122.62,Loyal,0
582.0,Spain,Male,26.0,4,65848.36,2,1,0,30149.21,Mid,0
577.0,Spain,Female,44.0,8,115557.0,1,0,1,127506.76,Loyal,0
710.0,France,Male,45.0,1,0.0,2,1,1,36154.66,New,0
523.0,France,Female,40.0,2,102967.41,1,1,0,128702.1,New,1
596.0,France,Male,47.0,6,0.0,1,1,0,74835.65,Loyal,0
528.0,France,Female,32.0,4,85615.66,2,1,0,156192.43,Mid,0
754.0,France,Male,34.0,7,0.0,2,1,1,65219.85,Loyal,0
653.0,France,Female,60.0,2,120731.39,4,1,1,138160.11,New,1
645.0,Spain,Female,29.0,4,0.0,2,1,1,74346.11,Mid,0
636.0,France,Male,35.0,9,95478.17,1,0,0,169286.74,Loyal,0
793.0,France,Female,41.0,3,141806.46,1,1,0,102921.17,Mid,0
601.0,Germany,Male,35.0,8,71553.83,1,1,0,177384.45,Loyal,0
627.0,Germany,Female,35.0,2,137852.96,1,1,1,172269.21,New,1
678.0,Germany,Male,62.0,6,123356.63,1,0,1,92934.41,Loyal,0
722.0,Germany,Female,48.0,10,138311.76,1,1,1,3472.63,Loyal,1
608.0,France,Female,34.0,4,88772.87,1,1,1,168822.01,Mid,0
670.0,France,Male,33.0,1,0.0,2,1,1,86413.11,New,0
719.0,France,Female,54.0,7,0.0,2,1,1,125041.52,Loyal,0
738.0,Germany,Female,57.0,9,148384.64,1,0,0,155047.11,Loyal,1
550.0,Spain,Male,34.0,3,0.0,2,0,0,131281.28,Mid,0
763.0,France,Female,53.0,4,0.0,1,1,0,77203.72,Mid,1
770.0,Germany,Male,45.0,4,110765.68,1,1,0,26163.74,Mid,1
544.0,Spain,Male,30.0,8,145241.63,1,1,1,80676.83,Loyal,0
712.0,France,Male,29.0,3,102540.61,1,1,1,189680.79,Mid,0
554.0,Spain,Male,46.0,4,0.0,2,0,1,57320.92,Mid,0
669.0,Germany,Female,42.0,1,103873.39,1,1,0,148611.52,New,0
619.0,Germany,Female,41.0,8,142015.76,2,1,0,114323.66,Loyal,0
487.0,France,Male,37.0,2,0.0,2,1,1,126722.57,New,0
793.0,France,Male,62.0,4,103729.79,2,1,1,80272.06,Mid,0
786.0,Spain,Female,34.0,9,0.0,2,1,0,117034.32,Loyal,0
724.0,Germany,Female,53.0,1,139687.66,2,1,1,12913.92,New,0
660.0,Germany,Male,26.0,4,115021.76,1,0,1,162443.05,Mid,0
602.0,France,Female,39.0,6,154121.32,2,1,0,176614.86,Loyal,1
783.0,Spain,Female,59.0,9,126224.87,1,1,1,4423.63,Loyal,0
669.0,Germany,Male,47.0,0,63723.78,2,1,1,181928.25,New,0
643.0,France,Male,36.0,0,148159.71,1,0,0,55835.66,New,0
669.0,Spain,Male,25.0,7,157228.61,2,1,0,124382.9,Loyal,0
801.0,France,Female,32.0,4,75170.54,1,1,1,37898.5,Mid,0
716.0,France,Female,44.0,1,0.0,1,1,1,152108.47,New,0
690.0,Spain,Male,26.0,8,116318.23,1,1,1,83253.05,Loyal,0
674.0,France,Male,28.0,5,0.0,1,1,1,151925.25,Mid,0
768.0,Germany,Male,49.0,1,133384.66,1,1,0,102397.22,New,1
825.0,Germany,Female,35.0,6,118336.95,1,1,0,26342.33,Loyal,1
745.0,Spain,Male,34.0,9,0.0,2,1,0,50046.25,Loyal,0
677.0,Germany,Male,28.0,0,143988.0,2,1,0,8755.69,New,1
707.0,France,Female,42.0,10,0.0,2,1,1,152944.39,Loyal,0
798.0,France,Male,32.0,7,0.0,2,0,1,37731.95,Loyal,0
562.0,France,Male,29.0,9,0.0,1,1,1,25858.68,Loyal,0
514.0,Spain,Male,30.0,7,0.0,1,0,1,125010.24,Loyal,0
588.0,France,Female,35.0,0,0.0,2,1,1,155485.24,New,0
706.0,Spain,Male,28.0,3,0.0,2,0,1,181543.67,Mid,0
702.0,France,Male,45.0,9,74989.58,1,1,1,171014.69,Loyal,0
537.0,France,Male,59.0,9,0.0,2,0,0,103799.77,Loyal,1
553.0,France,Male,31.0,6,0.0,2,0,0,124596.63,Loyal,0
564.0,France,Male,42.0,7,99824.45,1,1,1,36721.4,Loyal,0
754.0,Germany,Male,35.0,6,98585.94,2,0,1,106116.84,Loyal,0
677.0,Spain,Male,40.0,5,0.0,2,1,0,88947.56,Mid,0
744.0,Spain,Male,39.0,4,95161.75,1,1,0,19409.77,Mid,0
657.0,France,Female,37.0,2,0.0,2,1,1,7667.48,New,0
588.0,Spain,Male,33.0,2,0.0,2,1,1,12483.56,New,0
627.0,Germany,Female,30.0,4,79871.02,2,1,0,129826.89,Mid,0
663.0,France,Female,27.0,9,0.0,2,1,0,150850.29,Loyal,0
625.0,France,Female,39.0,5,0.0,2,1,0,32615.21,Mid,0
601.0,Spain,Female,20.0,9,122446.61,2,1,0,86791.9,Loyal,0
537.0,France,Female,53.0,3,0.0,1,1,1,91406.62,Mid,0
589.0,France,Male,46.0,9,0.0,2,1,0,170676.67,Loyal,0
477.0,Spain,Female,48.0,2,129120.64,1,0,1,26475.79,New,0
710.0,France,Male,43.0,9,128284.45,1,1,0,32996.89,Loyal,1
768.0,France,Male,42.0,5,0.0,3,0,0,60686.4,Mid,0
599.0,Spain,Male,51.0,0,0.0,1,1,1,175235.99,New,0
756.0,Germany,Female,39.0,5,149363.12,2,1,1,109098.39,Mid,0
607.0,Spain,Female,27.0,5,100912.19,1,0,0,7631.27,Mid,0
630.0,Germany,Female,31.0,2,112373.49,2,1,1,131167.98,New,0
586.0,Spain,Female,42.0,2,0.0,1,1,0,102889.34,New,0
628.0,France,Female,29.0,9,71996.29,1,1,1,34857.46,Loyal,0
432.0,France,Female,27.0,6,62339.81,2,0,0,53874.67,Loyal,0
638.0,France,Female,43.0,3,145860.98,1,1,1,142763.51,Mid,1
602.0,France,Female,42.0,10,0.0,2,0,0,169921.11,Loyal,1
678.0,Spain,Male,29.0,6,0.0,2,1,0,64443.75,Loyal,0
606.0,Germany,Male,36.0,5,190479.48,2,0,0,179351.89,Mid,0
543.0,Spain,Female,41.0,4,0.0,1,0,0,194902.16,Mid,0
790.0,Spain,Male,37.0,8,0.0,2,1,1,149418.41,Loyal,0
615.0,Spain,Male,19.0,5,0.0,2,1,0,159920.92,Mid,0
602.0,France,Male,49.0,0,191808.73,1,0,0,97640.2,New,0
624.0,France,Male,62.0,3,0.0,1,1,1,65801.44,Mid,0
619.0,France,Female,35.0,4,90413.12,1,1,1,20555.21,Mid,0
566.0,Spain,Male,32.0,10,147511.26,1,1,1,159891.03,Loyal,0
850.0,Germany,Female,27.0,8,111837.78,2,1,1,110805.79,Loyal,0
621.0,Spain,Female,59.0,2,0.0,2,1,1,171364.18,New,0
527.0,Spain,Male,37.0,5,93722.73,2,1,1,139093.73,Mid,0
746.0,Spain,Male,31.0,2,113836.27,1,1,1,174815.54,New,0
751.0,France,Male,31.0,8,0.0,2,0,0,17550.49,Loyal,0
630.0,France,Male,55.0,2,0.0,1,1,1,106202.07,New,1
559.0,Spain,Female,39.0,2,0.0,2,1,1,121151.1,New,0
683.0,France,Male,43.0,8,0.0,1,1,0,96754.8,Loyal,0
609.0,Germany,Male,31.0,9,103837.75,1,1,1,150218.11,Loyal,0
570.0,France,Female,33.0,8,0.0,1,1,1,124641.42,Loyal,0
610.0,France,Male,36.0,4,129440.3,2,1,0,102638.35,Mid,0
624.0,Spain,Male,35.0,2,0.0,2,1,0,87310.59,New,0
598.0,France,Male,38.0,0,125487.89,1,0,0,158111.71,New,0
704.0,Germany,Female,35.0,3,154206.07,2,1,1,40261.49,Mid,0
660.0,Germany,Male,35.0,9,113948.58,1,1,0,188891.96,Loyal,1
733.0,Spain,Female,32.0,5,0.0,2,1,0,131625.14,Mid,0
661.0,France,Male,33.0,9,0.0,2,1,1,84174.81,Loyal,0
648.0,Germany,Female,28.0,8,90371.09,1,1,1,146851.73,Loyal,0
758.0,France,Female,34.0,3,0.0,2,1,1,124226.16,Mid,0
459.0,Germany,Male,48.0,4,133994.52,1,1,1,19287.06,Mid,1
659.0,France,Female,33.0,7,89939.62,1,1,0,136540.09,Loyal,0
747.0,France,Female,45.0,1,114959.12,1,1,0,189362.39,New,1
460.0,Germany,Female,35.0,8,102742.91,2,1,1,189339.6,Loyal,0
533.0,Spain,Female,52.0,7,0.0,1,0,1,194113.99,Loyal,1
846.0,France,Female,37.0,6,127103.97,1,1,1,41516.44,Loyal,0
578.0,Germany,Male,37.0,1,135650.88,1,1,0,199428.19,New,0
565.0,Germany,Male,52.0,5,97720.35,2,1,0,175070.94,Mid,1
661.0,Germany,Female,62.0,8,128751.65,2,1,0,189398.18,Loyal,1
599.0,Spain,Male,34.0,2,101506.66,1,0,0,198030.24,New,0
850.0,France,Female,42.0,9,113311.11,1,1,1,198193.75,Loyal,0
596.0,Germany,Male,32.0,3,96709.07,2,0,0,41788.37,Mid,0
476.0,France,Female,34.0,10,0.0,2,1,0,26260.98,Loyal,0
775.0,Germany,Female,33.0,1,118897.1,2,1,1,26362.4,New,0
578.0,Germany,Female,31.0,5,102088.68,4,0,0,187866.21,Mid,1
641.0,France,Female,40.0,9,0.0,1,0,0,151648.66,Loyal,1
673.0,France,Female,44.0,8,133444.97,1,0,1,5708.19,Loyal,0
749.0,Germany,Female,29.0,7,137059.05,3,1,0,102975.72,Loyal,1
577.0,Germany,Female,59.0,7,111396.97,1,0,1,191070.01,Loyal,0
655.0,Spain,Female,35.0,1,106405.03,1,1,1,82900.25,New,0
686.0,Germany,Male,35.0,2,109342.82,2,0,1,86043.27,New,0
602.0,France,Male,33.0,5,164704.38,1,0,1,180716.1,Mid,1
685.0,France,Female,40.0,7,0.0,2,1,0,103898.59,Loyal,0
682.0,France,Female,30.0,9,0.0,2,1,1,195104.91,Loyal,0
516.0,France,Male,35.0,5,128653.59,1,1,0,127558.26,Mid,0
429.0,France,Male,60.0,7,0.0,2,1,1,163691.48,Loyal,0
643.0,Germany,Female,45.0,2,150842.93,1,0,1,2319.96,New,1
702.0,Germany,Male,28.0,1,103033.83,1,1,1,40321.87,New,0
643.0,Germany,Male,59.0,3,170331.37,1,1,1,32171.79,Mid,0
611.0,Spain,Male,46.0,6,0.0,2,1,0,45886.33,Loyal,0
704.0,Spain,Male,33.0,3,0.0,2,1,0,73018.74,Mid,0
678.0,France,Male,60.0,8,185648.56,1,0,0,192156.54,Loyal,1
765.0,France,Male,41.0,2,0.0,2,0,1,191215.61,New,0
657.0,Germany,Male,25.0,2,171770.55,1,1,0,22745.5,New,0
850.0,France,Male,62.0,8,169832.57,1,0,0,184107.26,Loyal,1
691.0,France,Female,33.0,1,128306.83,1,1,1,113580.79,New,0
850.0,France,Female,34.0,4,71379.53,2,1,1,154000.99,Mid,0
557.0,Germany,Female,38.0,2,129893.56,1,0,0,102076.03,New,0
473.0,France,Female,39.0,9,117103.26,2,1,1,85937.52,Loyal,1
751.0,France,Male,29.0,10,147737.63,1,0,1,94951.27,Loyal,0
744.0,Germany,Female,50.0,1,121498.11,2,0,1,106061.47,New,1
627.0,France,Male,43.0,8,71240.3,1,0,1,127734.16,Loyal,0
757.0,Germany,Male,30.0,6,105128.85,2,1,1,62972.13,Loyal,0
745.0,Germany,Male,51.0,3,99183.9,1,1,1,28922.25,Mid,0
755.0,France,Female,28.0,7,124540.28,1,0,1,188850.89,Loyal,0
533.0,Germany,Female,49.0,1,102286.6,3,1,0,69409.37,New,1
573.0,France,Female,37.0,6,0.0,2,1,0,193995.37,Loyal,0
622.0,Spain,Male,42.0,9,0.0,2,1,0,119127.06,Loyal,0
577.0,France,Male,25.0,3,0.0,2,0,1,124508.29,Mid,0
675.0,France,Male,32.0,1,0.0,3,1,0,85901.09,New,0
759.0,Spain,Female,35.0,7,147936.42,1,1,1,106785.7,Loyal,0
693.0,France,Female,35.0,5,124151.09,1,1,0,88705.14,Mid,1
639.0,France,Female,38.0,4,81550.94,2,0,1,118974.77,Mid,0
567.0,Spain,Male,40.0,8,28649.64,1,1,1,95140.62,Loyal,0
850.0,Germany,Female,43.0,8,92244.83,2,1,0,54949.73,Loyal,0
681.0,Germany,Female,44.0,4,91115.76,2,0,0,24208.84,Mid,1
805.0,Spain,Female,39.0,5,165272.13,1,1,0,14109.85,Mid,1
641.0,Germany,Male,32.0,5,122947.92,1,1,1,99154.86,Mid,0
637.0,Germany,Female,55.0,1,123378.2,1,1,0,81431.99,New,1
560.0,Spain,Female,31.0,5,125341.69,1,1,0,79547.39,Mid,0
568.0,France,Female,47.0,7,0.0,2,1,1,45978.39,Loyal,0
679.0,Spain,Male,33.0,4,96110.22,1,1,0,1173.23,Mid,0
655.0,France,Female,45.0,7,57327.04,1,0,1,47349.0,Loyal,0
553.0,Germany,Male,43.0,6,85200.82,2,1,1,160574.09,Loyal,0
450.0,Spain,Male,25.0,9,74237.2,2,0,1,195463.35,Loyal,0
771.0,France,Male,39.0,5,0.0,2,1,0,96270.64,Mid,0
647.0,Spain,Male,47.0,10,99835.17,1,0,1,89103.05,Loyal,0
637.0,France,Female,33.0,7,103377.81,1,1,0,84419.78,Loyal,0
663.0,Spain,Female,53.0,6,150200.23,1,0,1,151317.27,Loyal,1
725.0,France,Male,31.0,8,0.0,2,1,1,59650.42,Loyal,0
709.0,Spain,Male,62.0,3,0.0,2,1,1,82195.15,Mid,0
850.0,France,Male,28.0,8,67639.56,2,1,1,194245.29,Loyal,0
763.0,France,Female,31.0,4,0.0,2,0,0,50404.72,Mid,0
759.0,France,Female,46.0,2,0.0,1,1,1,138380.11,New,0
556.0,Germany,Male,42.0,0,115915.53,2,0,1,125435.47,New,1
617.0,Spain,Male,42.0,0,70105.87,1,1,1,120830.73,New,0
735.0,Spain,Male,34.0,5,0.0,2,0,0,71095.41,Mid,0
649.0,France,Female,31.0,2,0.0,2,1,0,15200.61,New,0
500.0,Germany,Male,44.0,9,160838.13,2,1,0,196261.64,Loyal,0
697.0,Spain,Female,25.0,5,82931.85,2,1,1,128373.88,Mid,0
645.0,Spain,Female,37.0,7,0.0,2,1,0,13589.93,Loyal,0
748.0,France,Female,34.0,8,0.0,2,1,0,53584.03,Loyal,0
538.0,France,Female,62.0,3,75051.49,1,0,0,17682.02,Mid,1
765.0,Germany,Male,36.0,8,92310.54,2,1,1,72924.56,Loyal,0
722.0,France,Female,38.0,3,0.0,2,0,1,167984.72,Mid,0
708.0,Germany,Female,23.0,4,71433.08,1,1,0,103697.57,Mid,0
700.0,France,Male,26.0,4,119009.57,1,1,0,141926.43,Mid,0
612.0,France,Male,24.0,1,182705.05,1,1,1,171837.06,New,0
564.0,France,Male,26.0,7,84006.88,2,0,0,183490.99,Loyal,0
657.0,Germany,Male,40.0,7,99165.84,1,0,1,119333.95,Loyal,1
779.0,Spain,Female,26.0,4,174318.13,2,0,1,38296.21,Mid,0
716.0,France,Male,39.0,1,70657.61,2,1,1,76476.05,New,0
576.0,Germany,Male,62.0,3,148843.56,1,1,0,69414.13,Mid,1
731.0,France,Male,29.0,5,179539.2,1,0,0,112010.02,Mid,0
607.0,France,Female,31.0,1,102523.88,1,1,1,166792.71,New,0
560.0,France,Female,62.0,9,0.0,1,1,1,15928.49,Loyal,0
729.0,Spain,Male,37.0,10,0.0,2,1,0,100862.54,Loyal,0
504.0,France,Male,42.0,3,134936.97,2,0,0,135178.91,Mid,0
601.0,France,Female,26.0,8,78892.23,1,1,1,23703.52,Loyal,0
673.0,Spain,Female,37.0,0,0.0,2,0,0,82351.06,New,0
691.0,Germany,Male,38.0,9,163965.69,2,0,1,103511.26,Loyal,0
632.0,Germany,Male,42.0,4,119624.6,2,1,1,195978.86,Mid,0
535.0,Spain,Female,30.0,5,122924.75,1,0,0,62390.59,Mid,1
432.0,Spain,Male,38.0,7,0.0,2,1,0,150580.88,Loyal,0
522.0,Germany,Male,32.0,8,124450.36,2,1,1,165786.1,Loyal,0
668.0,Spain,Female,24.0,7,173962.32,1,0,0,106457.11,Loyal,1
774.0,France,Female,42.0,3,137781.65,1,0,0,199316.19,Mid,0
719.0,Spain,Male,35.0,1,100829.94,1,1,1,165008.97,New,0
699.0,Spain,Male,26.0,6,79932.41,1,0,0,150242.44,Loyal,0
591.0,France,Male,40.0,2,99886.42,2,1,1,88695.19,New,0
690.0,France,Male,39.0,6,0.0,2,1,0,160532.88,Loyal,0
680.0,Spain,Male,35.0,9,0.0,2,0,0,143774.06,Loyal,0
761.0,France,Female,26.0,1,0.0,2,1,1,199409.19,New,0
850.0,France,Male,35.0,9,102050.47,1,1,1,3769.71,Loyal,0
744.0,France,Male,36.0,10,0.0,2,1,1,182867.84,Loyal,0
757.0,France,Male,47.0,3,130747.1,1,1,0,143829.54,Mid,0
794.0,Spain,Female,22.0,4,114440.24,1,1,1,107753.07,Mid,0
653.0,Spain,Male,35.0,9,0.0,2,1,1,45956.05,Loyal,0
745.0,France,Female,32.0,2,0.0,4,0,1,179705.13,New,1
675.0,Spain,Male,33.0,3,0.0,2,1,0,45348.08,Mid,0
576.0,Germany,Male,30.0,7,132174.41,2,0,0,93767.03,Loyal,0
644.0,Germany,Female,32.0,8,141528.88,1,1,1,167087.34,Loyal,1
452.0,France,Male,30.0,7,112935.87,1,1,1,99017.34,Loyal,0
598.0,Spain,Female,39.0,5,0.0,2,1,1,83103.46,Mid,0
758.0,Spain,Male,40.0,3,0.0,2,0,0,96097.65,Mid,0
638.0,Germany,Female,33.0,5,129335.65,1,1,1,56585.2,Mid,1
638.0,Germany,Male,50.0,1,102645.48,1,1,0,168359.98,New,1
630.0,Spain,Male,41.0,7,107511.52,1,0,1,46156.87,Loyal,0
639.0,France,Male,32.0,9,0.0,2,1,0,111340.36,Loyal,0
798.0,France,Female,60.0,6,96956.1,1,1,0,31907.44,Loyal,1
421.0,Spain,Male,34.0,6,90723.36,1,1,1,12162.76,Loyal,0
574.0,Germany,Male,33.0,3,129834.67,1,1,0,193131.42,Mid,0
708.0,France,Male,52.0,10,105355.81,1,1,0,123.07,Loyal,1
536.0,France,Male,46.0,1,65733.41,1,1,0,61094.53,New,0
605.0,France,Male,39.0,7,0.0,1,0,1,119348.28,Loyal,0
655.0,Spain,Male,38.0,9,0.0,1,0,1,90490.33,Loyal,0
599.0,France,Male,27.0,5,0.0,2,1,0,30546.4,Mid,0
706.0,Germany,Female,44.0,2,185932.18,2,1,0,65413.41,New,0
481.0,France,Male,40.0,3,0.0,1,1,1,32319.93,Mid,0
775.0,Spain,Male,29.0,10,0.0,2,1,1,68143.93,Loyal,0
605.0,France,Female,34.0,2,0.0,1,0,0,35982.42,New,0
731.0,France,Male,33.0,4,0.0,2,1,1,74945.11,Mid,0
726.0,France,Male,37.0,2,132057.92,2,1,0,34743.98,New,0
570.0,Germany,Male,29.0,4,122028.65,2,1,1,173792.77,Mid,0
503.0,France,Female,37.0,8,0.0,2,1,1,97893.32,Loyal,0
716.0,France,Male,35.0,4,144428.87,1,1,0,134132.65,Mid,0
675.0,France,Female,32.0,2,155663.31,1,1,0,97658.66,New,0
593.0,France,Male,32.0,6,99162.29,1,1,0,128384.11,Loyal,0
520.0,Germany,Female,31.0,3,108914.17,1,1,1,183572.39,Mid,1
835.0,France,Female,56.0,2,0.0,2,1,1,39820.13,New,0
720.0,France,Male,44.0,4,0.0,2,1,0,163471.01,Mid,0
691.0,France,Male,50.0,6,136953.47,1,1,1,2704.98,Loyal,0
739.0,Spain,Male,40.0,1,109681.61,1,1,1,193321.3,New,0
595.0,France,Male,52.0,9,0.0,1,1,1,106340.66,Loyal,1
704.0,Spain,Male,38.0,6,106687.76,1,1,0,173776.5,Loyal,0
714.0,Spain,Male,20.0,3,0.0,2,0,1,150465.93,Mid,0
489.0,Spain,Male,40.0,3,221532.8,1,1,0,171867.08,Mid,0
479.0,France,Female,26.0,1,0.0,2,1,1,19116.97,New,0
769.0,France,Female,39.0,8,0.0,1,0,1,21016.0,Loyal,0
730.0,Spain,Female,52.0,7,0.0,2,0,1,122398.84,Loyal,0
552.0,France,Female,38.0,9,134105.01,1,0,0,57850.1,Loyal,0
529.0,France,Female,31.0,2,164003.05,2,1,1,60993.23,New,0
583.0,France,Male,24.0,9,135125.28,1,0,0,89801.9,Loyal,0
771.0,Spain,Male,45.0,0,139825.56,1,0,0,170984.97,New,1
661.0,France,Female,31.0,3,133964.3,1,1,1,166187.1,Mid,0
586.0,Spain,Female,33.0,7,0.0,2,1,1,168261.4,Loyal,0
632.0,Spain,Male,38.0,1,120599.21,1,1,0,92816.86,New,0
599.0,Germany,Male,36.0,3,128960.21,2,1,1,40318.33,Mid,0
649.0,France,Female,45.0,5,92786.66,1,1,0,173365.9,Mid,1
579.0,France,Female,45.0,2,0.0,2,0,0,11514.39,New,0
418.0,France,Male,28.0,7,98738.92,1,1,0,122190.22,Loyal,0
790.0,France,Female,31.0,2,151290.16,1,1,1,172437.12,New,0
556.0,France,Female,39.0,9,89588.35,1,1,1,94898.1,Loyal,0
470.0,Spain,Male,34.0,9,0.0,2,0,1,89013.67,Loyal,0
672.0,Germany,Female,21.0,3,165878.76,2,1,1,164537.17,Mid,0
514.0,France,Male,32.0,8,0.0,2,1,0,95857.18,Loyal,0
717.0,France,Male,38.0,7,0.0,2,1,1,158580.05,Loyal,0
635.0,France,Female,62.0,6,47536.4,1,1,1,119400.08,Loyal,0
639.0,Germany,Male,27.0,3,150795.81,1,0,1,85208.93,Mid,0
579.0,Germany,Male,31.0,2,90547.48,2,1,1,18800.13,New,0
629.0,Germany,Female,37.0,1,35549.81,2,0,0,49676.33,New,0
660.0,France,Male,62.0,8,137841.53,1,1,1,42790.29,Loyal,0
562.0,France,Male,62.0,5,87140.85,1,1,1,39351.64,Mid,0
431.0,Germany,Male,42.0,8,120822.86,2,1,0,126153.24,Loyal,0
685.0,France,Male,33.0,6,174912.72,1,1,1,43932.54,Loyal,0
764.0,France,Female,24.0,0,0.0,2,1,0,88724.49,New,0
806.0,France,Male,34.0,5,113958.55,1,0,1,32125.98,Mid,0
737.0,France,Female,62.0,9,87542.89,2,1,1,42576.86,Loyal,0
543.0,France,Male,30.0,4,140916.81,1,1,0,157711.18,Mid,0
612.0,Germany,Female,62.0,8,140745.33,1,1,0,193437.89,Loyal,1
563.0,France,Male,22.0,3,137583.04,1,0,1,5791.85,Mid,0
700.0,Spain,Female,46.0,5,56580.95,2,0,1,45424.13,Mid,0
422.0,France,Male,41.0,6,153238.88,1,1,0,11663.09,Loyal,0
703.0,France,Male,44.0,6,98862.54,1,1,0,151516.7,Loyal,0
850.0,France,Female,62.0,1,0.0,2,1,1,59568.24,New,0
673.0,France,Female,34.0,8,42157.08,1,1,0,20598.59,Loyal,1
726.0,France,Female,44.0,2,0.0,2,1,1,26733.86,New,0
683.0,France,Male,43.0,2,112499.42,2,1,0,30375.18,New,0
494.0,Spain,Male,27.0,2,0.0,2,1,0,22404.64,New,0
628.0,Germany,Male,33.0,8,152143.89,1,1,1,32174.03,Loyal,0
615.0,Germany,Male,58.0,3,72309.3,1,1,1,85687.09,Mid,1
659.0,France,Female,44.0,9,23503.31,1,0,1,169862.01,Loyal,1
798.0,Germany,Female,38.0,4,129055.13,1,1,0,157147.59,Mid,0
598.0,France,Female,34.0,4,0.0,2,0,0,60894.26,Mid,0
582.0,Germany,Male,35.0,8,121309.17,2,1,1,28750.67,Loyal,0
734.0,France,Male,43.0,7,107805.67,1,0,0,182505.68,Loyal,0
473.0,Germany,Female,35.0,7,131504.73,1,1,0,189560.43,Loyal,0
572.0,Germany,Male,51.0,8,97750.07,3,1,1,193014.26,Loyal,1
573.0,France,Female,26.0,4,129109.02,1,0,0,149814.68,Mid,1
493.0,Spain,Male,32.0,8,46161.18,1,1,1,79577.4,Loyal,0
654.0,France,Female,24.0,8,145081.73,1,1,1,130075.07,Loyal,0
705.0,France,Female,24.0,7,100169.51,1,1,0,121408.55,Loyal,0
541.0,Germany,Female,39.0,9,100116.67,1,1,1,199808.1,Loyal,1
593.0,France,Male,43.0,9,0.0,2,1,1,76357.43,Loyal,0
676.0,France,Male,29.0,4,140720.93,1,1,0,36221.18,Mid,0
449.0,France,Female,37.0,6,0.0,2,1,0,82176.48,Loyal,0
735.0,France,Male,50.0,2,0.0,2,0,1,147075.69,New,0
567.0,Spain,Male,44.0,9,0.0,2,1,0,87677.15,Loyal,0
706.0,Germany,Female,56.0,3,139603.22,1,1,1,86383.61,Mid,0
773.0,France,Male,62.0,2,145578.28,1,0,1,186172.85,New,0
694.0,Germany,Male,33.0,4,124067.32,1,1,1,77906.87,Mid,0
652.0,France,Male,48.0,4,59486.31,1,1,0,163944.18,Mid,1
609.0,France,Male,25.0,10,0.0,1,0,1,109895.16,Loyal,0
609.0,France,Male,37.0,1,39344.83,1,1,1,178291.89,New,1
788.0,Germany,Female,42.0,6,138650.49,2,1,0,64746.07,Loyal,0
633.0,France,Female,44.0,7,0.0,2,1,0,29761.29,Loyal,0
659.0,France,Female,37.0,1,151105.68,1,1,1,140934.57,New,0
608.0,Germany,Male,44.0,7,114203.47,1,1,1,77830.36,Loyal,1
661.0,Germany,Male,41.0,5,122552.48,2,0,1,120646.4,Mid,0
679.0,France,Male,41.0,8,147726.98,3,1,0,172749.4,Loyal,1
603.0,Germany,Female,40.0,8,148897.02,1,0,0,105052.9,Loyal,0
665.0,Spain,Male,29.0,1,182781.74,2,1,1,63732.9,New,0
587.0,France,Female,36.0,1,70784.27,1,1,0,30579.82,New,0
575.0,France,Female,57.0,8,137936.94,1,1,1,84475.13,Loyal,0
710.0,France,Female,33.0,2,0.0,2,1,0,72945.32,New,0
711.0,Spain,Female,28.0,5,0.0,2,1,1,93959.96,Mid,0
600.0,Germany,Male,57.0,9,138456.03,2,1,1,103548.25,Loyal,0
814.0,France,Female,31.0,6,87772.52,1,1,0,188516.45,Loyal,0
605.0,France,Female,51.0,3,136188.78,1,1,1,67110.59,Mid,1
845.0,Spain,Female,38.0,2,112803.92,1,1,0,179631.85,New,0
516.0,Spain,Male,50.0,5,0.0,1,0,1,146145.93,Mid,1
673.0,France,Female,40.0,5,137494.28,1,1,0,81753.92,Mid,0
458.0,France,Female,39.0,9,0.0,2,1,0,116343.09,Loyal,0
534.0,Spain,Female,33.0,3,151233.62,1,0,0,199336.63,Mid,0
705.0,France,Female,49.0,7,0.0,1,1,0,63405.2,Loyal,1
755.0,Germany,Female,37.0,0,113865.23,2,1,1,117396.25,New,0
555.0,Spain,Male,32.0,4,0.0,2,1,1,54405.79,Mid,0
565.0,France,Male,38.0,5,0.0,2,0,1,80630.32,Mid,0
810.0,France,Male,32.0,9,120879.73,2,0,1,78896.59,Loyal,0
516.0,France,Female,47.0,6,109387.33,1,0,0,121365.45,Loyal,0
710.0,Spain,Female,27.0,2,135277.96,1,1,0,142200.15,New,0
833.0,France,Female,39.0,3,0.0,2,1,0,1710.89,Mid,0
755.0,France,Female,29.0,3,0.0,3,1,0,4733.94,Mid,0
574.0,Spain,Female,37.0,7,0.0,2,1,0,32262.28,Loyal,0
712.0,Spain,Female,39.0,5,163097.55,2,1,1,23702.42,Mid,0
538.0,France,Female,38.0,8,88758.95,2,0,0,28226.15,Loyal,1
555.0,Germany,Male,62.0,4,119817.33,1,0,1,43507.1,Mid,1
557.0,Spain,Male,34.0,3,0.0,1,0,1,123427.98,Mid,0
598.0,Spain,Male,34.0,0,104488.17,1,0,1,43249.67,New,0
774.0,France,Male,40.0,9,93017.47,2,1,0,191608.97,Loyal,0
413.0,France,Male,34.0,9,0.0,2,0,0,6534.18,Loyal,0
520.0,France,Female,39.0,1,73493.17,1,0,1,109626.13,New,1
608.0,France,Male,33.0,4,0.0,1,0,1,130474.03,Mid,0
471.0,Spain,Female,28.0,5,0.0,2,1,1,22356.97,Mid,0
716.0,Germany,Male,27.0,1,122552.34,2,1,0,67611.36,New,0
644.0,Germany,Female,34.0,10,122196.99,2,1,1,182099.71,Loyal,0
741.0,Spain,Male,53.0,3,0.0,2,1,1,38913.68,Mid,0
673.0,France,Male,41.0,5,0.0,1,1,1,65657.29,Mid,0
523.0,France,Female,26.0,4,0.0,2,1,0,185488.81,Mid,0
572.0,Germany,Female,48.0,3,152827.99,1,1,0,38411.79,Mid,1
725.0,Germany,Male,39.0,1,50880.98,2,1,1,184023.54,New,0
614.0,France,Male,36.0,1,118311.76,1,1,0,146134.68,New,0
811.0,France,Male,46.0,9,180226.24,1,1,0,13464.64,Loyal,1
525.0,Spain,Female,57.0,2,145965.33,1,1,1,64448.36,New,0
701.0,France,Male,33.0,9,147510.34,1,1,0,190611.92,Loyal,0
738.0,Germany,Female,29.0,9,139106.19,1,1,0,141872.05,Loyal,1
608.0,France,Female,62.0,8,144976.5,1,0,0,175836.03,Loyal,1
610.0,Germany,Male,49.0,6,113882.33,1,1,0,195813.81,Loyal,1
647.0,Germany,Female,33.0,3,168560.46,2,0,0,90270.16,Mid,0
631.0,France,Male,29.0,2,0.0,2,1,1,18581.84,New,0
676.0,France,Female,34.0,1,63095.01,1,1,1,40645.81,New,0
850.0,France,Female,37.0,7,153147.75,1,1,1,152235.3,Loyal,0
609.0,Spain,Male,39.0,2,139443.75,2,1,0,9234.06,New,0
635.0,France,Male,29.0,7,105405.97,1,1,1,149853.89,Loyal,0
644.0,Germany,Male,34.0,9,112746.54,2,0,0,141230.07,Loyal,0
559.0,Spain,Male,25.0,5,0.0,2,1,1,163221.22,Mid,0
541.0,France,Male,39.0,7,0.0,2,1,0,19823.02,Loyal,0
688.0,Germany,Female,34.0,9,91025.58,2,0,1,163783.0,Loyal,0
569.0,France,Male,35.0,10,124525.52,1,1,1,193793.78,Loyal,0
773.0,Germany,Male,47.0,2,118079.47,4,1,1,143007.49,New,1
575.0,Germany,Male,47.0,9,107915.94,2,1,1,63452.18,Loyal,1
667.0,Germany,Female,36.0,1,114391.62,1,1,1,53412.54,New,0
670.0,Germany,Male,31.0,1,142631.54,2,1,1,175894.24,New,0
676.0,France,Male,35.0,5,106836.67,2,1,0,84199.78,Mid,0
564.0,Germany,Female,44.0,3,111760.4,3,1,1,104722.47,Mid,1
696.0,France,Male,42.0,4,0.0,1,0,0,126353.13,Mid,1
572.0,Germany,Male,39.0,4,112290.22,1,1,0,49373.97,Mid,1
570.0,France,Female,30.0,10,176173.52,1,1,0,97045.32,Loyal,1
747.0,Spain,Female,41.0,5,94521.17,2,1,0,194926.86,Mid,0
759.0,France,Male,40.0,4,0.0,2,1,0,124615.59,Mid,0
622.0,France,Male,31.0,7,0.0,1,1,0,35408.77,Loyal,0
633.0,Germany,Male,43.0,3,144164.29,1,1,1,158646.46,Mid,0
754.0,Spain,Female,50.0,7,146777.44,2,0,1,150685.52,Loyal,0
527.0,Germany,Male,58.0,3,137318.42,1,1,1,126144.96,Mid,0
550.0,France,Female,40.0,8,150490.32,1,0,0,166468.21,Loyal,1
757.0,France,Male,23.0,2,80673.96,2,1,0,93991.65,New,0
716.0,Spain,Male,33.0,2,0.0,2,1,1,92916.53,New,0
528.0,Germany,Female,29.0,9,170214.23,2,1,0,49284.0,Loyal,0
479.0,Germany,Male,35.0,4,138718.92,1,1,1,47251.79,Mid,1
850.0,France,Male,62.0,5,0.0,2,1,1,44827.47,Mid,0
778.0,France,Male,38.0,3,145018.49,2,1,1,126702.41,Mid,0
646.0,Germany,Male,39.0,9,111574.41,1,1,1,30838.51,Loyal,0
794.0,Spain,Male,45.0,8,88656.37,2,1,0,116547.31,Loyal,0
684.0,Germany,Male,18.0,9,90544.0,1,0,1,4777.23,Loyal,0
717.0,France,Female,36.0,2,99472.76,2,1,0,94274.72,New,1
827.0,Spain,Female,35.0,0,0.0,2,0,1,184514.01,New,0
807.0,Spain,Female,43.0,0,0.0,2,0,1,85523.24,New,0
640.0,Spain,Male,47.0,6,89047.14,1,1,0,116286.25,Loyal,0
502.0,France,Female,42.0,8,159660.8,3,1,0,113931.57,Loyal,1
586.0,France,Male,51.0,2,138553.57,1,1,1,92406.22,New,0
670.0,France,Female,31.0,9,0.0,1,0,1,76254.83,Loyal,0
675.0,France,Female,38.0,1,104016.88,1,0,0,22068.83,New,1
758.0,Germany,Female,23.0,5,122739.1,1,1,0,102460.84,Mid,1
473.0,Spain,Male,48.0,8,0.0,2,1,0,71139.8,Loyal,0
651.0,France,Male,23.0,10,0.0,2,1,1,170099.23,Loyal,0
618.0,Spain,Male,32.0,5,133476.09,1,0,1,154843.4,Mid,0
620.0,France,Male,22.0,0,0.0,1,1,0,32589.45,New,0
515.0,Spain,Male,29.0,4,151012.55,2,1,0,9770.97,Mid,0
466.0,France,Female,41.0,3,33563.95,2,1,0,178994.13,Mid,1
632.0,France,Female,44.0,3,133793.89,1,1,1,34607.14,Mid,1
555.0,Spain,Male,50.0,7,128061.0,2,1,1,62375.1,Loyal,0
698.0,Spain,Female,39.0,9,161993.89,1,0,0,90212.38,Loyal,0
635.0,Spain,Female,41.0,10,0.0,2,1,1,61994.2,Loyal,0
569.0,France,Male,28.0,7,0.0,2,1,0,73977.23,Loyal,0
755.0,Germany,Male,38.0,4,111096.91,1,1,1,19762.88,Mid,0
614.0,Spain,Male,62.0,2,0.0,2,0,1,180082.7,New,0
755.0,France,Male,23.0,5,84284.48,2,1,1,62851.6,Mid,0
588.0,France,Male,32.0,1,0.0,2,1,1,8763.87,New,0
527.0,Spain,Female,35.0,8,0.0,1,1,0,98031.53,Loyal,1
555.0,Germany,Female,51.0,9,138214.5,1,1,0,198715.27,Loyal,1
753.0,Germany,Male,44.0,3,138076.47,1,1,0,15523.09,Mid,1
824.0,France,Male,26.0,7,146266.0,1,1,0,21903.62,Loyal,1
840.0,France,Female,39.0,1,94968.97,1,1,0,84487.62,New,0
600.0,France,Female,43.0,5,134022.06,1,1,0,194764.83,Mid,0
806.0,Spain,Male,25.0,7,0.0,2,1,0,18461.9,Loyal,0
724.0,France,Female,40.0,6,110054.45,1,1,1,86950.72,Loyal,0
705.0,France,Female,39.0,3,92224.56,1,1,1,54517.25,Mid,0
583.0,France,Male,51.0,6,125268.03,2,1,0,165082.25,Loyal,0
503.0,Spain,Male,32.0,9,100262.88,2,1,1,157921.25,Loyal,0
595.0,Germany,Male,32.0,8,131081.66,2,1,1,69428.79,Loyal,0
683.0,France,Male,30.0,4,114779.35,1,0,0,183171.47,Mid,0
587.0,Germany,Female,32.0,3,125445.04,2,1,1,130514.78,Mid,0
773.0,France,Male,52.0,4,0.0,1,0,1,144113.42,Mid,0
508.0,France,Male,26.0,7,205962.0,1,1,0,156424.4,Loyal,0
709.0,France,Female,40.0,9,131569.63,1,1,1,103970.58,Loyal,0
582.0,France,Female,38.0,9,135979.01,4,1,1,76582.95,Loyal,1
681.0,France,Female,41.0,0,120549.29,2,1,0,175722.31,New,0
818.0,Spain,Male,26.0,4,0.0,2,1,1,167036.94,Mid,0
488.0,France,Male,34.0,3,0.0,2,1,1,125979.36,Mid,0
727.0,France,Male,32.0,1,59271.82,1,1,1,46019.43,New,0
704.0,France,Male,44.0,3,0.0,2,0,1,152884.85,Mid,0
602.0,Spain,Female,42.0,1,138912.17,1,1,1,139494.75,New,0
692.0,Spain,Male,46.0,2,0.0,2,1,1,105983.09,New,0
653.0,Spain,Female,38.0,9,149571.94,1,1,0,118383.18,Loyal,0
589.0,France,Male,38.0,2,0.0,1,1,0,79915.28,New,0
548.0,France,Female,41.0,4,82596.8,1,0,1,55672.09,Mid,0
509.0,Spain,Female,25.0,3,108738.71,2,1,0,106920.57,Mid,0
562.0,France,Female,51.0,1,124662.54,1,1,1,65390.46,New,1
777.0,Germany,Male,44.0,3,124655.59,2,0,1,79792.3,Mid,0
724.0,France,Male,28.0,5,97612.12,1,1,1,96498.14,Mid,0
555.0,France,Male,24.0,5,0.0,2,1,0,27513.47,Mid,0
737.0,Germany,Male,35.0,0,133377.8,1,0,1,64050.19,New,0
607.0,France,Female,49.0,9,119960.29,2,1,0,103068.22,Loyal,0
731.0,Germany,Female,43.0,9,79120.27,1,0,0,548.52,Loyal,1
631.0,Spain,Male,29.0,3,0.0,2,1,1,197963.46,Mid,0
547.0,Germany,Male,50.0,3,81290.02,3,0,1,177747.03,Mid,1
518.0,France,Male,59.0,5,138772.15,1,0,1,123872.0,Mid,0
701.0,Spain,Male,28.0,1,103421.32,1,0,1,76304.73,New,0
850.0,France,Female,38.0,2,0.0,2,1,0,9015.07,New,0
732.0,France,Female,40.0,10,0.0,2,1,0,154189.08,Loyal,0
479.0,Germany,Male,51.0,1,107714.74,3,1,0,86128.21,New,1
709.0,Spain,Male,35.0,2,0.0,2,1,0,104982.39,New,0
805.0,Germany,Female,45.0,9,116585.97,1,1,0,189428.75,Loyal,1
817.0,France,Female,37.0,6,81070.34,2,1,0,80985.88,Loyal,0
429.0,France,Male,24.0,4,95741.75,1,1,0,46170.75,Mid,0
580.0,Spain,Male,62.0,3,153946.14,1,1,1,7418.92,Mid,0
594.0,France,Male,37.0,2,0.0,2,0,1,95864.5,New,0
525.0,Spain,Female,37.0,0,0.0,1,0,1,131521.72,New,0
723.0,France,Female,35.0,0,0.0,2,0,1,61290.99,New,0
692.0,Spain,Female,29.0,4,0.0,2,0,0,138880.24,Mid,0
703.0,Germany,Female,38.0,9,99167.54,1,1,0,65720.92,Loyal,0
764.0,France,Female,39.0,1,129068.54,2,1,1,187905.12,New,0
606.0,France,Female,39.0,3,0.0,2,1,0,50560.45,Mid,1
592.0,France,Male,60.0,9,0.0,4,1,1,13614.01,Loyal,1
648.0,Germany,Female,43.0,1,107963.38,1,0,0,186438.86,New,1
850.0,Spain,Male,35.0,7,110349.82,1,0,0,126355.8,Loyal,0
682.0,Germany,Male,36.0,5,72373.62,2,1,0,36895.99,Mid,0
667.0,Spain,Female,23.0,6,136100.69,2,0,0,169669.33,Loyal,1
681.0,Spain,Male,38.0,2,99811.44,2,1,0,23531.5,New,0
806.0,Germany,Female,59.0,0,135296.33,1,1,0,182822.5,New,0
675.0,Spain,Male,35.0,8,0.0,2,1,0,29062.25,Loyal,0
604.0,France,Female,56.0,0,62732.65,1,0,1,124954.56,New,0
520.0,France,Male,49.0,5,121197.64,1,1,0,72577.33,Mid,1
850.0,Spain,Female,45.0,5,174088.3,4,1,0,5669.31,Mid,1
769.0,Germany,Female,45.0,5,126674.81,1,1,0,124118.71,Mid,1
581.0,France,Male,25.0,5,77886.53,2,1,0,150319.49,Mid,0
498.0,Spain,Male,29.0,8,127864.26,1,1,1,46677.9,Loyal,0
635.0,Spain,Male,31.0,1,0.0,2,1,0,135382.23,New,0
655.0,Germany,Female,32.0,6,130935.56,1,1,0,9241.83,Loyal,1
543.0,France,Male,22.0,8,0.0,2,0,0,127587.22,Loyal,0
648.0,France,Male,38.0,10,82697.28,1,1,0,74846.67,Loyal,0
849.0,Germany,Male,37.0,7,143452.74,2,1,1,17294.12,Loyal,0
600.0,France,Male,46.0,10,95502.21,1,0,0,19842.18,Loyal,0
760.0,Spain,Female,57.0,1,0.0,2,1,1,25101.17,New,0
739.0,Spain,Female,41.0,8,0.0,1,1,0,191694.77,Loyal,1
606.0,Germany,Female,27.0,6,172310.33,1,0,1,111448.92,Loyal,0
555.0,France,Female,27.0,8,102000.17,1,1,1,116757.0,Loyal,0
850.0,Germany,Female,32.0,0,116968.91,1,0,0,175094.62,New,0
793.0,France,Male,56.0,8,119496.25,2,1,0,29880.99,Loyal,0
670.0,Germany,Female,36.0,2,84266.44,2,0,0,38614.69,New,0
476.0,France,Male,40.0,6,0.0,1,1,1,22735.45,Loyal,0
782.0,France,Female,35.0,4,0.0,1,1,1,119565.34,Mid,0
530.0,France,Female,45.0,1,0.0,1,0,1,190663.89,New,1
679.0,Spain,Female,26.0,3,76554.06,1,1,1,184800.27,Mid,0
658.0,Germany,Female,31.0,3,133003.03,1,0,1,146339.27,Mid,1
638.0,France,Male,46.0,9,139859.54,1,1,0,38967.29,Loyal,0
682.0,Germany,Female,29.0,6,101012.77,1,0,0,32589.89,Loyal,1
556.0,Germany,Female,31.0,1,128663.81,2,1,0,125083.29,New,0
540.0,France,Male,48.0,0,148116.48,1,0,0,116973.48,New,0
484.0,Germany,Male,54.0,3,134388.11,1,0,0,49954.79,Mid,1
760.0,Germany,Male,34.0,6,121303.77,2,1,1,59325.21,Loyal,0
850.0,Germany,Female,30.0,8,154870.28,1,1,1,54191.38,Loyal,0
850.0,Spain,Female,31.0,3,121237.65,1,1,1,31022.56,Mid,0
668.0,Spain,Female,36.0,3,133686.52,1,1,0,190958.48,Mid,1
520.0,France,Female,29.0,8,95947.76,1,1,0,4696.44,Loyal,0
684.0,France,Male,46.0,0,0.0,2,1,1,36376.97,New,0
654.0,Spain,Female,32.0,2,0.0,1,1,1,51972.92,New,1
710.0,Spain,Male,23.0,6,0.0,2,1,1,134188.11,Loyal,0
528.0,Germany,Female,62.0,7,133201.17,1,0,0,168507.68,Loyal,1
767.0,Germany,Male,23.0,2,139542.82,1,0,1,28038.28,New,0
643.0,France,Male,39.0,7,0.0,2,1,1,170392.59,Loyal,0
675.0,Spain,Male,32.0,8,197436.82,1,1,1,52710.7,Loyal,0
720.0,France,Male,33.0,9,0.0,2,1,1,142956.48,Loyal,0
736.0,Spain,Female,28.0,2,0.0,2,1,1,117431.1,New,0
716.0,France,Female,44.0,6,155114.9,1,0,0,133871.83,Loyal,0
847.0,Germany,Female,35.0,5,111743.43,1,1,1,183584.14,Mid,0
754.0,Germany,Male,57.0,2,101134.87,2,1,1,70954.41,New,0
477.0,Germany,Female,58.0,8,145984.92,1,1,1,24564.7,Loyal,0
679.0,Spain,Male,58.0,9,109327.65,1,1,1,3829.13,Loyal,0
614.0,France,Male,40.0,6,0.0,1,1,1,20339.79,Loyal,1
755.0,Germany,Male,43.0,6,165048.5,3,1,0,16929.41,Loyal,1
697.0,France,Male,36.0,7,0.0,2,1,1,74760.32,Loyal,0
772.0,Germany,Male,30.0,6,99785.28,2,0,0,197238.03,Loyal,0
821.0,France,Female,40.0,1,0.0,2,1,0,194273.12,New,0
631.0,France,Male,51.0,8,100654.8,1,1,0,171587.9,Loyal,0
806.0,Germany,Male,31.0,10,138653.51,1,1,0,190803.37,Loyal,0
645.0,France,Male,42.0,4,98298.18,1,1,1,676.06,Mid,0
690.0,Germany,Male,31.0,2,137260.45,2,1,0,55387.28,New,0
660.0,Spain,Male,33.0,2,80462.24,1,0,0,150422.35,New,0
564.0,Spain,Male,31.0,0,125175.58,1,1,1,72757.33,New,0
714.0,Germany,Female,49.0,4,93059.34,1,1,0,7571.51,Mid,1
567.0,France,Male,42.0,2,0.0,2,1,1,167984.61,New,0
615.0,France,Male,32.0,4,0.0,2,1,1,6225.63,Mid,0
682.0,France,Male,40.0,4,0.0,1,0,1,105352.55,Mid,0
758.0,France,Female,33.0,7,0.0,2,0,0,82996.47,Loyal,0
478.0,France,Female,38.0,4,171913.87,1,1,0,51820.87,Mid,1
687.0,Spain,Female,36.0,5,0.0,1,1,0,17696.22,Mid,0
559.0,Spain,Male,62.0,9,125919.35,1,1,0,175910.95,Loyal,1
587.0,Germany,Female,49.0,7,155393.98,2,1,0,13308.2,Loyal,1
615.0,France,Male,39.0,4,133707.09,1,1,1,108152.75,Mid,0
638.0,France,Male,34.0,6,114543.27,1,1,1,97755.29,Loyal,0
640.0,Spain,Male,39.0,3,0.0,1,1,1,105997.25,Mid,0
466.0,France,Male,26.0,9,105522.06,1,1,0,10842.46,Loyal,0
669.0,France,Female,38.0,9,121858.98,1,1,0,130755.34,Loyal,0
562.0,France,Male,35.0,7,0.0,1,0,0,48869.67,Loyal,0
502.0,France,Male,37.0,10,0.0,1,1,1,76642.68,Loyal,0
684.0,Spain,Female,42.0,3,103210.27,1,1,0,31002.03,Mid,0
678.0,France,Male,62.0,8,0.0,2,1,1,47117.03,Loyal,0
600.0,France,Female,49.0,6,0.0,1,0,1,148087.88,Loyal,1
497.0,France,Male,34.0,2,0.0,2,1,1,83087.13,New,0
665.0,France,Male,25.0,7,90920.75,1,0,1,112256.57,Loyal,0
682.0,France,Male,61.0,10,73688.2,1,1,1,172141.33,Loyal,0
514.0,France,Male,35.0,3,121030.9,1,1,0,10008.68,Mid,0
682.0,Spain,Female,62.0,9,0.0,2,1,1,103318.44,Loyal,0
493.0,France,Male,36.0,9,0.0,2,1,1,65816.53,Loyal,0
724.0,Germany,Male,31.0,9,138166.3,1,1,0,12920.43,Loyal,0
595.0,Germany,Male,46.0,5,142360.62,2,1,0,48421.4,Mid,1
635.0,France,Female,62.0,4,74812.84,1,0,1,27448.33,Mid,0
581.0,Spain,Male,30.0,0,53291.86,1,0,0,196582.28,New,0
616.0,France,Male,46.0,2,0.0,2,1,0,137136.46,New,0
639.0,France,Male,35.0,8,0.0,2,1,0,170483.9,Loyal,0
680.0,Spain,Male,42.0,0,0.0,1,1,0,136377.21,New,0
688.0,Germany,Male,45.0,9,103399.87,1,0,0,129870.93,Loyal,0
597.0,Germany,Female,62.0,6,124978.19,2,1,1,7144.46,Loyal,0
760.0,France,Male,37.0,7,0.0,1,0,0,32863.24,Loyal,1
469.0,France,Female,48.0,5,0.0,1,1,0,160529.71,Mid,1
777.0,France,Male,29.0,2,0.0,2,1,0,124489.88,New,0
614.0,France,Female,43.0,6,0.0,2,1,1,109041.53,Loyal,0
625.0,France,Male,36.0,9,108546.16,3,1,0,133807.77,Loyal,1
430.0,Germany,Female,38.0,8,153058.64,1,1,0,99377.27,Loyal,0
551.0,France,Male,42.0,1,50194.59,1,1,1,23399.58,New,0
706.0,Spain,Female,46.0,2,127660.46,2,1,0,150156.82,New,1
648.0,Germany,Male,37.0,6,131753.41,1,1,0,86894.67,Loyal,0
652.0,Germany,Male,41.0,9,159434.03,1,1,0,178373.93,Loyal,0
549.0,Germany,Female,55.0,1,137592.31,2,0,1,116548.02,New,1
763.0,France,Female,23.0,2,0.0,2,1,0,153983.99,New,0
595.0,Germany,Female,41.0,9,150463.11,2,0,1,81548.38,Loyal,0
479.0,Spain,Male,35.0,4,125920.98,1,1,1,20393.44,Mid,0
716.0,France,Male,38.0,4,0.0,2,1,0,189678.7,Mid,0
487.0,France,Male,45.0,2,0.0,2,1,0,77475.73,New,0
492.0,Germany,Male,39.0,10,124576.65,2,1,0,148584.61,Loyal,0
643.0,France,Female,33.0,0,137811.75,1,1,1,184856.89,New,0
733.0,Germany,Female,30.0,1,102452.71,1,1,0,21556.95,New,0
479.0,Germany,Male,24.0,6,107637.97,2,0,1,169505.83,Loyal,0
630.0,France,Male,53.0,5,138053.67,1,0,1,114110.97,Mid,0
678.0,France,Female,60.0,10,117738.81,1,1,0,147489.76,Loyal,1
710.0,France,Male,54.0,6,171137.62,1,1,1,167023.95,Loyal,1
585.0,France,Female,32.0,8,144705.87,2,0,0,171482.56,Loyal,0
755.0,France,Male,34.0,3,0.0,2,1,1,158816.03,Mid,0
643.0,Germany,Male,25.0,4,115142.9,1,1,1,148098.95,Mid,0
535.0,Germany,Female,53.0,5,141616.55,2,1,1,75888.65,Mid,0
720.0,France,Female,34.0,6,110717.38,1,1,1,9398.45,Loyal,0
516.0,Germany,Female,33.0,10,138847.9,1,1,1,127256.7,Loyal,0
666.0,Germany,Male,33.0,2,124125.26,1,1,0,81884.8,New,0
782.0,France,Male,36.0,5,81210.72,2,0,1,108003.38,Mid,0
702.0,Spain,Male,44.0,9,0.0,1,0,0,59207.41,Loyal,1
622.0,Germany,Male,33.0,3,96926.12,2,1,0,48553.77,Mid,0
617.0,Spain,Female,37.0,9,101707.8,1,1,0,123866.28,Loyal,0
629.0,Germany,Female,38.0,9,123948.85,1,1,0,76053.07,Loyal,0
762.0,Spain,Female,62.0,9,183744.98,1,1,1,196993.69,Loyal,0
589.0,Germany,Male,55.0,7,119961.48,1,1,0,65156.83,Loyal,1
600.0,France,Female,37.0,4,0.0,3,1,0,7312.25,Mid,1
699.0,Germany,Female,51.0,2,92246.14,2,0,1,91346.03,New,0
544.0,Spain,Female,53.0,9,0.0,1,1,0,125692.07,Loyal,1
728.0,Spain,Female,29.0,1,0.0,1,1,1,83056.22,New,0
691.0,France,Female,29.0,9,116536.43,1,1,0,51987.99,Loyal,0
584.0,Germany,Female,30.0,8,112013.81,1,1,0,177772.03,Loyal,1
618.0,France,Female,40.0,0,0.0,1,1,0,119059.13,New,0
783.0,Spain,Female,44.0,3,81811.71,1,1,0,164213.53,Mid,1
684.0,Germany,Male,59.0,9,122471.09,1,0,1,15807.07,Loyal,0
536.0,Spain,Male,53.0,2,143923.96,1,1,0,2019.78,New,1
539.0,France,Female,29.0,4,0.0,2,1,1,100919.19,Mid,0
632.0,France,Female,40.0,9,139625.34,1,1,0,93702.96,Loyal,1
616.0,Germany,Male,39.0,2,121704.32,2,1,0,55556.3,New,0
683.0,Spain,Male,40.0,8,0.0,1,1,0,75848.22,Loyal,0
493.0,France,Male,54.0,3,167831.88,2,1,0,150159.95,Mid,1
612.0,Spain,Male,39.0,5,170288.38,1,1,1,59601.15,Mid,0
536.0,Germany,Male,23.0,6,92366.72,2,1,0,120661.71,Loyal,0
719.0,Spain,Male,35.0,3,122964.88,1,1,1,138231.7,Mid,0
554.0,Spain,Female,27.0,4,0.0,2,1,1,135083.73,Mid,0
681.0,Germany,Female,44.0,3,105206.7,2,1,1,163558.36,Mid,0
634.0,Germany,Male,27.0,3,107027.52,1,1,0,173425.68,Mid,0
730.0,France,Female,36.0,8,148749.29,2,1,0,91830.75,Loyal,0
681.0,France,Male,32.0,3,148884.47,2,1,1,90967.37,Mid,0
611.0,Germany,Female,29.0,4,78885.88,2,1,1,26927.69,Mid,0
631.0,France,Male,36.0,1,0.0,2,0,0,133141.34,New,0
703.0,Germany,Male,35.0,5,140691.08,2,1,0,167810.26,Mid,0
724.0,France,Female,37.0,10,68598.56,1,1,0,157862.82,Loyal,0
638.0,Spain,Male,48.0,2,0.0,2,1,1,7919.08,New,0
775.0,Germany,Male,33.0,3,83501.66,2,1,0,128841.31,Mid,0
750.0,France,Female,47.0,7,121376.15,2,1,0,54473.6,Loyal,1
628.0,Germany,Male,29.0,3,113146.98,2,0,1,124749.08,Mid,0
613.0,France,Male,36.0,9,131307.11,1,0,0,83343.73,Loyal,0
712.0,Spain,Male,53.0,2,111061.01,2,0,0,26542.17,New,0
717.0,Germany,Female,33.0,10,102185.42,2,1,0,23231.93,Loyal,0
790.0,Germany,Female,25.0,5,152885.77,1,1,0,58214.79,Mid,0
534.0,France,Male,29.0,7,174851.9,1,1,1,79178.31,Loyal,0
646.0,France,Female,42.0,3,175159.9,2,0,0,67124.48,Mid,1
460.0,Germany,Male,46.0,4,127559.97,2,1,1,126952.5,Mid,0
698.0,Germany,Female,62.0,1,169362.43,1,1,0,84760.32,New,1
706.0,Germany,Male,23.0,2,93301.97,2,0,1,127187.04,New,0
560.0,France,Male,57.0,0,0.0,2,0,1,116781.71,New,0
587.0,France,Male,39.0,10,0.0,2,1,1,170409.45,Loyal,0
762.0,France,Male,29.0,6,141389.06,1,1,0,54122.89,Loyal,0
510.0,Germany,Female,50.0,7,123936.54,1,1,1,23768.01,Loyal,0
646.0,France,Female,62.0,6,97259.25,1,0,1,104719.66,Loyal,0
619.0,France,Male,44.0,3,116967.68,1,1,0,5075.17,Mid,1
819.0,France,Female,38.0,10,0.0,2,1,0,30498.7,Loyal,0
714.0,France,Male,62.0,4,138082.16,1,0,1,166677.54,Mid,0
652.0,Spain,Female,42.0,3,83492.07,2,1,0,37914.12,Mid,0
485.0,Spain,Female,30.0,7,0.0,1,1,0,107067.37,Loyal,0
730.0,Germany,Female,33.0,7,130367.87,1,1,0,15142.1,Loyal,1
847.0,Spain,Female,37.0,9,112712.17,1,1,0,116097.26,Loyal,0
677.0,France,Male,46.0,2,57037.74,1,1,1,158531.01,New,0
730.0,France,Female,35.0,0,155470.55,1,1,1,53718.28,New,0
741.0,France,Male,39.0,5,0.0,1,0,1,40207.06,Mid,0
792.0,Spain,Male,47.0,0,0.0,1,1,1,5557.88,New,1
594.0,France,Male,35.0,2,133853.27,1,1,1,65361.66,New,0
609.0,France,Male,40.0,6,0.0,2,1,1,97416.34,Loyal,0
628.0,France,Male,34.0,4,158741.43,2,1,1,126192.54,Mid,0
710.0,Germany,Male,58.0,7,170113.0,2,0,1,10494.64,Loyal,0
850.0,Germany,Male,28.0,2,101100.22,2,1,1,35337.31,New,0
656.0,Spain,Male,28.0,8,120047.77,1,1,1,137173.39,Loyal,0
684.0,Spain,Female,36.0,5,174180.39,1,1,0,119830.08,Mid,0
655.0,Germany,Male,34.0,7,118028.35,1,1,0,51226.32,Loyal,1
727.0,Germany,Female,18.0,2,93816.7,2,1,0,126172.11,New,0
552.0,Germany,Male,33.0,3,144962.74,1,1,0,58844.84,Mid,1
717.0,France,Male,50.0,9,90305.76,1,1,1,124626.57,Loyal,0
510.0,France,Male,62.0,8,0.0,2,1,1,115291.86,Loyal,0
703.0,France,Female,51.0,3,0.0,3,1,1,77294.56,Mid,1
635.0,France,Male,27.0,3,127009.83,1,1,0,161909.95,Mid,0
681.0,Germany,Male,49.0,8,142946.18,1,0,0,187280.51,Loyal,1
700.0,France,Female,30.0,9,0.0,1,1,1,174971.64,Loyal,0
744.0,France,Female,38.0,9,0.0,2,0,0,20940.76,Loyal,0
802.0,Germany,Male,37.0,9,115569.21,1,0,1,119782.89,Loyal,0
558.0,France,Male,31.0,7,0.0,1,1,0,198269.08,Loyal,0
744.0,Spain,Male,36.0,2,153804.44,1,1,1,87213.33,New,0
568.0,Spain,Female,43.0,9,0.0,1,1,0,125870.79,Loyal,1
583.0,France,Male,48.0,3,91246.53,1,1,0,60017.46,Mid,1
535.0,France,Female,44.0,2,114427.86,1,1,1,136330.26,New,0
524.0,France,Male,44.0,10,118569.03,2,0,0,82117.2,Loyal,0
655.0,France,Female,50.0,10,0.0,4,1,0,179267.94,Loyal,1
813.0,Spain,Male,27.0,1,137275.36,1,0,1,115733.16,New,0
696.0,Germany,Male,43.0,4,114091.38,1,0,1,159888.1,Mid,0
699.0,Germany,Male,32.0,1,123906.22,3,1,1,127443.82,New,1
598.0,Germany,Male,59.0,8,118210.42,2,0,0,60192.14,Loyal,1
691.0,Germany,Male,30.0,7,101231.77,2,0,0,156529.44,Loyal,0
742.0,France,Female,28.0,2,191864.51,1,1,0,108457.99,New,1
784.0,Germany,Male,28.0,2,70233.74,2,1,1,179252.73,New,0
667.0,France,Male,42.0,7,0.0,1,0,1,108348.94,Loyal,1
645.0,France,Female,62.0,9,0.0,4,1,1,176353.87,Loyal,1
696.0,Germany,Female,27.0,2,96129.32,2,1,1,5983.7,New,0
850.0,France,Male,36.0,7,0.0,1,1,1,40812.9,Loyal,0
784.0,Spain,Male,23.0,2,0.0,1,1,1,6847.73,New,0
553.0,France,Male,41.0,1,0.0,2,1,0,90607.31,New,0
577.0,France,Male,41.0,6,0.0,1,1,1,167621.18,Loyal,0
773.0,Spain,Male,52.0,2,0.0,2,1,0,57337.79,New,0
762.0,Spain,Female,26.0,7,123709.46,2,1,1,169654.57,Loyal,0
632.0,Spain,Female,29.0,7,80922.75,1,1,0,7820.78,Loyal,0
678.0,Germany,Female,30.0,1,139676.95,2,0,1,16146.0,New,0
490.0,Spain,Female,48.0,8,155413.06,1,1,0,187921.3,Loyal,0
551.0,Germany,Male,54.0,5,102994.04,1,1,0,176680.16,Mid,1
690.0,Spain,Male,32.0,2,76087.98,1,0,1,151822.66,New,0
664.0,France,Female,31.0,9,114519.57,2,0,1,79222.02,Loyal,0
633.0,France,Female,29.0,7,169988.35,1,1,0,4272.0,Loyal,0
645.0,France,Male,32.0,4,0.0,2,0,1,97628.08,Mid,0
554.0,Germany,Female,51.0,7,105701.91,1,0,1,179797.79,Loyal,1
568.0,Spain,Male,39.0,5,0.0,2,1,1,129569.92,Mid,0
680.0,Spain,Female,37.0,6,124140.57,2,1,0,92826.35,Loyal,0
771.0,France,Male,50.0,3,105229.72,1,1,1,16281.68,Mid,1
485.0,France,Male,29.0,7,182123.79,1,1,0,116828.51,Loyal,1
688.0,Spain,Male,42.0,5,0.0,2,0,0,197602.29,Mid,0
506.0,France,Male,36.0,5,0.0,2,1,0,164253.35,Mid,0
743.0,Spain,Male,41.0,7,0.0,1,1,0,163736.09,Loyal,1
629.0,Spain,Male,34.0,6,0.0,2,1,0,190347.72,Loyal,0
800.0,Spain,Male,38.0,1,0.0,2,1,0,51553.43,New,0
734.0,Germany,Female,47.0,10,91522.04,2,1,1,138835.91,Loyal,0
631.0,Spain,Female,31.0,2,88161.85,2,1,0,127630.88,New,0
561.0,France,Male,33.0,6,0.0,2,0,0,173680.39,Loyal,0
771.0,France,Female,62.0,7,143773.07,1,1,1,130827.88,Loyal,0
498.0,Germany,Male,35.0,2,121968.11,2,0,1,188343.05,New,0
669.0,Spain,Male,51.0,3,88827.53,1,0,0,85250.77,Mid,1
642.0,France,Female,40.0,7,0.0,2,1,0,183963.34,Loyal,0
809.0,France,Female,39.0,5,0.0,1,1,0,77705.75,Mid,0
540.0,France,Female,40.0,3,165298.12,1,0,1,199862.75,Mid,0
642.0,Germany,Female,39.0,8,128264.03,1,1,0,61792.76,Loyal,1
504.0,Germany,Female,43.0,7,102365.49,1,1,0,194690.77,Loyal,1
648.0,Spain,Female,43.0,7,81153.82,1,1,1,144532.85,Loyal,1
471.0,Germany,Female,36.0,5,90063.74,2,1,1,96366.7,Mid,0
681.0,Germany,Male,42.0,3,118199.97,2,1,0,9452.88,Mid,1
697.0,France,Female,62.0,7,0.0,2,0,1,188772.45,Loyal,0
683.0,Spain,Male,35.0,9,61172.04,1,0,0,82951.12,Loyal,0
720.0,Germany,Female,43.0,10,110822.9,1,0,0,72861.94,Loyal,0
650.0,France,Male,37.0,5,106967.18,1,0,0,24495.03,Mid,0
850.0,Germany,Female,35.0,2,80931.75,1,0,0,12639.67,New,1
647.0,Spain,Female,62.0,1,91216.0,1,1,1,41800.18,New,0
850.0,France,Male,31.0,4,0.0,2,0,0,152298.28,Mid,0
710.0,France,Female,37.0,5,0.0,2,1,0,115403.31,Mid,0
539.0,France,Male,39.0,6,0.0,2,1,1,86767.48,Loyal,0
671.0,France,Male,30.0,2,0.0,1,0,1,102057.86,New,0
575.0,Spain,Female,22.0,8,105229.34,1,1,1,34397.08,Loyal,0
725.0,Spain,Female,32.0,0,0.0,2,1,1,138525.19,New,0
746.0,France,Male,36.0,9,127157.04,1,1,1,155700.15,Loyal,0
684.0,Spain,Female,38.0,3,134168.5,3,1,0,3966.5,Mid,1
655.0,Germany,Female,36.0,10,122314.39,1,1,0,9181.66,Loyal,0
677.0,France,Male,30.0,1,78133.15,1,0,1,174225.88,New,0
639.0,Spain,Male,38.0,9,130233.14,1,1,1,81861.1,Loyal,0
625.0,Spain,Female,49.0,2,80816.45,1,1,1,20018.79,New,0
621.0,Spain,Female,40.0,7,0.0,2,0,1,131283.6,Loyal,1
669.0,France,Female,44.0,8,96418.09,1,0,0,131609.48,Loyal,1
753.0,France,Male,57.0,7,0.0,1,1,0,159475.08,Loyal,1
834.0,France,Male,36.0,8,142882.49,1,1,0,89983.02,Loyal,1
642.0,France,Female,40.0,7,0.0,2,1,0,10712.82,Loyal,0
691.0,Germany,Female,37.0,7,123067.63,1,1,1,98162.44,Loyal,1
520.0,France,Male,58.0,3,0.0,2,0,1,32790.02,Mid,0
729.0,France,Female,32.0,9,0.0,2,0,0,150803.44,Loyal,0
510.0,France,Female,26.0,6,136214.08,1,0,0,159742.33,Loyal,0
704.0,Germany,Female,39.0,10,102556.18,2,1,0,171971.25,Loyal,1
787.0,France,Female,40.0,6,0.0,2,1,1,84151.98,Loyal,0
656.0,Germany,Female,27.0,3,150905.03,2,1,0,16998.72,Mid,0
767.0,Germany,Female,45.0,7,132746.2,2,1,0,26628.88,Loyal,1
791.0,France,Male,37.0,2,163789.49,2,1,0,75832.53,New,0
599.0,Spain,Female,49.0,2,0.0,2,1,0,111190.53,New,0
590.0,Spain,Female,29.0,2,166930.76,2,1,0,122487.73,New,0
583.0,France,Female,29.0,10,0.0,2,1,1,111285.85,Loyal,0
744.0,Germany,Male,38.0,6,73023.17,2,1,0,78770.86,Loyal,0
607.0,Germany,Male,61.0,2,164523.5,2,1,1,35786.76,New,0
645.0,France,Male,31.0,7,161171.7,2,1,0,12599.94,Loyal,1
468.0,Germany,Male,29.0,1,111681.98,2,1,1,195711.16,New,0
790.0,Germany,Male,50.0,8,121438.58,1,1,1,176471.78,Loyal,1
485.0,Germany,Female,30.0,5,156771.68,1,1,1,141148.21,Mid,0
683.0,Germany,Male,35.0,5,144961.97,1,0,1,26796.73,Mid,0
589.0,France,Male,36.0,8,114435.47,1,1,0,26955.72,Loyal,0
767.0,France,Female,42.0,2,133616.39,1,1,0,28615.8,New,0
625.0,Germany,Male,26.0,3,130483.95,1,1,0,122810.53,Mid,0
679.0,Spain,Female,35.0,8,119182.73,1,0,0,121210.09,Loyal,0
705.0,France,Female,35.0,5,0.0,1,1,0,133991.11,Mid,1
652.0,France,Female,40.0,1,0.0,2,1,0,126554.96,New,0
447.0,France,Male,41.0,3,0.0,4,1,1,197490.39,Mid,1
661.0,France,Male,39.0,5,0.0,2,0,0,181461.46,Mid,0
774.0,Spain,Male,46.0,9,0.0,2,1,1,34774.26,Loyal,0
711.0,France,Male,34.0,8,0.0,2,0,0,48260.19,Loyal,0
698.0,France,Female,46.0,0,0.0,2,1,1,125962.02,New,0
716.0,France,Female,35.0,8,112808.18,1,0,1,17848.3,Loyal,0
626.0,Germany,Male,36.0,2,181671.16,2,1,1,57531.14,New,0
731.0,Spain,Male,62.0,3,0.0,2,1,1,141180.66,Mid,0
806.0,France,Male,31.0,9,0.0,2,0,1,140168.36,Loyal,0
544.0,Germany,Male,39.0,4,142406.43,2,1,0,146637.45,Mid,0
497.0,Germany,Male,35.0,7,110053.62,2,1,1,92887.06,Loyal,0
638.0,Germany,Female,39.0,0,122501.28,2,1,1,95007.8,New,0
604.0,Spain,Female,62.0,10,0.0,2,1,1,129984.2,Loyal,0
678.0,France,Female,46.0,1,0.0,2,0,0,82106.19,New,0
643.0,Spain,Female,45.0,9,150840.03,2,1,0,155516.35,Loyal,0
693.0,France,Male,38.0,7,198338.77,2,1,1,14278.18,Loyal,0
561.0,Spain,Female,33.0,6,0.0,2,1,0,45261.47,Loyal,0
680.0,France,Male,33.0,10,183768.47,1,1,0,164119.35,Loyal,0
665.0,France,Female,41.0,8,96147.55,1,1,0,137037.97,Loyal,0
642.0,France,Male,30.0,8,80964.57,2,1,0,174738.2,Loyal,0
648.0,France,Female,44.0,2,0.0,2,1,1,58652.23,New,0
637.0,Spain,Female,44.0,0,157622.58,1,1,1,120454.2,New,0
555.0,Spain,Male,32.0,10,0.0,2,0,1,168605.96,Loyal,0
543.0,France,Male,43.0,9,0.0,2,1,1,78858.07,Loyal,0
831.0,Spain,Female,44.0,10,0.0,1,0,1,47729.33,Loyal,0
618.0,France,Female,49.0,9,44301.43,3,1,1,89729.3,Loyal,1
495.0,Germany,Male,39.0,8,120252.02,2,1,1,10160.23,Loyal,0
671.0,France,Male,27.0,5,0.0,2,0,0,120893.07,Mid,0
552.0,France,Male,42.0,9,133701.07,2,1,0,101069.71,Loyal,1
549.0,Spain,Female,24.0,9,0.0,2,1,1,14406.41,Loyal,0
560.0,Spain,Female,27.0,7,124995.98,1,1,1,114669.79,Loyal,0
739.0,France,Male,41.0,5,0.0,2,0,0,143882.25,Mid,0
631.0,Germany,Female,32.0,2,146810.99,2,1,1,180990.29,New,0
757.0,France,Male,31.0,10,39539.39,2,0,0,192519.39,Loyal,0
668.0,Germany,Female,39.0,0,122104.79,1,1,0,112946.67,New,1
705.0,Spain,Male,46.0,7,0.0,2,1,0,117273.35,Loyal,0
773.0,Germany,Female,36.0,4,105858.71,1,0,1,4395.45,Mid,0
498.0,France,Male,33.0,1,198113.86,1,1,0,69664.35,New,0
740.0,France,Female,37.0,9,0.0,2,1,1,73225.31,Loyal,0
645.0,France,Male,30.0,1,125739.26,1,1,1,193441.23,New,0
546.0,Spain,Female,36.0,7,85660.96,1,0,0,134778.01,Loyal,0
744.0,Spain,Male,34.0,3,0.0,2,1,0,27244.35,Mid,0
651.0,France,Male,36.0,7,0.0,2,1,0,13898.31,Loyal,0
677.0,Germany,Female,39.0,0,111213.64,2,1,1,147578.26,New,0
628.0,Germany,Male,39.0,1,115341.19,1,1,1,107674.3,New,1
682.0,France,Female,46.0,2,0.0,1,1,1,114442.66,New,0
700.0,France,Female,34.0,2,76322.69,1,1,0,128136.29,New,0
640.0,France,Male,44.0,3,137148.68,1,1,0,92381.01,Mid,0
459.0,Germany,Male,46.0,7,110356.42,1,1,0,4969.13,Loyal,1
640.0,France,Male,43.0,7,132412.38,1,0,0,69584.3,Loyal,1
560.0,Spain,Female,43.0,4,95140.44,2,1,0,123181.44,Mid,1
510.0,France,Male,32.0,9,103324.78,1,1,1,46127.7,Loyal,0
630.0,France,Male,26.0,7,129837.72,2,0,1,197001.15,Loyal,0
578.0,Germany,Female,38.0,4,113150.44,2,1,0,176712.59,Mid,1
715.0,Spain,Female,35.0,4,40169.88,2,1,1,199857.47,Mid,0
634.0,France,Male,37.0,5,115345.86,2,0,0,168781.8,Mid,0
651.0,Germany,Female,24.0,7,40224.7,1,1,1,178341.33,Loyal,0
731.0,Spain,Female,40.0,5,171325.98,1,1,1,159718.27,Mid,1
600.0,France,Male,34.0,0,0.0,2,0,1,3756.23,New,0
805.0,Spain,Male,26.0,2,0.0,2,1,1,25042.1,New,0
553.0,France,Male,37.0,1,0.0,1,1,0,30461.55,New,0
679.0,Germany,Female,50.0,6,132598.38,2,1,1,184017.98,Loyal,0
589.0,France,Male,32.0,2,0.0,2,0,1,9468.64,New,0
644.0,Germany,Female,40.0,4,77270.08,2,1,1,115800.1,Mid,1
850.0,France,Female,42.0,3,0.0,2,1,1,176883.42,Mid,0
727.0,France,Male,34.0,10,0.0,2,1,1,198637.34,Loyal,0
750.0,France,Male,43.0,6,113882.31,1,1,1,74564.41,Loyal,0
592.0,Germany,Female,62.0,5,71816.74,2,1,0,105096.82,Mid,1
823.0,Spain,Female,46.0,3,81576.75,1,1,1,28370.95,Mid,1
580.0,Spain,Male,32.0,9,142188.2,2,0,1,128028.6,Loyal,0
743.0,France,Male,39.0,6,0.0,2,1,0,44265.28,Loyal,0
705.0,France,Female,39.0,5,149379.66,2,1,0,96075.55,Mid,0
667.0,France,Male,31.0,1,119266.69,1,1,1,28257.63,New,0
637.0,Germany,Male,43.0,1,135645.29,2,0,1,101382.86,New,1
604.0,Spain,Female,26.0,3,0.0,2,1,0,155248.62,Mid,0
603.0,France,Male,30.0,8,0.0,2,1,1,47536.46,Loyal,0
592.0,France,Male,28.0,5,137222.77,1,0,0,39608.58,Mid,0
655.0,Spain,Female,36.0,1,135515.76,1,1,0,86013.96,New,0
731.0,Spain,Male,41.0,4,0.0,2,1,0,22299.27,Mid,0
575.0,France,Female,54.0,9,68332.96,1,1,1,144390.75,Loyal,0
597.0,France,Female,53.0,4,88381.21,1,1,0,69384.71,Mid,1
704.0,France,Female,40.0,6,95452.89,1,0,1,179964.55,Loyal,0
671.0,Germany,Female,23.0,9,123943.18,1,1,1,159553.27,Loyal,0
705.0,Germany,Female,43.0,10,146547.78,1,0,1,10072.55,Loyal,1
616.0,France,Male,34.0,10,0.0,2,1,0,25662.27,Loyal,0
637.0,Germany,Male,35.0,8,147127.81,2,1,1,84760.7,Loyal,0
686.0,France,Male,32.0,6,0.0,2,1,1,179093.26,Loyal,0
569.0,Spain,Male,38.0,8,0.0,2,0,0,79618.79,Loyal,0
682.0,France,Male,55.0,9,0.0,1,1,0,153356.8,Loyal,1
519.0,Germany,Female,21.0,1,151701.45,3,1,1,170138.68,New,1
678.0,France,Male,26.0,5,111128.04,1,1,0,60941.27,Mid,1
567.0,Spain,Female,54.0,5,92316.31,2,1,0,158590.66,Mid,1
645.0,Germany,Male,43.0,9,140121.17,1,1,0,11302.7,Loyal,1
664.0,Germany,Male,33.0,7,97286.16,2,1,0,143433.33,Loyal,0
734.0,France,Female,40.0,9,176914.8,1,1,1,12799.23,Loyal,0
824.0,France,Male,45.0,3,129209.48,1,0,0,60151.77,Mid,0
850.0,France,Female,36.0,0,164850.54,1,1,1,62722.44,New,0
516.0,France,Male,35.0,10,57369.61,1,1,1,101699.77,Loyal,0
535.0,Spain,Female,49.0,7,115309.75,1,1,0,111421.77,Loyal,0
631.0,Germany,Male,40.0,3,107949.45,1,1,0,52449.62,Mid,1
801.0,France,Male,43.0,4,158713.08,2,0,0,98586.14,Mid,0
685.0,Spain,Male,31.0,7,122449.31,2,1,1,180769.55,Loyal,0
786.0,France,Male,34.0,9,0.0,2,1,0,144517.19,Loyal,0
606.0,Germany,Male,39.0,8,136000.45,2,1,0,31708.53,Loyal,0
657.0,Spain,Male,40.0,10,0.0,2,1,1,52990.7,Loyal,0
486.0,Germany,Male,37.0,1,101438.0,1,0,0,51364.56,New,0
709.0,Germany,Male,30.0,9,115479.48,2,1,1,134732.99,Loyal,0
662.0,France,Male,34.0,2,0.0,2,0,1,21497.27,New,0
668.0,Spain,Male,45.0,4,102486.21,2,1,1,158379.25,Mid,0
526.0,France,Male,36.0,1,0.0,1,1,0,160696.72,New,0
687.0,France,Female,61.0,7,80538.56,1,1,0,131305.37,Loyal,1
573.0,Germany,Male,35.0,9,134498.54,2,1,1,119924.8,Loyal,0
617.0,France,Female,24.0,4,137295.19,2,1,1,91195.12,Mid,0
523.0,France,Female,28.0,2,121164.11,1,1,1,59938.81,New,0
571.0,Germany,Male,33.0,3,71843.15,1,1,0,26772.04,Mid,0
490.0,France,Male,29.0,4,0.0,2,1,0,32089.57,Mid,0
672.0,France,Male,37.0,5,153195.59,1,1,1,162763.01,Mid,0
634.0,Germany,Female,53.0,3,113781.5,2,1,1,106345.05,Mid,1
678.0,Spain,Female,40.0,4,113794.22,1,1,0,16618.76,Mid,0
487.0,France,Male,24.0,7,133628.09,2,1,1,98570.01,Loyal,0
632.0,France,Male,32.0,6,111589.33,1,1,1,170382.99,Loyal,0
701.0,Germany,Male,41.0,0,150844.94,1,0,1,127623.36,New,0
743.0,Germany,Male,45.0,10,144677.19,3,1,0,22512.44,Loyal,1
689.0,France,Male,47.0,1,93871.95,3,1,0,156878.42,New,1
693.0,Germany,Male,46.0,2,104763.41,1,1,1,62368.33,New,0
526.0,Germany,Male,50.0,5,124233.24,1,0,1,159456.87,Mid,1
630.0,Spain,Male,35.0,1,0.0,2,0,0,186826.22,New,0
524.0,Germany,Female,31.0,10,67238.98,2,1,1,161811.23,Loyal,0
719.0,Germany,Female,42.0,5,137227.04,3,1,0,149097.38,Mid,1
591.0,Germany,Male,46.0,4,129269.27,1,1,0,163504.33,Mid,0
576.0,France,Male,40.0,9,0.0,2,1,0,112465.19,Loyal,1
751.0,France,Female,48.0,9,0.0,1,1,0,137508.42,Loyal,1
491.0,Germany,Female,62.0,1,95039.12,1,0,1,116471.14,New,1
765.0,Spain,Male,45.0,2,91549.78,1,1,1,47139.44,New,0
646.0,Germany,Male,50.0,6,145295.31,2,1,1,27814.74,Loyal,0
508.0,Germany,Female,41.0,5,82161.7,2,1,0,187776.49,Mid,0
695.0,Spain,Female,56.0,4,0.0,2,1,0,84644.76,Mid,0
670.0,Spain,Male,62.0,6,158719.57,1,1,1,118607.4,Loyal,0
793.0,Spain,Male,38.0,9,0.0,2,1,0,88225.02,Loyal,0
647.0,Germany,Female,41.0,1,85906.65,3,1,0,189159.97,New,0
555.0,Germany,Male,48.0,3,142055.41,2,0,1,79134.78,Mid,0
550.0,Germany,Male,35.0,9,129847.75,2,1,0,197325.4,Loyal,0
718.0,France,Male,38.0,7,0.0,2,1,0,38308.34,Loyal,0
718.0,France,Male,29.0,2,0.0,1,1,0,126336.72,New,0
451.0,Germany,Female,38.0,9,61482.47,1,1,1,167538.66,Loyal,0
648.0,France,Male,26.0,9,162923.85,1,1,0,98368.24,Loyal,0
520.0,Germany,Male,43.0,3,150805.17,3,0,1,25333.03,Mid,1
621.0,Spain,Male,34.0,8,0.0,1,0,0,47972.65,Loyal,0
548.0,France,Female,35.0,10,0.0,1,1,1,31299.71,Loyal,0
831.0,France,Female,34.0,2,0.0,2,0,0,165840.94,New,0
632.0,Germany,Male,48.0,6,126066.26,1,1,0,64345.61,Loyal,1
595.0,Germany,Female,26.0,8,118547.72,1,1,1,151192.18,Loyal,0
501.0,France,Female,29.0,8,0.0,2,1,0,112664.24,Loyal,0
683.0,France,Male,33.0,8,0.0,1,0,0,73564.44,Loyal,0
596.0,Spain,Female,54.0,0,78126.28,1,1,1,153482.91,New,1
620.0,Germany,Male,39.0,9,159492.79,1,1,0,80582.34,Loyal,1
521.0,Spain,Male,29.0,3,60280.62,1,1,0,154271.41,Mid,0
590.0,Spain,Female,29.0,10,99250.08,1,1,1,129629.41,Loyal,0
704.0,Germany,Male,41.0,9,62078.21,2,1,0,129050.67,Loyal,0
734.0,Spain,Female,43.0,3,55853.33,2,0,1,94811.85,Mid,1
693.0,France,Male,29.0,2,151352.74,1,0,0,197145.89,New,0
620.0,France,Male,32.0,7,0.0,2,1,1,34665.79,Loyal,0
746.0,France,Female,21.0,8,166883.07,2,0,1,194563.65,Loyal,0
741.0,Germany,Female,19.0,8,108711.57,2,1,0,24857.25,Loyal,0
750.0,Spain,Female,36.0,6,0.0,2,1,1,59816.41,Loyal,0
596.0,France,Male,33.0,2,139451.67,1,0,0,63142.12,New,0
496.0,France,Male,31.0,5,0.0,2,1,0,93713.13,Mid,0
634.0,Germany,Male,48.0,2,107247.69,1,1,1,103712.05,New,1
645.0,France,Female,45.0,8,85325.93,1,0,0,22558.74,Loyal,0
740.0,Spain,Female,56.0,4,99097.33,1,1,1,85016.64,Mid,1
712.0,Spain,Female,30.0,6,0.0,2,1,0,152417.97,Loyal,0
640.0,France,Male,28.0,7,0.0,2,1,1,131097.9,Loyal,0
654.0,France,Male,47.0,10,0.0,2,1,0,170481.98,Loyal,0
599.0,Spain,Female,39.0,4,0.0,1,1,0,194273.2,Mid,1
678.0,Germany,Male,23.0,10,115563.71,1,1,1,91633.53,Loyal,0
612.0,France,Female,35.0,3,0.0,1,1,1,48108.72,Mid,0
556.0,France,Female,52.0,9,0.0,1,1,0,175149.2,Loyal,1
728.0,Spain,Female,43.0,8,128412.61,1,0,1,139024.31,Loyal,0
728.0,Germany,Female,35.0,8,125884.95,2,1,0,54359.02,Loyal,1
850.0,France,Male,38.0,7,80293.98,1,0,0,126555.74,Loyal,0
606.0,Spain,Male,30.0,8,180307.73,2,1,1,1914.41,Loyal,0
658.0,Spain,Female,32.0,5,145553.07,1,1,1,31484.76,Mid,0
641.0,France,Female,35.0,4,0.0,2,0,0,125986.18,Mid,0
686.0,France,Male,35.0,4,0.0,1,1,0,8816.37,Mid,0
654.0,Germany,Female,32.0,1,114510.85,1,1,1,126143.23,New,0
580.0,Germany,Male,44.0,9,143391.07,1,0,0,146891.07,Loyal,1
701.0,Germany,Male,36.0,7,95448.32,2,1,0,189085.07,Loyal,0
507.0,Germany,Male,31.0,2,134237.07,1,1,1,166423.66,New,1
723.0,Germany,Male,37.0,3,94661.53,2,1,0,121239.65,Mid,0
666.0,Germany,Female,21.0,1,121827.43,2,1,1,99818.31,New,0
612.0,Germany,Female,58.0,1,149641.53,1,1,1,115161.28,New,0
682.0,France,Male,28.0,10,200724.96,1,0,1,82872.64,Loyal,1
662.0,France,Female,32.0,4,133950.37,1,1,1,48725.68,Mid,1
699.0,France,Male,30.0,9,0.0,1,1,1,108162.13,Loyal,0
667.0,Spain,Male,38.0,1,87202.38,1,1,1,77866.91,New,0
624.0,Spain,Female,23.0,6,0.0,2,0,1,196668.51,Loyal,0
584.0,France,Male,47.0,5,0.0,2,1,0,89286.29,Mid,0
614.0,Germany,Female,37.0,6,96340.81,2,1,1,139377.24,Loyal,1
779.0,France,Male,62.0,10,119096.55,1,0,1,116977.89,Loyal,0
834.0,France,Female,28.0,6,0.0,1,1,0,74287.53,Loyal,0
454.0,France,Male,34.0,4,0.0,2,1,0,198817.72,Mid,0
850.0,France,Female,40.0,9,99816.46,1,1,1,163989.66,Loyal,1
688.0,France,Female,38.0,7,123544.21,1,1,1,157664.02,Loyal,0
595.0,Germany,Female,45.0,9,106000.12,1,0,0,191448.96,Loyal,1
708.0,Spain,Male,40.0,8,83015.71,1,1,0,101089.76,Loyal,0
753.0,France,Male,33.0,5,122568.05,2,1,1,82820.85,Mid,0
662.0,Spain,Female,41.0,4,90350.77,1,1,0,75884.65,Mid,1
695.0,France,Female,36.0,2,0.0,2,0,1,167749.54,New,0
678.0,Germany,Male,36.0,6,118448.15,2,1,0,53172.02,Loyal,0
643.0,Spain,Male,35.0,2,0.0,2,0,0,67979.35,New,0
586.0,France,Male,62.0,1,0.0,2,1,1,53710.23,New,0
729.0,France,Male,62.0,2,94203.8,1,0,1,102391.06,New,0
607.0,France,Male,35.0,2,0.0,2,1,1,114190.3,New,0
604.0,Spain,Female,35.0,7,147285.52,1,1,1,57807.05,Loyal,0
714.0,Germany,Male,28.0,7,77776.39,1,1,0,177737.07,Loyal,0
781.0,France,Female,27.0,5,0.0,2,0,0,72969.9,Mid,0
749.0,Germany,Female,44.0,0,71497.79,2,0,0,151083.8,New,0
741.0,Germany,Female,36.0,0,127675.39,2,1,0,74260.16,New,0
838.0,Spain,Male,43.0,9,123105.88,2,1,0,145765.83,Loyal,0
811.0,Germany,Female,34.0,1,149297.19,2,1,1,186339.74,New,0
699.0,Germany,Male,36.0,6,147137.74,1,1,1,33687.9,Loyal,0
656.0,France,Male,38.0,10,0.0,1,1,1,136521.82,Loyal,0
675.0,France,Male,40.0,7,113208.86,2,1,0,34577.36,Loyal,0
408.0,France,Male,40.0,3,0.0,2,0,0,124874.23,Mid,0
528.0,Germany,Male,32.0,2,99092.45,1,0,1,111149.98,New,0
826.0,Spain,Female,29.0,4,129938.07,1,0,1,190200.53,Mid,0
552.0,France,Male,36.0,8,0.0,2,0,0,132547.02,Loyal,0
688.0,France,Male,52.0,1,0.0,2,1,1,172033.57,New,0
589.0,France,Male,37.0,5,0.0,1,1,0,61324.87,Mid,0
647.0,France,Male,35.0,4,123761.68,1,1,0,83910.4,Mid,0
625.0,France,Male,41.0,6,97663.16,2,1,0,57128.78,Loyal,0
631.0,Germany,Male,37.0,8,138292.64,2,0,0,152422.91,Loyal,1
729.0,Spain,Female,42.0,7,0.0,2,1,0,58268.2,Loyal,1
714.0,Germany,Male,33.0,3,35016.6,1,1,0,53667.08,Mid,0
850.0,Spain,Male,37.0,2,0.0,2,1,0,119969.99,New,0
780.0,Germany,Female,37.0,10,95196.26,1,1,0,126310.39,Loyal,1
531.0,Spain,Male,37.0,1,143407.29,2,0,1,84402.46,New,0
652.0,France,Male,26.0,3,137998.2,2,0,1,168989.77,Mid,0
587.0,Germany,Female,44.0,5,125584.17,2,1,1,41852.24,Mid,1
625.0,Spain,Female,57.0,7,0.0,1,0,0,84106.17,Loyal,1
495.0,France,Male,30.0,10,129755.99,1,0,0,172749.65,Loyal,0
762.0,France,Female,44.0,7,159316.64,1,0,0,24780.13,Loyal,0
786.0,France,Male,37.0,7,165896.22,2,1,1,66977.68,Loyal,0
618.0,France,Male,37.0,5,0.0,1,0,1,178705.45,Mid,1
684.0,Germany,Male,29.0,8,127269.75,1,0,1,79495.01,Loyal,0
783.0,France,Male,38.0,9,114135.17,1,1,0,153269.98,Loyal,0
829.0,Germany,Male,28.0,3,132405.52,3,1,0,104889.2,Mid,1
450.0,Spain,Female,46.0,5,177619.71,1,1,0,54227.06,Mid,0
709.0,France,Female,24.0,3,110949.41,1,1,1,168515.61,Mid,0
628.0,Germany,Male,27.0,5,95826.49,2,1,0,155996.96,Mid,0
636.0,France,Female,45.0,7,139859.23,1,1,1,108402.54,Loyal,0
772.0,France,Male,23.0,2,0.0,2,1,0,18364.19,New,0
580.0,France,Male,37.0,9,0.0,2,0,1,77108.66,Loyal,0
714.0,France,Male,37.0,9,148466.93,2,0,1,151280.96,Loyal,0
719.0,Spain,Male,37.0,10,145382.61,1,1,0,80408.59,Loyal,0
661.0,France,Female,31.0,7,144162.3,2,1,1,14490.79,Loyal,0
676.0,Spain,Female,36.0,4,0.0,2,1,1,3173.31,Mid,0
691.0,France,Male,58.0,3,0.0,1,0,1,194930.3,Mid,1
553.0,Germany,Male,35.0,2,158584.28,2,1,0,43640.16,New,0
666.0,France,Male,40.0,5,0.0,2,1,0,147878.05,Mid,0
664.0,Germany,Male,26.0,7,116244.14,2,1,1,95145.14,Loyal,0
563.0,France,Male,30.0,7,90727.79,1,1,0,122268.75,Loyal,0
716.0,France,Female,40.0,3,0.0,2,0,1,167636.15,Mid,0
618.0,France,Male,37.0,2,168178.21,2,0,1,101273.23,New,0
640.0,Germany,Male,26.0,5,90402.77,1,1,1,3298.65,Mid,0
549.0,Germany,Female,49.0,6,124829.16,1,0,1,93551.36,Loyal,0
640.0,Germany,Female,62.0,1,106307.91,2,0,1,113428.77,New,0
671.0,France,Male,34.0,7,106603.74,2,1,1,26387.71,Loyal,0
727.0,France,Male,62.0,5,0.0,2,0,1,38652.96,Mid,0
644.0,France,Male,28.0,7,155060.41,1,1,0,29179.52,Loyal,0
607.0,Spain,Female,33.0,2,108431.87,2,0,1,109291.39,New,1
687.0,France,Female,26.0,6,0.0,2,1,1,32909.13,Loyal,0
499.0,France,Male,60.0,7,76961.6,2,1,1,83643.87,Loyal,0
730.0,France,Male,27.0,5,0.0,2,1,1,116081.93,Mid,0
529.0,France,Male,39.0,6,102025.08,2,1,0,12351.01,Loyal,0
656.0,France,Male,30.0,3,0.0,2,0,1,17104.0,Mid,0
812.0,Spain,Female,44.0,8,0.0,3,1,0,66926.83,Loyal,1
687.0,Germany,Female,41.0,2,154007.21,1,1,0,158408.23,New,0
626.0,Spain,Male,29.0,7,0.0,2,1,0,49361.84,Loyal,0
437.0,France,Female,43.0,6,0.0,1,1,0,148330.97,Loyal,1
657.0,France,Male,32.0,3,118829.03,2,1,1,73127.61,Mid,0
672.0,France,Male,47.0,1,0.0,1,0,0,91574.92,New,0
738.0,Germany,Male,43.0,9,121152.05,2,1,0,64166.7,Loyal,1
498.0,Germany,Male,42.0,3,152039.7,1,1,1,53445.17,Mid,1
523.0,France,Male,22.0,8,123374.46,1,1,1,124906.59,Loyal,0
633.0,Spain,Female,46.0,3,0.0,2,1,0,120250.58,Mid,0
516.0,Spain,Female,27.0,1,0.0,1,0,1,112311.15,New,0
771.0,France,Male,32.0,5,62321.62,1,1,1,40920.59,Mid,0
850.0,Spain,Male,39.0,0,141829.67,1,1,1,92748.16,New,0
691.0,France,Male,24.0,6,0.0,2,1,1,92811.2,Loyal,0
482.0,France,Male,38.0,4,124976.19,1,1,0,35848.12,Mid,0
694.0,Spain,Female,37.0,3,0.0,2,1,1,147012.22,Mid,0
797.0,France,Male,31.0,9,0.0,2,1,1,24748.89,Loyal,0
545.0,Germany,Female,60.0,7,128981.07,1,0,1,176924.21,Loyal,1
563.0,France,Female,35.0,2,183572.84,1,1,1,66006.75,New,1
747.0,France,Male,27.0,10,0.0,2,0,0,13007.89,Loyal,0
683.0,France,Female,40.0,1,0.0,2,0,0,75762.0,New,0
690.0,Spain,Male,36.0,10,0.0,2,1,0,55902.93,Loyal,0
675.0,Germany,Female,33.0,0,141816.25,1,1,0,64815.05,New,1
593.0,Spain,Male,32.0,10,158537.42,1,1,0,166850.57,Loyal,0
567.0,Spain,Female,45.0,1,157320.51,1,1,0,62193.92,New,0
603.0,France,Male,31.0,8,0.0,2,1,1,169915.02,Loyal,0
653.0,Germany,Female,38.0,5,114268.22,2,1,1,89524.83,Mid,0
456.0,France,Male,29.0,5,107000.49,1,1,1,153419.62,Mid,0
726.0,Spain,Female,35.0,9,0.0,2,0,1,100556.98,Loyal,0
593.0,France,Female,29.0,2,152265.43,1,1,0,34004.44,New,0
575.0,France,Male,40.0,5,0.0,2,1,1,122488.59,Mid,0
844.0,France,Male,40.0,7,113348.14,1,1,0,31904.31,Loyal,1
383.0,Spain,Female,28.0,6,146098.43,3,1,0,100615.14,Loyal,1
850.0,Germany,Female,47.0,4,99219.47,2,1,1,122141.13,Mid,0
757.0,France,Male,46.0,0,0.0,2,1,0,37460.05,New,0
738.0,Germany,Female,40.0,1,115409.18,2,0,0,180456.8,New,0
752.0,Spain,Male,48.0,5,116060.08,1,1,0,156618.38,Mid,1
497.0,Germany,Female,32.0,8,111537.23,4,1,1,9497.99,Loyal,1
444.0,France,Male,43.0,3,0.0,2,1,1,159131.21,Mid,0
689.0,Germany,Male,26.0,4,120727.97,1,0,1,149073.88,Mid,0
668.0,Spain,Male,43.0,10,113034.31,1,1,1,100423.88,Loyal,0
472.0,France,Male,19.0,9,0.0,2,1,0,3453.4,Loyal,0
643.0,Germany,Male,41.0,7,154902.66,1,1,1,49667.28,Loyal,0
717.0,Spain,Female,39.0,6,0.0,2,1,0,93275.61,Loyal,0
623.0,France,Male,21.0,10,0.0,2,0,1,135851.3,Loyal,0
707.0,France,Male,30.0,8,0.0,2,1,0,33159.37,Loyal,0
850.0,France,Male,36.0,3,0.0,2,1,0,195033.07,Mid,0
758.0,France,Female,33.0,7,0.0,1,1,0,188156.34,Loyal,0
795.0,France,Female,40.0,2,101891.1,1,1,1,183044.86,New,0
771.0,Spain,Female,56.0,2,0.0,1,1,1,25222.6,New,1
606.0,Spain,Male,33.0,8,0.0,2,1,1,63176.77,Loyal,0
535.0,France,Female,38.0,0,135919.33,1,1,0,80425.65,New,0
685.0,Germany,Male,38.0,4,111798.06,2,1,1,102184.66,Mid,0
770.0,Spain,Male,55.0,9,63127.41,2,1,0,185211.28,Loyal,1
476.0,France,Female,32.0,6,111871.93,1,0,0,112132.86,Loyal,0
629.0,Spain,Male,36.0,1,161757.87,2,1,1,146371.72,New,0
679.0,France,Male,30.0,9,0.0,2,1,0,157871.55,Loyal,0
747.0,Germany,Male,58.0,7,116313.57,1,1,1,190696.35,Loyal,1
799.0,Germany,Male,31.0,9,154586.92,1,0,1,88604.89,Loyal,1
709.0,France,Female,43.0,8,0.0,2,0,0,168035.62,Loyal,1
613.0,Germany,Female,30.0,5,131563.88,2,1,0,170638.98,Mid,0
611.0,France,Male,28.0,2,0.0,2,0,0,25395.83,New,0
571.0,France,Male,32.0,5,131354.25,1,1,0,125256.53,Mid,0
554.0,Spain,Female,41.0,4,112152.89,1,0,1,36242.19,Mid,0
627.0,Germany,Male,30.0,3,128770.88,2,1,1,40199.01,Mid,0
701.0,Spain,Female,30.0,2,0.0,2,1,0,115650.63,New,0
637.0,France,Male,60.0,3,0.0,2,1,1,70174.03,Mid,0
526.0,France,Male,42.0,1,0.0,1,0,1,168486.02,New,0
679.0,France,Male,47.0,10,198546.1,2,1,0,191198.92,Loyal,1
630.0,France,Male,50.0,1,81947.76,1,0,1,63606.22,New,1
598.0,Germany,Female,46.0,7,131769.04,1,0,0,184980.23,Loyal,1
717.0,France,Male,40.0,0,98241.04,1,1,0,110887.14,New,0
622.0,France,Male,31.0,5,106260.67,1,1,1,2578.43,Mid,0
743.0,France,Male,37.0,8,69143.91,2,0,1,105780.18,Loyal,0
685.0,Spain,Female,42.0,2,0.0,2,0,0,199992.48,New,0
563.0,Spain,Female,46.0,8,106171.68,1,1,0,163145.5,Loyal,1
647.0,Spain,Male,47.0,5,105603.21,2,1,1,157360.9,Mid,0
572.0,Spain,Male,23.0,2,126873.52,1,0,1,67040.12,New,0
644.0,France,Male,33.0,9,141234.98,1,1,0,95673.05,Loyal,0
741.0,Spain,Male,25.0,4,0.0,2,1,1,73873.65,Mid,0
657.0,Germany,Female,48.0,5,143595.87,1,0,0,101314.65,Mid,1
718.0,Spain,Male,32.0,8,0.0,2,1,1,41399.33,Loyal,0
653.0,France,Female,31.0,7,102575.04,1,1,1,11043.54,Loyal,0
850.0,Spain,Male,31.0,6,82613.56,2,1,0,149170.92,Loyal,0
660.0,Spain,Male,42.0,5,0.0,2,1,0,115509.59,Mid,0
554.0,France,Female,22.0,8,0.0,2,0,1,142670.61,Loyal,0
470.0,France,Female,25.0,8,127974.06,2,1,1,183259.35,Loyal,0
492.0,France,Female,49.0,8,0.0,1,1,1,182865.09,Loyal,1
556.0,Germany,Male,37.0,9,145018.64,2,1,0,90928.02,Loyal,1
468.0,France,Male,36.0,3,61636.97,1,0,0,107787.42,Mid,0
662.0,Germany,Male,39.0,5,139822.11,2,1,1,146219.9,Mid,0
737.0,Spain,Male,38.0,6,146282.79,2,1,0,198516.2,Loyal,0
649.0,Germany,Female,50.0,5,155393.32,1,1,1,87351.42,Mid,1
561.0,France,Male,37.0,1,100443.36,2,0,1,101693.73,New,0
775.0,Germany,Male,25.0,10,60205.2,2,1,0,14073.11,Loyal,0
850.0,Germany,Female,33.0,7,134678.13,1,1,0,113177.95,Loyal,0
709.0,France,Female,32.0,2,0.0,2,0,0,109681.29,New,0
655.0,France,Female,38.0,6,0.0,1,1,1,188639.28,Loyal,0
663.0,France,Female,42.0,1,82228.67,2,1,0,71359.78,New,0
666.0,France,Female,62.0,7,0.0,2,1,1,99792.82,Loyal,0
850.0,France,Male,33.0,0,124781.67,1,0,1,33700.52,New,0
650.0,France,Male,34.0,4,106005.54,1,0,1,142995.32,Mid,0
505.0,Germany,Male,43.0,5,136855.94,2,1,0,171070.52,Mid,0
677.0,France,Female,25.0,3,0.0,2,1,0,179608.96,Mid,0
536.0,France,Male,35.0,8,0.0,2,1,0,64833.28,Loyal,0
767.0,Spain,Male,37.0,7,0.0,2,1,1,24734.25,Loyal,0
635.0,Germany,Female,36.0,9,81231.85,2,1,0,196731.08,Loyal,0
529.0,Germany,Male,29.0,4,135759.4,1,0,0,112813.79,Mid,1
623.0,Germany,Female,48.0,1,108076.33,1,1,0,118855.26,New,1
645.0,France,Female,38.0,5,101430.3,2,0,1,4400.32,Mid,0
591.0,France,Male,43.0,3,0.0,2,0,1,198926.36,Mid,0
850.0,Germany,Female,26.0,8,123126.29,1,1,0,74425.41,Loyal,0
618.0,France,Female,42.0,2,0.0,4,0,0,111097.39,New,1
632.0,France,Male,44.0,3,107764.75,1,1,0,185667.72,Mid,0
543.0,Germany,Male,48.0,1,100900.5,1,0,0,33310.72,New,1
677.0,France,Male,38.0,4,0.0,2,1,0,187800.63,Mid,0
480.0,Spain,Male,47.0,8,75408.33,1,1,0,25887.89,Loyal,1
642.0,France,Female,41.0,7,115171.71,1,1,1,37674.47,Loyal,0
628.0,Germany,Male,40.0,5,181768.32,2,1,1,129107.97,Mid,0
564.0,Spain,Male,48.0,5,132876.23,1,1,0,79259.77,Mid,0
809.0,France,Male,36.0,9,68881.59,2,0,1,109135.11,Loyal,0
473.0,France,Female,35.0,6,69617.36,1,1,0,143345.69,Loyal,0
683.0,France,Male,30.0,4,66190.33,1,1,1,115186.97,Mid,0
662.0,Spain,Male,38.0,4,0.0,2,1,0,136259.65,Mid,0
518.0,France,Male,40.0,4,0.0,2,0,1,194416.58,Mid,0
704.0,France,Male,36.0,3,114370.41,1,0,1,66810.48,Mid,0
620.0,Spain,Male,38.0,0,0.0,2,1,1,38015.34,New,0
606.0,Germany,Male,45.0,5,63832.43,1,1,1,93707.8,Mid,0
624.0,Spain,Male,33.0,6,0.0,2,0,0,76551.7,Loyal,0
644.0,France,Female,40.0,9,137285.26,4,1,0,77063.63,Loyal,1
680.0,Spain,Female,58.0,8,0.0,2,1,1,65708.5,Loyal,0
639.0,France,Male,27.0,8,0.0,2,1,0,192247.35,Loyal,0
676.0,France,Male,38.0,1,0.0,2,0,1,35644.79,New,0
542.0,Germany,Female,35.0,9,127543.11,2,1,0,468.94,Loyal,1
786.0,France,Male,34.0,3,137361.96,1,0,0,183682.09,Mid,0
599.0,France,Male,50.0,3,121159.65,1,0,0,4033.39,Mid,1
640.0,France,Female,42.0,5,176099.13,1,1,1,8404.73,Mid,0
738.0,France,Male,31.0,9,82674.15,1,1,0,41970.72,Loyal,0
702.0,France,Male,26.0,5,56738.47,2,1,1,100442.22,Mid,1
657.0,Spain,Male,62.0,5,119785.47,2,1,1,107534.32,Mid,0
692.0,France,Female,42.0,2,0.0,2,1,0,145222.93,New,0
702.0,France,Male,40.0,3,148556.74,1,0,1,146056.29,Mid,0
726.0,Spain,Male,30.0,8,134152.29,1,1,1,147822.44,Loyal,0
639.0,France,Female,60.0,5,162039.78,1,1,1,84361.72,Mid,1
550.0,Spain,Male,45.0,0,0.0,2,0,1,70399.71,New,0
658.0,Germany,Male,29.0,5,75395.53,2,0,1,54914.92,Mid,0
617.0,Spain,Male,34.0,9,0.0,2,1,0,118749.58,Loyal,0
693.0,Germany,Male,45.0,2,116546.59,2,0,0,23140.28,New,1
728.0,France,Female,62.0,1,0.0,2,1,1,131804.86,New,0
828.0,France,Male,34.0,8,129433.34,2,0,0,38131.77,Loyal,0
791.0,France,Female,44.0,5,0.0,2,1,1,123977.86,Mid,1
583.0,Spain,Female,40.0,4,0.0,2,1,0,114093.73,Mid,0
729.0,Germany,Male,39.0,6,127415.85,1,1,1,184977.2,Loyal,1
649.0,Spain,Female,49.0,2,0.0,1,1,0,84863.85,New,1
672.0,France,Male,28.0,4,167268.98,1,1,1,169469.3,Mid,0
673.0,Spain,Male,39.0,8,138160.0,1,1,1,110468.51,Loyal,0
689.0,France,Male,34.0,1,165312.27,1,1,0,155495.63,New,0
659.0,Germany,Female,30.0,8,154159.51,1,1,0,40441.1,Loyal,0
583.0,Spain,Female,40.0,3,54428.37,1,1,0,109638.78,Mid,1
850.0,France,Female,43.0,3,0.0,2,0,0,2465.8,Mid,0
636.0,Germany,Female,29.0,3,97325.15,1,0,1,131924.38,Mid,0
628.0,Spain,Female,39.0,8,107553.33,1,1,0,117523.41,Loyal,0
663.0,France,Male,40.0,6,156218.19,1,0,1,33607.72,Loyal,0
535.0,Germany,Male,38.0,8,127475.24,1,0,0,60775.76,Loyal,1
750.0,Germany,Male,42.0,8,151836.36,2,1,0,68695.38,Loyal,0
850.0,Germany,Male,61.0,3,141784.02,1,1,1,92053.75,Mid,0
606.0,France,Male,37.0,6,82373.94,1,0,0,172526.9,Loyal,1
488.0,France,Female,31.0,8,97588.6,1,0,0,124210.53,Loyal,0
715.0,Spain,Male,31.0,7,0.0,1,1,1,149970.59,Loyal,0
786.0,France,Male,32.0,9,0.0,2,1,0,133112.41,Loyal,0
628.0,France,Male,62.0,5,0.0,2,1,1,181964.6,Mid,0
508.0,Spain,Male,54.0,10,0.0,1,1,1,175749.36,Loyal,0
493.0,France,Female,37.0,8,142987.46,2,1,0,158840.99,Loyal,0
690.0,France,Male,38.0,1,94456.0,2,0,1,55034.02,New,0
483.0,France,Male,29.0,9,0.0,1,1,1,81634.45,Loyal,0
666.0,Spain,Female,36.0,6,0.0,2,1,0,176692.87,Loyal,0
704.0,France,Male,31.0,5,132084.66,3,1,1,54474.48,Mid,1
584.0,France,Male,33.0,3,0.0,2,0,1,59103.13,Mid,0
791.0,Germany,Female,42.0,10,113657.41,2,0,1,139946.68,Loyal,1
668.0,Germany,Female,59.0,5,120170.07,1,0,1,50454.8,Mid,0
594.0,France,Female,31.0,9,0.0,1,0,1,5719.11,Loyal,0
741.0,Spain,Male,35.0,6,74371.49,1,0,0,99595.67,Loyal,0
512.0,Germany,Female,32.0,2,123403.85,2,1,0,80120.19,New,0
648.0,Germany,Male,33.0,7,135310.41,2,0,1,171668.2,Loyal,0
765.0,Germany,Male,34.0,5,86055.17,2,1,1,104220.5,Mid,0
709.0,Germany,Male,22.0,0,112949.71,1,0,0,155231.55,New,0
544.0,France,Female,21.0,10,161525.96,2,1,0,9262.77,Loyal,0
714.0,Germany,Female,55.0,9,180075.22,1,1,1,100127.71,Loyal,0
559.0,Germany,Female,36.0,1,104356.94,2,0,1,54184.06,New,0
617.0,France,Male,34.0,1,61687.33,2,1,0,105965.25,New,0
656.0,France,Male,18.0,10,151762.74,1,0,1,127014.32,Loyal,0
698.0,Spain,Female,31.0,8,185078.26,1,0,0,115337.74,Loyal,1
631.0,Germany,Female,34.0,6,125227.82,2,0,1,128247.03,Loyal,0
726.0,Spain,Male,36.0,2,0.0,1,1,0,195192.4,New,0
697.0,Spain,Female,37.0,7,168066.87,1,1,0,35450.53,Loyal,0
517.0,France,Male,37.0,5,113308.84,1,0,1,31517.16,Mid,0
498.0,France,Male,34.0,2,0.0,2,1,1,148528.24,New,0
707.0,France,Male,32.0,9,0.0,2,0,0,30807.02,Loyal,0
608.0,Spain,Male,48.0,7,75801.74,1,1,0,125762.95,Loyal,0
628.0,Germany,Female,51.0,10,115280.49,2,0,0,12628.61,Loyal,1
748.0,France,Female,39.0,9,132865.56,1,1,1,59636.43,Loyal,1
779.0,Spain,Male,33.0,3,0.0,2,1,0,30804.68,Mid,0
650.0,Spain,Male,55.0,9,119618.42,1,1,1,29861.13,Loyal,0
767.0,France,Female,34.0,8,0.0,2,1,0,94767.77,Loyal,0
587.0,France,Male,38.0,0,0.0,2,1,0,47414.15,New,0
506.0,Germany,Female,59.0,3,190353.08,1,1,0,78365.75,Mid,0
720.0,Spain,Male,33.0,6,97188.62,1,0,0,91881.29,Loyal,0
787.0,France,Male,32.0,4,0.0,2,1,1,13238.93,Mid,0
685.0,France,Female,33.0,6,0.0,2,0,1,186785.01,Loyal,0
759.0,France,Male,44.0,2,111095.58,2,1,0,100137.7,New,0
643.0,Spain,Male,34.0,3,83132.09,1,1,1,21360.88,Mid,0
753.0,Spain,Male,51.0,4,79811.72,2,0,1,68260.27,Mid,1
572.0,Spain,Female,26.0,5,0.0,2,1,0,119381.41,Mid,0
531.0,France,Male,44.0,3,0.0,2,1,1,34416.79,Mid,0
782.0,Germany,Male,42.0,7,126428.38,1,1,0,39830.1,Loyal,0
809.0,France,Male,24.0,7,109558.36,1,1,0,183515.13,Loyal,0
725.0,France,Female,31.0,6,0.0,1,0,0,61326.43,Loyal,0
534.0,France,Male,41.0,9,0.0,2,1,0,13871.34,Loyal,0
677.0,France,Male,27.0,2,0.0,2,1,1,20092.89,New,0
785.0,France,Female,40.0,3,0.0,2,1,1,96832.82,Mid,0
695.0,Spain,Female,39.0,5,0.0,2,0,0,102763.69,Mid,0
703.0,Spain,Male,36.0,7,135095.47,1,1,0,143859.66,Loyal,0
605.0,Germany,Male,62.0,2,61319.63,1,0,1,186655.11,New,0
572.0,Spain,Male,35.0,4,152390.26,1,1,0,128123.66,Mid,0
779.0,France,Male,27.0,1,0.0,2,1,1,190623.02,New,0
656.0,France,Male,33.0,7,138705.02,2,1,0,37136.15,Loyal,0
643.0,Spain,Male,34.0,6,0.0,2,1,1,116046.22,Loyal,0
766.0,France,Female,45.0,6,0.0,2,0,0,147184.74,Loyal,0
746.0,France,Female,32.0,4,0.0,2,1,1,72909.75,Mid,0
802.0,Germany,Female,41.0,4,90757.64,2,0,1,169183.66,Mid,0
431.0,France,Male,37.0,0,120764.08,1,1,1,117023.08,New,0
681.0,Germany,Female,48.0,8,139480.18,1,1,1,163581.67,Loyal,0
581.0,Germany,Female,34.0,1,101633.04,1,1,0,110431.51,New,0
571.0,Germany,Female,62.0,9,111577.01,1,0,1,189271.9,Loyal,0
779.0,Germany,Female,40.0,2,75470.23,1,1,1,52894.01,New,0
628.0,Germany,Female,51.0,9,155903.82,2,1,1,71159.84,Loyal,0
680.0,France,Male,31.0,10,113292.17,1,1,1,122639.73,Loyal,0
710.0,Spain,Male,22.0,8,0.0,3,1,0,107292.91,Loyal,0
758.0,France,Female,52.0,7,125095.94,1,1,0,171189.83,Loyal,1
596.0,Spain,Female,30.0,1,0.0,2,1,0,8125.39,New,0
704.0,Spain,Female,24.0,2,0.0,1,1,0,35600.25,New,1
619.0,France,Female,48.0,4,0.0,1,0,0,18094.96,Mid,1
589.0,Spain,Female,45.0,1,0.0,1,0,0,125939.22,New,1
640.0,Spain,Male,36.0,4,0.0,1,0,0,173016.46,Mid,0
720.0,Germany,Female,57.0,1,162082.31,4,0,0,27145.73,New,1
428.0,France,Female,31.0,2,0.0,2,1,0,54487.43,New,0
824.0,France,Male,30.0,0,133634.02,1,1,1,162053.92,New,0
549.0,Germany,Male,34.0,6,204017.4,2,1,0,109538.35,Loyal,0
675.0,France,Male,34.0,8,0.0,2,1,1,184842.21,Loyal,0
709.0,Spain,Female,35.0,1,111827.27,2,1,0,12674.68,New,0
780.0,France,Female,37.0,3,0.0,2,0,0,182156.81,Mid,1
697.0,France,Female,42.0,1,0.0,1,1,0,1262.83,New,1
420.0,Germany,Female,34.0,1,135549.9,1,0,0,149471.13,New,1
587.0,Germany,Male,33.0,6,132603.36,1,1,0,55775.72,Loyal,0
626.0,Germany,Male,49.0,9,171787.84,2,1,0,187192.23,Loyal,0
694.0,Germany,Male,31.0,6,109052.59,2,1,1,19448.93,Loyal,1
457.0,France,Female,38.0,7,164496.99,1,1,1,163327.27,Loyal,0
524.0,Germany,Female,31.0,8,107818.63,1,1,0,199725.39,Loyal,1
613.0,France,Female,29.0,6,185709.28,2,1,1,77242.19,Loyal,0
666.0,France,Male,47.0,2,0.0,1,1,0,35046.97,New,1
610.0,France,Female,31.0,6,107784.65,1,1,1,141137.53,Loyal,0
678.0,Spain,Male,28.0,5,138668.18,1,1,1,54144.01,Mid,0
669.0,France,Male,46.0,3,0.0,2,0,1,8487.75,Mid,0
641.0,Spain,Male,42.0,9,132657.55,1,1,0,35367.19,Loyal,0
834.0,Spain,Male,33.0,5,0.0,2,1,0,66285.18,Mid,0
618.0,France,Male,30.0,3,133844.22,1,1,1,31406.93,Mid,0
588.0,France,Female,36.0,2,0.0,2,1,0,92536.0,New,1
673.0,France,Male,37.0,2,0.0,1,1,1,13624.02,New,0
751.0,France,Female,44.0,10,0.0,2,1,0,170634.49,Loyal,0
621.0,Spain,Male,33.0,4,0.0,2,1,1,40299.23,Mid,0
670.0,France,Male,25.0,7,0.0,2,1,1,144723.38,Loyal,0
727.0,Germany,Male,40.0,1,93051.64,2,1,0,71865.31,New,1
713.0,France,Female,37.0,8,0.0,1,1,1,16403.41,Loyal,0
652.0,Spain,Male,31.0,1,132862.59,1,0,0,158054.49,New,0
619.0,France,Female,55.0,0,0.0,3,0,0,60810.64,New,1
630.0,Germany,Female,51.0,0,108449.23,3,0,0,88372.69,New,1
732.0,Germany,Female,61.0,9,94867.18,2,1,1,157527.6,Loyal,1
718.0,France,Female,43.0,0,93143.39,1,1,0,167554.86,New,0
679.0,Spain,Male,39.0,5,0.0,2,1,1,100060.54,Mid,0
765.0,France,Male,34.0,9,91835.16,1,0,0,138280.17,Loyal,0
628.0,France,Female,37.0,9,0.0,2,1,1,34689.77,Loyal,0
707.0,Germany,Female,40.0,3,109628.44,1,1,0,189366.03,Mid,0
717.0,Spain,Female,36.0,2,164557.95,1,0,1,82336.73,New,0
755.0,France,Male,41.0,6,104817.41,1,1,0,126013.58,Loyal,1
670.0,Spain,Female,29.0,9,0.0,2,1,0,27359.19,Loyal,0
574.0,Germany,Male,35.0,5,163856.76,1,1,1,15118.2,Mid,0
667.0,France,Male,42.0,6,0.0,1,1,0,88890.05,Loyal,0
529.0,Germany,Male,62.0,5,94216.05,1,1,1,78695.68,Mid,0
632.0,Germany,Male,23.0,3,122478.51,1,1,0,147230.77,Mid,1
635.0,Germany,Female,48.0,4,81556.89,2,1,0,191914.37,Mid,0
569.0,Germany,Male,25.0,9,173459.45,2,1,1,44381.06,Loyal,0
617.0,France,Female,34.0,0,131244.65,2,1,0,183229.02,New,0
667.0,Germany,Female,27.0,3,106116.5,2,1,0,3674.71,Mid,0
833.0,Germany,Male,29.0,1,96462.25,2,0,1,48986.18,New,0
611.0,Spain,Female,28.0,3,96381.68,2,1,0,181419.29,Mid,0
641.0,France,Female,26.0,4,91547.84,2,0,1,28157.34,Mid,0
769.0,France,Female,31.0,6,117852.26,2,1,0,147668.64,Loyal,0
747.0,France,Male,61.0,7,155973.13,1,0,1,147554.26,Loyal,0
646.0,France,Female,51.0,4,101629.3,1,0,0,130541.1,Mid,0
699.0,Spain,Female,29.0,9,127570.93,2,1,0,164756.81,Loyal,0
795.0,Spain,Male,29.0,4,0.0,2,0,0,155711.64,Mid,0
684.0,France,Female,48.0,3,73309.38,1,0,0,21228.34,Mid,1
767.0,Germany,Female,33.0,1,144753.21,1,1,1,132480.75,New,0
772.0,Spain,Male,30.0,4,78653.05,1,1,0,1790.48,Mid,0
676.0,France,Male,29.0,7,131959.86,1,0,0,189268.81,Loyal,0
841.0,France,Female,36.0,5,156021.31,1,0,0,122662.98,Mid,0
663.0,Germany,Female,46.0,2,141726.88,1,1,1,58257.23,New,0
656.0,Germany,Male,27.0,4,118627.16,2,1,1,160835.3,Mid,0
706.0,France,Male,35.0,5,0.0,2,1,1,81718.37,Mid,0
477.0,France,Male,47.0,9,144900.58,1,1,0,61315.37,Loyal,1
583.0,France,Female,57.0,3,238387.56,1,0,1,147964.99,Mid,1
825.0,France,Male,34.0,9,0.0,2,1,1,31933.06,Loyal,0
566.0,France,Female,42.0,6,0.0,1,1,0,180702.12,Loyal,1
662.0,France,Male,34.0,2,117731.79,2,0,1,55120.79,New,0
474.0,France,Male,37.0,3,98431.37,1,0,0,75698.44,Mid,0
778.0,Germany,Female,35.0,1,151958.19,3,1,1,131238.37,New,1
520.0,Germany,Female,45.0,1,123086.39,1,1,1,41042.4,New,1
551.0,Spain,Female,48.0,5,95679.29,1,0,0,94978.1,Mid,0
671.0,Germany,Female,47.0,7,114603.76,2,1,0,153194.32,Loyal,1
605.0,France,Male,39.0,6,111169.91,1,0,0,9641.4,Loyal,0
751.0,Spain,Female,34.0,8,127095.14,2,0,0,479.54,Loyal,0
679.0,France,Male,37.0,7,74260.03,1,1,0,194617.98,Loyal,0
616.0,France,Female,31.0,3,136789.14,1,1,0,59346.4,Mid,1
608.0,Spain,Female,41.0,3,89763.84,1,0,0,199304.74,Mid,1
452.0,France,Female,60.0,6,121730.49,1,1,1,142963.29,Loyal,0
495.0,Spain,Female,45.0,3,89158.94,3,1,0,135169.76,Mid,1
545.0,France,Male,38.0,1,88293.13,2,1,1,24302.95,New,0
680.0,France,Female,34.0,1,0.0,2,1,0,167035.07,New,0
676.0,France,Female,40.0,2,147803.48,1,1,0,95181.06,New,1
619.0,France,Male,27.0,1,154483.98,1,1,0,156394.74,New,0
670.0,France,Male,38.0,7,0.0,2,1,1,77864.41,Loyal,0
675.0,France,Female,57.0,8,0.0,2,0,1,95463.29,Loyal,0
560.0,Spain,Male,47.0,1,0.0,1,0,0,128882.66,New,1
682.0,Spain,Male,46.0,4,0.0,1,1,1,4654.28,Mid,0
689.0,Spain,Female,28.0,3,0.0,2,1,1,192449.02,Mid,0
540.0,Germany,Male,62.0,1,91869.69,1,0,1,95421.0,New,0
680.0,France,Male,32.0,5,92961.61,1,1,0,116957.6,Mid,0
519.0,France,Male,42.0,8,0.0,2,1,1,101485.72,Loyal,0
546.0,France,Female,47.0,8,0.0,1,1,1,66408.01,Loyal,1
507.0,France,Male,33.0,7,0.0,2,1,1,85411.01,Loyal,0
695.0,Spain,Female,34.0,9,0.0,2,1,1,67502.12,Loyal,0
634.0,Germany,Male,62.0,5,108891.7,1,1,0,10078.02,Mid,0
833.0,France,Male,37.0,8,151226.18,2,1,1,136129.49,Loyal,0
679.0,France,Male,48.0,8,0.0,2,1,0,23344.94,Loyal,0
653.0,France,Male,44.0,8,0.0,2,1,1,154639.72,Loyal,0
711.0,Spain,Male,38.0,3,128718.78,1,0,0,114793.45,Mid,0
674.0,France,Female,31.0,1,0.0,1,1,0,128954.05,New,0
589.0,Spain,Female,27.0,4,0.0,2,1,0,144181.48,Mid,0
650.0,Germany,Female,45.0,9,152367.21,3,1,0,150835.21,Loyal,1
609.0,Spain,Female,45.0,4,89122.3,1,1,1,199256.98,Mid,0
850.0,France,Female,36.0,10,0.0,2,1,1,100750.03,Loyal,0
741.0,Spain,Male,50.0,1,78737.61,1,1,1,13018.96,New,0
676.0,France,Female,61.0,8,0.0,2,1,1,118522.73,Loyal,0
581.0,Spain,Female,24.0,10,159203.71,1,1,1,102517.83,Loyal,1
650.0,France,Male,60.0,8,0.0,2,1,1,102925.76,Loyal,0
653.0,Spain,Male,35.0,6,116662.96,2,1,1,23864.21,Loyal,0
745.0,France,Female,55.0,9,110123.59,1,0,1,51548.14,Loyal,1
746.0,France,Male,35.0,2,172274.01,1,1,0,22374.97,New,0
546.0,France,Female,20.0,6,0.0,1,0,1,20508.85,Loyal,0
803.0,France,Female,32.0,9,192122.84,1,1,1,54277.45,Loyal,1
534.0,Spain,Male,34.0,5,170600.78,1,0,1,5240.53,Mid,0
707.0,Spain,Female,52.0,7,0.0,1,1,0,109688.82,Loyal,1
515.0,Germany,Male,45.0,7,120961.5,3,1,1,39288.11,Loyal,1
716.0,France,Female,44.0,3,109528.28,1,1,0,27341.63,Mid,1
727.0,Spain,Male,28.0,1,0.0,1,1,0,40357.39,New,0
573.0,France,Female,27.0,4,0.0,2,1,1,157549.6,Mid,0
705.0,France,Male,62.0,1,126076.24,2,1,1,34436.83,New,0
711.0,Germany,Male,43.0,2,39043.29,2,1,1,175423.69,New,0
631.0,Germany,Male,37.0,9,131519.49,2,1,1,51752.18,Loyal,0
466.0,France,Male,29.0,6,0.0,2,1,1,2797.27,Loyal,0
531.0,France,Female,62.0,1,114715.71,1,0,1,24506.95,New,1
526.0,France,Male,32.0,7,125540.05,1,0,0,86786.41,Loyal,0
627.0,France,Male,62.0,1,94416.78,1,0,1,145299.5,New,0
478.0,France,Female,32.0,6,71187.24,1,1,1,110593.62,Loyal,0
452.0,France,Male,35.0,4,148172.44,1,1,1,4175.68,Mid,0
517.0,Spain,Female,29.0,5,0.0,2,1,0,103402.88,Mid,0
608.0,Spain,Male,27.0,4,153325.1,1,1,1,199953.33,Mid,0
732.0,France,Male,36.0,5,0.0,2,1,0,161428.25,Mid,0
659.0,France,Male,29.0,6,123192.12,1,1,1,56971.41,Loyal,1
663.0,France,Female,42.0,5,124626.07,1,1,1,78004.5,Mid,0
666.0,France,Female,41.0,10,141162.08,1,1,0,50908.48,Loyal,0
603.0,France,Male,40.0,4,102833.46,2,1,1,38829.11,Mid,0
586.0,Germany,Male,34.0,9,74309.81,1,1,0,15034.93,Loyal,0
738.0,France,Male,49.0,6,106770.82,1,1,0,123499.27,Loyal,0
619.0,France,Male,39.0,5,0.0,2,1,1,158444.61,Mid,0
695.0,France,Female,50.0,8,0.0,1,1,0,126381.6,Loyal,1
536.0,Spain,Female,28.0,4,0.0,1,1,1,136197.65,Mid,0
466.0,France,Female,36.0,5,119540.15,1,0,1,80603.99,Mid,0
685.0,Spain,Female,25.0,10,128509.63,1,1,0,121562.33,Loyal,0
534.0,France,Female,53.0,7,0.0,2,1,1,80619.17,Loyal,0
519.0,France,Female,22.0,8,0.0,1,0,1,167553.06,Loyal,0
704.0,France,Male,39.0,2,111525.02,1,1,0,199484.96,New,0
680.0,France,Male,33.0,1,123082.08,1,1,0,134960.98,New,0
543.0,France,Female,34.0,8,0.0,2,0,1,145601.8,Loyal,0
588.0,Spain,Male,34.0,6,121132.26,2,1,0,86460.28,Loyal,0
490.0,France,Male,39.0,1,0.0,3,1,0,171060.01,New,1
579.0,Spain,Female,59.0,3,148021.12,1,1,1,74878.22,Mid,0
706.0,France,Male,30.0,3,98415.37,1,1,1,110520.48,Mid,0
616.0,Spain,Female,36.0,6,0.0,1,1,1,12916.32,Loyal,1
743.0,Germany,Male,62.0,2,131935.51,1,1,1,96399.67,New,1
749.0,France,Female,35.0,3,0.0,3,1,1,132649.85,Mid,0
716.0,France,Female,52.0,7,65971.61,2,1,0,14608.0,Loyal,1
730.0,France,Male,39.0,1,116537.6,1,0,0,145679.6,New,0
678.0,Germany,Male,32.0,4,139626.01,1,1,1,118235.52,Mid,1
725.0,France,Male,41.0,7,113980.21,1,1,1,116704.25,Loyal,0
562.0,France,Male,38.0,5,0.0,1,1,0,115700.2,Mid,0
634.0,Spain,Male,34.0,1,0.0,2,1,0,61995.57,New,0
770.0,Germany,Female,46.0,5,141788.63,2,0,0,164967.21,Mid,0
620.0,France,Male,28.0,8,0.0,2,1,1,199909.32,Loyal,0
545.0,Germany,Female,37.0,8,114754.08,1,1,0,136050.44,Loyal,1
613.0,France,Female,46.0,8,167795.6,1,0,1,44390.38,Loyal,0
719.0,Spain,Male,50.0,2,0.0,2,0,0,10772.13,New,0
649.0,France,Female,35.0,4,108306.44,1,1,1,192486.24,Mid,0
717.0,France,Female,22.0,5,112465.06,1,1,1,92977.75,Mid,0
518.0,Spain,Male,50.0,4,0.0,1,0,0,107112.25,Mid,1
549.0,Germany,Female,37.0,1,130622.34,2,1,1,128499.94,New,0
557.0,France,Female,39.0,7,49572.73,1,1,0,115287.99,Loyal,1
748.0,Germany,Female,27.0,2,90971.85,1,1,1,131662.47,New,0
561.0,France,Male,43.0,4,0.0,4,0,0,18522.91,Mid,1
710.0,Spain,Female,29.0,3,119670.18,1,1,0,188022.44,Mid,0
638.0,France,Female,36.0,6,0.0,1,1,0,164247.51,Loyal,0
561.0,Germany,Male,49.0,5,94754.0,1,1,1,26691.31,Mid,0
667.0,France,Male,40.0,8,72945.29,2,1,0,98931.5,Loyal,0
808.0,Spain,Female,62.0,10,124577.15,1,0,1,169894.4,Loyal,0
612.0,France,Female,38.0,7,110615.47,1,1,1,193502.93,Loyal,0
591.0,Germany,Female,34.0,4,150635.3,1,1,1,72274.84,Mid,0
431.0,France,Male,62.0,6,160982.89,1,1,1,168008.17,Loyal,0
492.0,France,Female,28.0,9,0.0,2,1,0,95957.09,Loyal,0
644.0,France,Male,44.0,5,73348.56,1,1,0,157166.79,Mid,1
486.0,France,Female,39.0,8,97819.36,1,0,1,120531.31,Loyal,0
703.0,Spain,Male,31.0,6,0.0,2,1,1,67667.19,Loyal,0
729.0,Spain,Female,45.0,7,91091.06,2,1,0,71133.12,Loyal,0
648.0,Spain,Male,46.0,9,127209.0,2,1,0,77405.95,Loyal,1
850.0,Spain,Female,39.0,10,0.0,2,1,1,143030.09,Loyal,0
741.0,Germany,Female,37.0,8,170840.08,2,0,0,109843.16,Loyal,0
502.0,Germany,Female,57.0,3,101465.31,1,1,0,43568.31,Mid,1
513.0,Spain,Male,39.0,7,89039.9,2,1,1,146738.83,Loyal,0
626.0,France,Male,34.0,7,113014.7,2,1,1,56646.28,Loyal,0
452.0,France,Female,35.0,7,0.0,2,1,0,164241.67,Loyal,0
723.0,Spain,Female,45.0,4,0.0,2,1,0,37214.39,Mid,0
681.0,France,Male,34.0,3,0.0,2,0,0,55816.2,Mid,0
699.0,France,Male,34.0,2,117468.67,1,1,0,185227.42,New,0
711.0,France,Female,38.0,2,129022.06,2,1,1,14374.86,New,1
772.0,Germany,Female,51.0,9,143930.92,1,0,1,46675.51,Loyal,1
657.0,France,Female,41.0,5,95858.37,1,1,1,68255.88,Mid,0
706.0,Germany,Female,39.0,8,112889.91,1,0,1,6723.66,Loyal,0
658.0,Spain,Male,21.0,7,0.0,2,0,1,154279.87,Loyal,0
518.0,France,Female,27.0,1,133801.49,1,1,1,143315.57,New,0
759.0,France,Female,33.0,2,0.0,2,1,0,56583.88,New,0
850.0,Spain,Female,62.0,5,0.0,1,1,1,705.18,Mid,0
785.0,France,Female,36.0,4,135438.4,1,0,0,190627.01,Mid,0
642.0,Germany,Male,30.0,8,134497.27,1,0,0,43250.54,Loyal,0
659.0,France,Female,38.0,3,0.0,2,1,0,158553.1,Mid,0
576.0,Spain,Male,26.0,8,0.0,2,0,1,34101.06,Loyal,0
823.0,France,Female,44.0,1,0.0,2,0,1,182495.7,New,0
564.0,France,Female,33.0,4,135946.26,1,1,0,63170.0,Mid,0
733.0,Germany,Female,33.0,7,187257.94,1,0,1,190430.81,Loyal,0
531.0,France,Male,31.0,3,0.0,1,1,1,42589.33,Mid,0
601.0,France,Male,32.0,8,93012.89,1,1,0,86957.42,Loyal,0
685.0,Spain,Male,34.0,6,83264.28,1,0,0,9663.28,Loyal,0
718.0,France,Male,33.0,7,102874.28,1,0,0,117841.06,Loyal,0
674.0,France,Male,46.0,2,174701.05,1,1,0,90189.72,New,1
489.0,France,Female,47.0,8,103894.38,2,1,1,107625.46,Loyal,0
725.0,Germany,Male,40.0,8,104149.66,1,1,0,62027.9,Loyal,0
836.0,Spain,Male,57.0,4,101247.06,1,1,0,37141.62,Mid,1
665.0,France,Male,28.0,8,137300.23,1,1,0,90174.83,Loyal,0
527.0,Germany,Female,28.0,2,123802.98,2,1,1,155846.69,New,0
516.0,Spain,Female,45.0,8,109044.3,1,0,1,115818.16,Loyal,0
600.0,Germany,Male,28.0,2,116623.31,1,0,1,59905.29,New,0
772.0,Spain,Male,36.0,3,112029.83,1,1,1,186948.35,Mid,0
678.0,France,Female,43.0,7,178074.33,1,0,0,110405.9,Loyal,0
525.0,France,Female,59.0,6,55328.4,1,1,0,83342.73,Loyal,1
572.0,France,Male,33.0,9,68193.72,1,1,0,19998.31,Loyal,0
758.0,Germany,Female,61.0,8,125397.21,1,1,0,182184.09,Loyal,1
481.0,France,Female,39.0,6,0.0,1,1,1,24677.54,Loyal,0
689.0,France,Male,40.0,8,160272.27,1,1,0,49656.24,Loyal,0
698.0,Spain,Female,38.0,1,171848.38,1,0,0,16957.45,New,0
587.0,France,Male,47.0,6,71026.77,1,1,0,57962.41,Loyal,0
765.0,France,Male,40.0,6,138033.55,1,1,1,67972.45,Loyal,0
774.0,France,Male,62.0,4,112510.89,1,1,1,143133.18,Mid,0
559.0,France,Female,46.0,5,0.0,1,1,0,21006.1,Mid,1
681.0,Germany,Male,38.0,6,181804.34,2,1,1,57517.71,Loyal,0
658.0,France,Male,25.0,3,0.0,2,0,1,173948.4,Mid,0
634.0,France,Male,26.0,8,0.0,1,1,0,21760.96,Loyal,0
677.0,Spain,Female,35.0,0,0.0,2,0,0,76637.38,New,0
850.0,France,Female,35.0,5,0.0,1,1,1,80992.8,Mid,0
582.0,France,Male,39.0,5,0.0,2,1,1,129892.93,Mid,0
637.0,Germany,Male,49.0,2,108204.52,1,1,0,169037.84,New,1
713.0,France,Female,39.0,10,0.0,2,1,1,126263.97,Loyal,0
636.0,France,Female,20.0,10,124266.86,1,0,0,100566.81,Loyal,0
673.0,Germany,Female,29.0,4,99097.36,1,1,1,9796.69,Mid,0
696.0,France,Male,44.0,8,161889.79,1,0,0,75562.47,Loyal,0
643.0,Germany,Male,33.0,7,98630.31,2,1,1,40250.82,Loyal,0
597.0,Spain,Female,40.0,8,101993.12,1,0,1,94774.12,Loyal,0
608.0,France,Female,30.0,8,85859.76,1,0,0,142730.27,Loyal,0
635.0,France,Female,40.0,10,123497.58,1,1,0,131953.23,Loyal,1
796.0,Spain,Male,32.0,5,102773.15,2,0,1,117832.88,Mid,0
551.0,Germany,Male,50.0,1,121399.98,1,0,1,84508.44,New,1
710.0,Spain,Male,22.0,8,0.0,2,0,0,99645.04,Loyal,0
651.0,France,Female,33.0,1,96834.78,1,1,0,108764.69,New,0
665.0,France,Male,52.0,3,0.0,1,1,0,116137.01,Mid,1
584.0,Spain,Female,37.0,8,0.0,2,0,1,100835.19,Loyal,0
452.0,France,Female,35.0,8,0.0,2,1,1,149614.81,Loyal,0
532.0,Germany,Male,52.0,9,137755.76,1,1,0,163191.99,Loyal,1
493.0,France,Female,46.0,4,0.0,2,1,0,1907.66,Mid,0
811.0,Germany,Female,28.0,4,167738.82,2,1,1,9903.42,Mid,0
562.0,France,Male,42.0,2,100238.35,1,0,0,86797.41,New,0
606.0,Spain,Male,42.0,10,0.0,2,1,0,177938.52,Loyal,0
478.0,France,Male,35.0,1,92474.05,1,1,0,178626.07,New,0
683.0,Germany,Female,57.0,5,162448.69,1,0,0,9221.78,Mid,1
455.0,France,Male,40.0,1,0.0,3,0,1,129975.34,New,0
728.0,Germany,Male,45.0,3,108924.33,2,1,0,84300.4,Mid,1
782.0,France,Male,36.0,1,148795.17,2,1,1,195681.43,New,0
516.0,Spain,Female,33.0,3,0.0,2,1,1,58685.59,Mid,0
555.0,Spain,Female,26.0,9,0.0,2,0,1,158918.03,Loyal,0
726.0,France,Male,34.0,9,0.0,2,0,0,14121.61,Loyal,0
608.0,France,Male,42.0,5,0.0,2,1,0,178504.29,Mid,0
576.0,France,Female,50.0,8,0.0,2,1,1,57802.62,Loyal,0
652.0,France,Female,48.0,8,133297.24,1,1,0,77764.37,Loyal,0
663.0,Germany,Male,49.0,7,116150.65,3,1,1,84358.71,Loyal,1
643.0,Spain,Female,20.0,0,133313.34,1,1,1,3965.69,New,0
555.0,France,Male,40.0,10,139930.18,1,1,1,105720.09,Loyal,0
515.0,France,Female,62.0,6,0.0,2,1,1,160663.11,Loyal,0
784.0,Germany,Male,38.0,1,138515.02,1,1,1,171768.76,New,0
717.0,Germany,Female,28.0,9,82498.14,2,0,0,40437.67,Loyal,0
583.0,France,Male,33.0,7,122531.86,1,1,0,13549.24,Loyal,0
512.0,Spain,Female,46.0,3,0.0,2,1,1,56408.14,Mid,0
516.0,France,Female,43.0,2,112773.73,2,1,1,139366.58,New,0
479.0,France,Male,34.0,5,117593.48,2,0,0,113308.29,Mid,0
617.0,Spain,Male,38.0,7,0.0,1,1,1,27239.28,Loyal,0
763.0,Germany,Male,42.0,6,100160.75,1,1,0,33462.94,Loyal,1
677.0,France,Male,36.0,4,0.0,2,1,0,7824.31,Mid,0
796.0,Spain,Male,41.0,8,107525.07,1,1,0,18510.41,Loyal,0
405.0,Germany,Male,31.0,5,133299.67,2,1,1,72950.14,Mid,0
599.0,Spain,Male,36.0,4,0.0,2,0,0,13210.56,Mid,0
717.0,France,Male,28.0,4,128206.79,1,1,1,54272.12,Mid,0
681.0,France,Female,62.0,7,0.0,2,1,1,55054.48,Loyal,0
745.0,Spain,Male,34.0,7,132944.53,1,1,1,31802.92,Loyal,0
725.0,France,Male,44.0,5,0.0,1,1,1,117356.14,Mid,0
772.0,France,Female,35.0,9,0.0,1,0,1,25448.31,Loyal,0
741.0,France,Female,60.0,5,0.0,1,1,1,38914.51,Mid,0
729.0,Germany,Male,29.0,5,109676.52,1,1,1,25548.47,Mid,0
809.0,France,Male,43.0,2,0.0,2,1,1,132908.07,New,0
677.0,France,Male,42.0,5,99580.13,1,1,0,21007.96,Mid,0
679.0,France,Male,39.0,0,86843.61,1,0,1,159830.58,New,0
682.0,France,Female,42.0,0,0.0,1,0,1,91981.85,New,1
687.0,Germany,Male,26.0,2,142721.52,1,1,1,153605.75,New,0
634.0,France,Male,34.0,3,145030.92,1,1,1,41820.65,Mid,0
726.0,Spain,Female,27.0,7,123826.07,1,0,1,78970.58,Loyal,0
529.0,France,Female,31.0,5,0.0,2,1,0,26817.23,Mid,0
548.0,France,Female,33.0,1,80107.83,2,0,1,82245.67,New,0
560.0,Spain,Female,28.0,1,0.0,2,1,1,120880.72,New,0
469.0,Germany,Male,38.0,9,113599.42,1,0,0,11950.29,Loyal,0
589.0,France,Male,37.0,7,85146.48,2,1,0,86490.09,Loyal,1
383.0,France,Male,42.0,7,0.0,1,1,0,77786.37,Loyal,1
645.0,Spain,Female,55.0,1,133676.65,1,0,1,17095.49,New,0
575.0,France,Female,40.0,1,139532.34,1,1,0,181294.39,New,0
701.0,France,Male,39.0,9,140236.98,1,0,1,146651.99,Loyal,0
649.0,France,Female,41.0,3,130931.83,1,1,1,144808.37,Mid,0
668.0,Spain,Male,43.0,1,147167.25,1,0,0,141679.73,New,0
671.0,Germany,Male,45.0,6,99564.22,1,1,1,108872.45,Loyal,1
615.0,France,Male,62.0,0,81564.1,2,0,1,35896.09,New,0
667.0,Germany,Male,27.0,2,138032.15,1,1,0,166317.71,New,0
574.0,France,Female,33.0,3,134348.57,1,1,0,63163.99,Mid,0
677.0,France,Female,29.0,3,86616.35,1,0,0,91903.9,Mid,1
749.0,France,Male,41.0,5,57568.94,1,1,1,61128.29,Mid,0
606.0,France,Male,36.0,1,155655.46,1,1,1,192387.51,New,1
696.0,Spain,Male,40.0,3,153639.11,1,1,1,138351.68,Mid,0
643.0,Spain,Female,35.0,6,0.0,2,1,1,41549.64,Loyal,0
625.0,Spain,Male,32.0,7,106957.28,1,1,1,134794.02,Loyal,0
542.0,Spain,Male,43.0,6,113567.94,1,1,0,89543.25,Loyal,0
650.0,France,Female,47.0,9,0.0,1,1,0,187943.6,Loyal,0
713.0,France,Female,42.0,3,0.0,2,0,0,82565.01,Mid,0
725.0,France,Male,43.0,2,165896.0,2,1,0,130795.52,New,0
606.0,France,Male,32.0,6,0.0,2,0,1,36540.63,Loyal,0
484.0,Germany,Female,34.0,4,148249.54,1,0,1,33738.27,Mid,0
601.0,Germany,Male,43.0,3,141859.12,2,1,1,111249.62,Mid,0
791.0,France,Female,31.0,10,75499.24,1,1,0,22184.14,Loyal,0
680.0,Germany,Male,30.0,4,108300.27,2,0,1,44384.57,Mid,1
607.0,Spain,Male,36.0,8,158261.68,1,1,1,76744.72,Loyal,0
737.0,Germany,Male,43.0,8,96353.8,1,0,0,10209.8,Loyal,0
678.0,France,Male,40.0,1,0.0,2,1,1,187343.4,New,0
487.0,Spain,Female,40.0,6,136093.74,1,0,1,193408.43,Loyal,0
525.0,Spain,Male,36.0,3,77910.23,1,1,0,67238.01,Mid,0
683.0,France,Male,25.0,4,0.0,2,1,0,152698.24,Mid,0
585.0,Germany,Male,50.0,2,125845.66,1,1,0,9439.31,New,1
711.0,France,Male,41.0,3,0.0,2,1,1,193747.57,Mid,0
461.0,France,Female,28.0,8,0.0,1,1,1,103349.74,Loyal,0
603.0,Germany,Male,26.0,4,109166.37,1,1,1,92840.67,Mid,0
594.0,Germany,Female,21.0,2,87096.82,2,1,0,168186.11,New,0
705.0,France,Male,34.0,7,117715.84,1,1,0,2498.67,Loyal,0
695.0,France,Female,29.0,9,0.0,2,1,0,111565.45,Loyal,0
578.0,Spain,Male,28.0,4,0.0,2,0,0,6947.09,Mid,0
722.0,Spain,Female,29.0,9,0.0,2,1,1,142033.07,Loyal,0
564.0,France,Male,31.0,0,110527.17,1,1,1,87060.77,New,0
563.0,Spain,Male,57.0,6,0.0,2,1,1,39297.48,Loyal,0
535.0,France,Male,30.0,6,103804.97,1,1,1,125710.53,Loyal,0
633.0,Spain,Male,58.0,6,98308.51,1,1,1,132034.13,Loyal,0
646.0,France,Female,46.0,4,0.0,3,1,0,93251.42,Mid,1
629.0,France,Female,37.0,10,99546.25,3,0,1,25136.95,Loyal,1
656.0,Spain,Male,26.0,4,139584.57,1,1,0,36308.93,Mid,0
597.0,Spain,Female,33.0,2,0.0,2,1,1,4700.66,New,0
508.0,France,Female,60.0,7,143262.04,1,1,1,129562.74,Loyal,0
629.0,France,Female,40.0,9,137409.19,1,1,0,175877.7,Loyal,1
605.0,France,Female,62.0,2,129555.7,1,1,1,13601.79,New,0
667.0,Germany,Female,37.0,5,92171.35,3,1,0,178106.34,Mid,1
850.0,France,Female,27.0,7,43658.33,2,1,1,3025.49,Loyal,0
554.0,France,Female,38.0,3,138731.95,1,1,1,194138.36,Mid,0
809.0,France,Male,38.0,3,0.0,2,1,1,80061.31,Mid,0
711.0,Spain,Male,37.0,2,0.0,2,1,0,83978.86,New,1
678.0,Spain,Female,61.0,8,0.0,2,1,1,159938.82,Loyal,0
499.0,Spain,Male,39.0,6,0.0,2,1,1,81409.0,Loyal,0
790.0,France,Male,26.0,5,0.0,1,1,0,20510.79,Mid,0
807.0,France,Female,34.0,1,0.0,1,0,0,114448.13,New,0
618.0,France,Female,24.0,7,128736.39,1,0,1,37147.61,Loyal,0
547.0,France,Female,38.0,5,167539.97,1,0,1,159207.34,Mid,0
683.0,France,Male,47.0,1,0.0,2,1,0,148989.15,New,0
685.0,Germany,Male,30.0,3,90536.81,1,0,1,63082.88,Mid,0
678.0,France,Male,43.0,1,133237.21,1,1,0,111032.79,New,1
621.0,France,Female,40.0,6,0.0,1,1,0,155155.25,Loyal,0
749.0,Germany,Female,40.0,8,141782.57,2,0,0,86333.63,Loyal,0
520.0,Spain,Female,42.0,6,0.0,2,1,1,34410.55,Loyal,0
802.0,France,Female,39.0,7,120145.96,2,0,1,59497.01,Loyal,1
573.0,France,Female,30.0,6,0.0,2,1,0,66190.21,Loyal,0
752.0,France,Female,36.0,7,0.0,2,1,0,184866.86,Loyal,0
490.0,Spain,Male,40.0,6,156111.08,1,0,0,190889.13,Loyal,0
547.0,France,Female,35.0,4,0.0,1,1,1,133287.73,Mid,0
766.0,Germany,Male,27.0,5,126285.73,1,1,0,177614.17,Mid,1
518.0,France,Female,28.0,9,85146.36,1,0,0,2803.89,Loyal,0
572.0,France,Female,39.0,2,0.0,2,1,1,555.28,New,0
850.0,France,Female,37.0,9,0.0,1,0,0,100101.06,Loyal,0
559.0,Spain,Male,24.0,3,114739.92,1,1,0,85891.02,Mid,1
631.0,Germany,Female,37.0,2,121801.72,2,0,1,23146.62,New,0
621.0,Spain,Male,50.0,3,163085.79,1,0,1,131048.36,Mid,0
717.0,Spain,Female,42.0,5,190305.78,1,1,0,99347.8,Mid,1
782.0,France,Male,33.0,7,191523.09,1,1,1,167058.75,Loyal,0
545.0,Germany,Male,53.0,5,114421.55,1,1,0,180598.28,Mid,1
577.0,Spain,Male,43.0,3,0.0,2,1,1,135008.92,Mid,0
506.0,France,Male,37.0,5,0.0,2,1,1,127543.81,Mid,0
816.0,Germany,Female,40.0,9,109003.26,1,1,1,79580.56,Loyal,0
670.0,France,Male,62.0,4,0.0,2,1,1,11426.7,Mid,0
618.0,Germany,Female,29.0,10,100315.1,2,1,1,32526.64,Loyal,0
499.0,Germany,Female,44.0,6,77627.33,2,1,0,108222.68,Loyal,0
693.0,France,Female,28.0,8,0.0,2,1,1,158545.25,Loyal,0
622.0,France,Male,38.0,5,0.0,2,0,0,105295.77,Mid,0
697.0,France,Female,38.0,1,182065.85,1,1,0,49503.5,New,0
702.0,Spain,Female,35.0,8,14262.8,2,1,0,54689.16,Loyal,0
776.0,France,Male,37.0,2,0.0,1,0,1,8065.0,New,0
721.0,Germany,Male,37.0,3,107720.64,1,1,1,158591.12,Mid,0
554.0,Germany,Male,43.0,5,99906.89,1,0,0,24983.39,Mid,0
641.0,France,Male,62.0,6,38340.02,1,1,0,32607.77,Loyal,1
570.0,France,Male,30.0,2,131406.56,1,1,1,47952.45,New,0
707.0,France,Male,42.0,2,16893.59,1,1,1,77502.56,New,0
572.0,France,Male,24.0,1,0.0,2,1,1,151460.84,New,0
647.0,Germany,Male,51.0,4,131156.76,1,1,0,29883.63,Mid,0
700.0,France,Male,37.0,1,135179.49,1,1,0,160670.37,New,0
419.0,Spain,Female,27.0,2,121580.42,1,0,1,134720.51,New,0
764.0,France,Female,39.0,5,81042.42,1,0,1,109805.17,Mid,0
673.0,France,Male,62.0,1,0.0,2,0,1,111981.19,New,0
590.0,France,Male,36.0,1,0.0,2,1,0,48876.84,New,0
702.0,France,Female,40.0,1,103549.24,1,0,0,9712.52,New,1
546.0,Germany,Female,42.0,9,86351.85,2,1,0,57380.13,Loyal,0
506.0,Spain,Male,35.0,6,110046.93,2,1,0,26318.73,Loyal,0
579.0,Germany,Male,41.0,0,141749.68,1,0,1,9201.53,New,0
514.0,France,Male,38.0,4,112230.38,1,1,0,16717.11,Mid,1
621.0,France,Male,32.0,1,0.0,2,1,1,168779.47,New,0
624.0,Spain,Female,28.0,2,0.0,2,0,1,104353.26,New,0
682.0,France,Male,30.0,4,0.0,1,0,1,161465.31,Mid,0
602.0,France,Male,34.0,5,0.0,2,1,1,77414.45,Mid,0
750.0,Germany,Female,37.0,1,133199.71,2,1,1,27366.77,New,0
580.0,Germany,Male,24.0,1,133811.78,1,1,0,17185.95,New,1
705.0,Spain,Female,47.0,3,63488.7,1,0,1,28640.92,Mid,1
491.0,Germany,Male,62.0,6,148745.92,2,1,1,17818.33,Loyal,0
630.0,Spain,Female,39.0,7,135483.17,1,1,0,140881.2,Loyal,1
494.0,France,Female,33.0,1,137853.0,1,0,1,90273.85,New,0
647.0,France,Male,32.0,5,97041.16,1,1,1,23132.73,Mid,0
652.0,Germany,Male,35.0,7,104015.54,2,1,1,55207.88,Loyal,0
676.0,France,Male,31.0,3,78990.15,1,1,1,124777.14,Mid,0
768.0,France,Male,29.0,2,95984.69,2,1,1,73686.75,New,0
581.0,France,Male,41.0,8,0.0,2,0,0,29737.14,Loyal,0
602.0,France,Male,31.0,7,155271.83,1,1,1,179446.31,Loyal,0
794.0,France,Female,41.0,7,176845.41,3,1,0,166526.26,Loyal,1
628.0,Germany,Male,50.0,4,122227.71,1,0,1,14217.77,Mid,1
653.0,France,Male,29.0,2,0.0,2,1,1,41671.81,New,0
666.0,Germany,Male,30.0,3,110153.27,1,0,1,74849.46,Mid,0
599.0,Spain,Male,25.0,3,0.0,2,1,1,120790.02,Mid,0
688.0,France,Female,51.0,5,0.0,1,1,0,91624.11,Mid,1
601.0,France,Male,44.0,1,100486.18,2,1,1,62678.53,New,0
770.0,France,Male,24.0,9,101827.07,1,1,0,167256.35,Loyal,0
671.0,France,Female,34.0,5,164757.56,1,1,0,110748.88,Mid,0
607.0,Spain,Male,28.0,1,135936.1,2,1,1,110560.14,New,0
744.0,Spain,Female,46.0,1,0.0,3,1,1,177431.59,New,1
834.0,Germany,Female,62.0,9,130169.27,2,0,1,93112.2,Loyal,0
759.0,France,Female,39.0,6,0.0,2,1,1,140497.67,Loyal,0
676.0,Spain,Male,35.0,0,0.0,2,0,0,139911.58,New,0
694.0,France,Male,39.0,5,77652.4,1,1,1,25407.59,Mid,0
471.0,France,Male,42.0,3,164951.56,1,1,0,190531.77,Mid,0
615.0,France,Male,30.0,7,0.0,2,1,1,156346.84,Loyal,0
596.0,Spain,Female,62.0,9,134208.25,1,1,1,13455.43,Loyal,0
551.0,Spain,Male,49.0,1,150777.72,2,1,1,135757.27,New,0
700.0,Spain,Female,40.0,2,0.0,2,1,0,199753.97,New,0
743.0,Germany,Female,34.0,1,131736.88,1,1,1,108543.21,New,0
683.0,France,Female,33.0,9,0.0,2,1,1,38784.42,Loyal,0
543.0,France,Female,32.0,7,147256.86,1,1,0,112771.95,Loyal,0
760.0,France,Male,38.0,6,162888.73,1,1,0,91098.76,Loyal,1
707.0,France,Female,57.0,1,92053.0,1,1,1,164064.44,New,1
486.0,France,Male,26.0,2,0.0,2,1,1,31399.4,New,0
588.0,France,Male,31.0,4,99607.37,2,0,1,35877.03,Mid,0
706.0,Spain,Male,30.0,6,87609.68,2,0,0,137674.55,Loyal,1
682.0,France,Male,44.0,3,115282.3,1,0,0,23766.4,Mid,0
825.0,France,Female,36.0,3,146053.66,1,1,1,138344.7,Mid,0
741.0,Spain,Male,43.0,0,0.0,2,1,1,2920.63,New,1
833.0,France,Female,28.0,4,136674.51,2,0,0,5278.78,Mid,0
701.0,France,Male,37.0,8,130091.5,1,1,1,120031.29,Loyal,0
564.0,Spain,Male,37.0,9,100252.18,1,1,1,146033.52,Loyal,0
740.0,Germany,Female,57.0,3,113386.36,2,1,1,65121.63,Mid,1
492.0,Germany,Male,51.0,8,117808.74,2,1,1,67311.12,Loyal,0
785.0,France,Male,28.0,8,0.0,2,1,0,77231.27,Loyal,0
718.0,France,Female,41.0,1,0.0,2,0,1,27509.52,New,1
513.0,Germany,Male,34.0,7,60515.13,1,0,0,124571.09,Loyal,0
550.0,Spain,Male,39.0,2,116120.19,2,1,1,195638.13,New,0
850.0,Germany,Female,31.0,3,51293.47,1,0,0,35534.68,Mid,0
573.0,Spain,Female,62.0,8,98765.84,1,1,1,96015.53,Loyal,0
784.0,Spain,Female,42.0,2,109052.04,2,1,0,6409.55,New,0
544.0,Spain,Male,22.0,4,0.0,2,1,0,70007.67,Mid,0
506.0,France,Female,57.0,6,0.0,2,0,1,194421.12,Loyal,1
816.0,Germany,Female,25.0,2,150355.35,2,1,1,35770.84,New,0
562.0,Spain,Female,29.0,9,120307.58,1,1,1,6795.61,Loyal,0
613.0,France,Female,40.0,9,95624.36,2,1,1,60706.33,Loyal,0
573.0,Germany,Female,47.0,4,152522.47,1,0,1,164038.07,Mid,1
629.0,Spain,Male,32.0,3,0.0,2,1,1,15404.64,Mid,0
633.0,France,Male,31.0,1,0.0,1,1,0,48606.71,New,0
592.0,Spain,Male,45.0,8,84692.5,1,0,1,67214.02,Loyal,0
579.0,Spain,Male,37.0,5,152212.88,2,0,0,120219.14,Mid,0
485.0,Spain,Female,21.0,5,113157.22,1,1,1,54141.5,Mid,0
617.0,France,Male,41.0,7,0.0,2,0,1,14496.67,Loyal,0
703.0,France,Male,36.0,2,0.0,2,1,0,108790.95,New,0
584.0,France,Male,38.0,1,115341.55,1,0,1,173632.92,New,0
583.0,France,Male,38.0,8,0.0,1,1,0,47848.56,Loyal,0
635.0,Spain,Male,29.0,2,0.0,2,0,0,117173.8,New,0
554.0,France,Male,24.0,10,0.0,1,0,0,92180.62,Loyal,0
518.0,France,Male,46.0,3,0.0,2,1,0,76515.79,Mid,0
712.0,Germany,Female,40.0,3,109308.79,2,1,0,120158.72,Mid,1
653.0,Spain,Male,55.0,7,0.0,2,1,1,41967.03,Loyal,0
602.0,Germany,Female,43.0,2,113641.49,4,1,0,115116.35,New,1
681.0,Spain,Male,33.0,10,0.0,1,0,0,158336.36,Loyal,0
714.0,France,Male,54.0,7,126113.28,1,1,0,112777.38,Loyal,0
563.0,Spain,Male,26.0,7,0.0,2,0,0,6139.74,Loyal,0
597.0,Spain,Male,26.0,5,0.0,2,0,1,95159.13,Mid,0
603.0,Germany,Female,35.0,9,145623.36,1,1,0,163181.62,Loyal,0
685.0,France,Female,33.0,1,0.0,3,0,1,70221.13,New,1
735.0,Germany,Female,43.0,9,98807.45,1,0,0,184570.04,Loyal,1
436.0,Germany,Male,45.0,3,104339.11,2,1,1,183540.22,Mid,1
668.0,Germany,Female,28.0,1,124511.01,1,0,0,114258.18,New,0
667.0,France,Female,38.0,6,144432.04,1,1,1,73963.17,Loyal,1
551.0,France,Female,26.0,2,144258.52,1,1,0,49778.79,New,0
554.0,Spain,Male,62.0,8,0.0,2,1,1,116747.62,Loyal,0
708.0,Germany,Male,37.0,8,153366.13,1,1,1,26912.34,Loyal,0
632.0,Spain,Female,39.0,5,97854.37,2,1,0,93536.38,Mid,0
433.0,France,Female,49.0,10,0.0,1,1,1,87711.61,Loyal,0
615.0,Germany,Female,33.0,3,137657.25,2,1,1,171657.57,Mid,0
677.0,France,Female,24.0,0,148298.59,2,0,0,182913.95,New,0
558.0,Germany,Male,41.0,2,124227.14,1,1,1,111184.67,New,0
591.0,France,Male,35.0,7,183027.25,1,1,1,56028.79,Loyal,0
850.0,Germany,Female,47.0,10,134381.52,1,0,0,26812.89,Loyal,1
675.0,Spain,Female,50.0,1,133204.91,1,0,1,8270.06,New,0
579.0,France,Male,31.0,6,0.0,2,1,0,26149.25,Loyal,0
740.0,Spain,Male,43.0,9,0.0,1,1,0,199290.68,Loyal,1
620.0,France,Male,36.0,8,0.0,2,1,1,145937.99,Loyal,0
616.0,France,Male,31.0,3,94263.91,2,1,0,168895.06,Mid,0
422.0,France,Female,33.0,2,0.0,2,1,0,102655.31,New,0
600.0,Germany,Female,58.0,8,118723.11,1,0,0,6209.51,Loyal,1
651.0,France,Female,34.0,9,0.0,2,1,0,138113.71,Loyal,0
539.0,Spain,Male,36.0,6,0.0,3,1,1,118959.64,Loyal,0
613.0,France,Female,27.0,5,125167.74,1,1,0,199104.52,Mid,0
681.0,France,Male,23.0,7,157761.56,1,0,0,147759.84,Loyal,0
670.0,Spain,Female,57.0,3,175575.95,2,1,0,99061.75,Mid,1
717.0,France,Male,35.0,4,0.0,1,1,1,167573.06,Mid,0
617.0,France,Female,30.0,8,0.0,1,1,1,92621.9,Loyal,0
631.0,Spain,Female,46.0,10,0.0,2,1,1,129508.96,Loyal,0
536.0,Germany,Female,35.0,4,121520.36,1,0,0,77178.42,Mid,0
743.0,France,Male,23.0,3,110203.77,1,1,0,95583.45,Mid,0
837.0,France,Male,26.0,4,89900.24,2,1,0,175477.03,Mid,0
577.0,France,Female,35.0,4,108155.49,1,1,0,105407.79,Mid,0
618.0,France,Female,46.0,6,150213.71,1,1,0,120668.46,Loyal,1
731.0,France,Female,47.0,1,115414.19,3,0,0,191734.67,New,1
720.0,Spain,Female,59.0,6,0.0,2,1,1,160849.43,Loyal,1
593.0,France,Female,41.0,6,0.0,1,1,0,65170.66,Loyal,0
708.0,Germany,Female,54.0,8,145151.4,1,0,1,125311.17,Loyal,1
850.0,France,Female,41.0,5,0.0,2,1,1,34827.43,Mid,0
489.0,France,Male,38.0,8,0.0,2,0,1,196990.79,Loyal,0
499.0,Germany,Male,36.0,5,131142.53,2,1,0,174918.46,Mid,0
659.0,Spain,Male,27.0,4,0.0,2,1,0,99341.87,Mid,0
797.0,Spain,Male,59.0,4,129321.44,1,1,1,93624.55,Mid,0
623.0,Spain,Female,40.0,4,0.0,3,1,0,31669.18,Mid,0
705.0,France,Female,55.0,8,0.0,2,1,1,14392.68,Loyal,0
473.0,France,Female,33.0,5,125827.43,1,0,1,145698.73,Mid,0
693.0,Spain,Female,39.0,0,0.0,2,0,0,81901.6,New,0
726.0,Germany,Female,51.0,8,107494.86,2,1,0,140937.91,Loyal,1
703.0,France,Male,28.0,9,0.0,2,0,1,2151.17,Loyal,0
675.0,Spain,Male,36.0,9,106190.55,1,0,1,22994.32,Loyal,0
631.0,France,Female,34.0,4,124379.14,1,1,0,106892.91,Mid,0
798.0,France,Male,28.0,3,0.0,2,1,0,2305.27,Mid,0
546.0,Spain,Male,25.0,7,127728.24,2,1,1,105279.74,Loyal,0
747.0,Spain,Male,41.0,9,0.0,1,1,0,32430.94,Loyal,1
790.0,Spain,Male,46.0,2,131365.37,2,1,1,180290.68,New,0
534.0,France,Male,35.0,2,81951.74,2,1,0,115668.53,New,0
706.0,France,Male,38.0,1,0.0,2,1,0,122379.54,New,0
710.0,Spain,Female,62.0,5,0.0,2,1,1,9376.89,Mid,0
654.0,Spain,Male,40.0,5,105683.63,1,1,0,173617.09,Mid,0
850.0,Germany,Female,30.0,3,104911.35,2,1,1,42933.26,Mid,0
697.0,France,Female,48.0,1,0.0,2,1,1,87400.53,New,0
751.0,Spain,Female,37.0,3,99773.85,2,1,0,54865.92,Mid,0
598.0,France,Male,60.0,4,0.0,1,1,0,197727.14,Mid,1
738.0,France,Male,26.0,9,0.0,2,1,1,48644.94,Loyal,0
715.0,France,Male,41.0,4,94267.9,1,0,1,152821.12,Mid,1
458.0,Spain,Male,36.0,5,0.0,2,1,0,79723.78,Mid,0
754.0,Spain,Female,32.0,7,0.0,2,1,0,89520.75,Loyal,0
850.0,France,Male,46.0,9,117640.39,1,1,0,88920.68,Loyal,0
589.0,Germany,Female,41.0,7,92618.62,1,1,1,101178.85,Loyal,0
645.0,Spain,Male,49.0,2,0.0,2,0,0,10023.15,New,0
569.0,France,Female,44.0,4,0.0,2,0,0,134394.78,Mid,0
742.0,France,Male,27.0,0,0.0,2,0,1,131534.96,New,0
616.0,Spain,Female,32.0,6,0.0,2,1,1,43001.46,Loyal,0
806.0,Germany,Male,30.0,8,168078.83,1,1,0,85028.36,Loyal,1
722.0,Spain,Female,50.0,4,132088.59,1,1,1,128262.14,Mid,0
797.0,France,Male,32.0,10,114084.6,1,0,1,125782.29,Loyal,0
850.0,Spain,Male,44.0,7,89118.26,1,1,0,104240.77,Loyal,1
418.0,France,Male,35.0,7,0.0,2,1,1,88878.15,Loyal,0
612.0,France,Female,33.0,9,0.0,1,0,0,142797.5,Loyal,1
703.0,France,Male,37.0,8,105961.68,2,0,1,74158.8,Loyal,0
646.0,France,Female,46.0,8,0.0,2,1,0,133059.15,Loyal,0
603.0,Spain,Male,46.0,2,0.0,2,1,0,174478.54,New,0
531.0,Germany,Female,31.0,7,117052.82,1,1,0,118508.09,Loyal,1
694.0,France,Female,22.0,4,0.0,2,1,1,11525.72,Mid,0
680.0,France,Female,37.0,10,123806.28,1,1,0,81776.84,Loyal,1
807.0,Spain,Female,28.0,7,165969.26,3,1,0,156122.13,Loyal,1
850.0,France,Male,31.0,6,67996.23,2,0,0,50129.87,Loyal,1
632.0,Spain,Male,37.0,1,138207.08,1,1,0,60778.11,New,1
850.0,Spain,Male,38.0,7,115378.94,1,0,1,162087.82,Loyal,0
663.0,France,Male,34.0,10,0.0,1,1,1,114083.73,Loyal,0
642.0,Germany,Male,41.0,4,157777.58,1,1,0,67484.6,Mid,0
731.0,Spain,Male,42.0,9,101043.63,1,1,1,192175.52,Loyal,0
636.0,Spain,Male,60.0,7,124447.73,1,1,1,141364.62,Loyal,1
644.0,Spain,Female,31.0,5,86006.3,1,1,1,73922.95,Mid,0
781.0,France,Male,20.0,0,125023.1,2,1,1,108301.45,New,0
550.0,France,Female,40.0,7,114354.95,1,1,0,54018.93,Loyal,0
576.0,Germany,Female,36.0,8,166287.85,1,1,1,23305.85,Loyal,0
518.0,France,Male,42.0,7,151027.05,2,1,0,119377.36,Loyal,0
576.0,Germany,Male,29.0,7,130575.26,1,0,1,173629.78,Loyal,0
713.0,France,Male,53.0,6,115029.4,1,0,0,191521.32,Loyal,1
812.0,Spain,Female,49.0,8,66079.45,2,0,0,91556.57,Loyal,1
664.0,France,Female,44.0,8,142989.69,1,1,1,115452.51,Loyal,1
678.0,France,Female,41.0,9,0.0,1,0,0,13160.03,Loyal,0
646.0,France,Male,50.0,0,104129.24,2,1,0,181794.86,New,1
699.0,Germany,Female,31.0,10,125837.86,2,1,0,189392.66,Loyal,0
794.0,Germany,Female,55.0,6,115796.7,1,1,0,160526.36,Loyal,1
787.0,France,Female,42.0,10,145988.65,2,1,1,79510.37,Loyal,0
667.0,Spain,Male,39.0,9,0.0,2,1,0,68873.8,Loyal,0
666.0,France,Female,31.0,2,79589.43,1,0,0,4050.57,New,0
597.0,Germany,Female,35.0,8,131101.04,1,1,1,192852.67,Loyal,0
719.0,France,Male,49.0,5,105918.1,1,1,1,16246.59,Mid,0
571.0,France,Female,23.0,10,151097.28,1,0,1,17163.75,Loyal,0
452.0,France,Female,32.0,5,0.0,2,0,1,75279.39,Mid,0
520.0,Germany,Female,23.0,3,116022.53,2,1,1,37577.66,Mid,0
584.0,Spain,Female,50.0,1,0.0,1,0,1,152567.75,New,1
594.0,Germany,Male,18.0,1,132694.73,1,1,0,167689.56,New,0
722.0,France,Male,40.0,6,0.0,2,1,1,111893.09,Loyal,0
537.0,Germany,Male,62.0,8,92242.34,1,1,1,186235.98,Loyal,0
756.0,Germany,Male,41.0,6,149049.92,1,0,1,50422.36,Loyal,1
643.0,Spain,Male,43.0,1,0.0,2,1,1,145764.4,New,0
700.0,Germany,Female,30.0,4,116377.48,1,1,1,134417.31,Mid,0
563.0,Germany,Male,41.0,2,100520.92,1,1,1,19412.8,New,1
589.0,France,Male,38.0,4,0.0,1,1,0,95483.48,Mid,1
768.0,France,Male,30.0,6,0.0,2,1,1,199454.37,Loyal,0
501.0,Germany,Male,25.0,6,104013.79,1,1,0,114774.35,Loyal,0
654.0,France,Female,29.0,4,96974.97,1,0,1,141404.07,Mid,0
785.0,Germany,Female,38.0,9,107199.75,1,0,0,146398.51,Loyal,0
725.0,Germany,Female,39.0,5,116803.8,1,1,0,124052.97,Mid,0
504.0,Spain,Male,44.0,4,113522.64,1,1,1,12405.2,Mid,0
716.0,Germany,Male,62.0,5,121411.9,1,0,0,10070.4,Mid,1
658.0,France,Male,31.0,5,100082.14,1,0,1,49809.88,Mid,0
743.0,France,Male,62.0,0,0.0,2,0,1,29837.65,New,0
705.0,Spain,Male,39.0,6,133261.13,1,1,1,78065.9,Loyal,0
767.0,France,Female,35.0,9,0.0,2,1,0,39511.61,Loyal,0
637.0,Germany,Male,40.0,9,154309.67,1,1,1,125334.16,Loyal,1
803.0,France,Male,28.0,3,0.0,2,1,0,159654.0,Mid,0
725.0,Spain,Female,36.0,4,118520.26,1,0,0,131173.9,Mid,1
699.0,France,Female,39.0,1,0.0,2,0,0,93826.63,New,0
789.0,France,Female,27.0,8,66201.96,1,1,1,79458.12,Loyal,0
639.0,France,Female,38.0,5,0.0,2,0,0,93716.38,Mid,0
587.0,Spain,Male,48.0,1,0.0,2,1,1,8908.0,New,0
501.0,Germany,Male,27.0,4,95331.83,2,1,0,132104.76,Mid,0
592.0,France,Male,42.0,1,147249.29,2,1,1,63023.02,New,0
659.0,France,Male,32.0,9,95377.13,1,0,1,187551.24,Loyal,0
694.0,France,Male,32.0,0,91956.49,1,1,1,59961.81,New,0
802.0,Spain,Male,51.0,7,0.0,1,0,1,40855.79,Loyal,0
597.0,France,Female,41.0,4,145809.53,2,1,1,52319.26,Mid,0
537.0,Spain,Female,38.0,1,96939.06,1,1,1,102606.92,New,0
591.0,France,Female,31.0,7,0.0,2,0,1,48778.46,Loyal,0
677.0,France,Female,36.0,7,0.0,1,1,0,47318.75,Loyal,0
691.0,Spain,Male,40.0,1,0.0,2,1,1,145613.17,New,0
770.0,France,Female,30.0,8,0.0,2,1,0,100557.03,Loyal,0
593.0,France,Female,33.0,0,95927.04,1,1,0,199478.05,New,0
630.0,France,Female,28.0,1,0.0,2,1,1,133267.78,New,0
586.0,France,Male,32.0,1,0.0,2,0,0,31635.99,New,0
630.0,Spain,Male,26.0,7,0.0,2,1,1,6656.64,Loyal,0
581.0,Germany,Male,41.0,2,127913.71,2,1,1,44205.95,New,0
571.0,Germany,Male,37.0,9,139592.98,3,1,0,104152.65,Loyal,1
654.0,France,Female,37.0,5,0.0,1,0,1,71492.28,Mid,0
619.0,France,Female,49.0,9,145359.99,1,1,0,38186.85,Loyal,0
552.0,Germany,Male,39.0,2,132906.88,1,0,1,149384.43,New,0
590.0,Spain,Male,30.0,3,0.0,2,1,0,83090.35,Mid,0
705.0,Germany,Female,48.0,1,156848.13,2,1,1,99475.95,New,1
476.0,France,Female,40.0,4,0.0,2,0,0,182547.04,Mid,0
723.0,France,Male,30.0,3,124119.54,1,1,0,162198.32,Mid,0
594.0,France,Male,50.0,7,81310.34,1,1,1,183868.01,Loyal,0
714.0,Germany,Male,53.0,1,99141.86,1,1,1,72496.05,New,1
578.0,Spain,Male,40.0,6,63609.92,1,0,0,74965.61,Loyal,1
790.0,Spain,Male,20.0,8,0.0,2,1,0,168152.76,Loyal,0
613.0,Spain,Male,34.0,3,0.0,1,1,1,41724.72,Mid,0
624.0,Germany,Female,35.0,0,180303.24,2,1,0,163587.9,New,0
458.0,Germany,Male,44.0,7,84386.57,1,1,0,178642.73,Loyal,0
731.0,Germany,Female,49.0,4,88826.07,1,1,1,33759.41,Mid,1
850.0,France,Female,46.0,2,157866.77,1,1,1,18986.12,New,0
631.0,Spain,Female,41.0,0,0.0,1,0,0,87959.83,New,0
540.0,Spain,Female,28.0,6,84121.04,1,0,1,80698.54,Loyal,0
645.0,France,Female,40.0,3,129596.77,1,1,1,103232.6,Mid,0
776.0,France,Male,39.0,8,125211.55,2,1,0,144496.07,Loyal,0
713.0,France,Male,46.0,5,0.0,1,1,1,55701.62,Mid,0
741.0,France,Male,32.0,8,0.0,2,1,0,143598.7,Loyal,0
667.0,Spain,Male,45.0,3,0.0,2,0,0,163655.01,Mid,0
590.0,Spain,Male,29.0,10,0.0,1,1,1,51907.72,Loyal,1
662.0,Spain,Female,42.0,6,105021.28,1,1,0,48242.38,Loyal,0
549.0,France,Female,52.0,1,0.0,1,0,1,8636.05,New,1
717.0,Germany,Female,62.0,10,98362.35,2,1,1,21630.21,Loyal,0
551.0,Germany,Female,30.0,2,143340.44,1,1,0,145796.49,New,0
850.0,Spain,Female,24.0,1,0.0,2,0,1,69052.87,New,0
529.0,Spain,Male,62.0,4,96134.11,3,1,0,108732.96,Mid,1
726.0,France,Female,38.0,4,0.0,2,0,0,6787.48,Mid,0
797.0,Germany,Male,32.0,1,151922.94,1,1,0,8877.06,New,0
850.0,Spain,Female,32.0,9,0.0,2,1,1,18924.92,Loyal,0
515.0,France,Female,37.0,0,196853.62,1,1,1,132770.11,New,0
719.0,Spain,Male,44.0,4,0.0,1,0,0,84972.9,Mid,1
707.0,France,Male,47.0,3,0.0,2,1,0,174303.29,Mid,0
698.0,Spain,Male,27.0,6,125427.37,2,0,0,27654.44,Loyal,0
469.0,Spain,Female,31.0,6,0.0,1,1,0,146213.75,Loyal,1
569.0,Germany,Female,28.0,3,100032.52,1,1,0,5159.21,Mid,1
690.0,France,Female,42.0,3,92578.14,2,0,0,70810.6,Mid,0
727.0,France,Female,28.0,2,110997.76,1,1,0,101433.76,New,0
731.0,France,Female,40.0,7,118991.79,1,1,1,156048.64,Loyal,0
736.0,France,Male,43.0,4,202443.47,1,1,0,72375.03,Mid,0
744.0,France,Male,47.0,9,0.0,2,1,0,113163.17,Loyal,0
850.0,Spain,Female,45.0,4,114347.85,2,1,1,109089.04,Mid,0
668.0,Germany,Female,46.0,7,161806.09,1,1,1,173052.19,Loyal,0
699.0,Spain,Male,43.0,2,136487.86,2,1,0,82815.93,New,0
661.0,Spain,Female,41.0,5,28082.95,1,1,0,69586.27,Mid,1
798.0,France,Male,36.0,1,0.0,2,1,1,159044.1,New,0
685.0,France,Male,35.0,9,0.0,1,1,0,167033.83,Loyal,0
675.0,France,Male,34.0,1,124619.33,2,0,1,163667.56,New,0
679.0,Germany,Male,38.0,7,110555.37,2,1,0,46522.68,Loyal,0
655.0,Spain,Female,34.0,4,109783.69,2,1,0,134034.32,Mid,0
633.0,Spain,Male,62.0,4,114552.6,1,1,0,73856.28,Mid,1
782.0,France,Male,39.0,8,0.0,2,1,1,33949.67,Loyal,0
653.0,France,Female,46.0,5,0.0,2,1,0,49707.85,Mid,0
755.0,France,Male,30.0,4,123217.66,2,0,1,144183.1,Mid,0
557.0,France,Female,27.0,3,87739.08,1,1,1,123096.56,Mid,0
660.0,Spain,Male,31.0,1,84560.04,1,1,1,137784.25,New,0
658.0,France,Female,40.0,5,143566.12,1,1,1,189607.71,Mid,0
647.0,France,Female,42.0,9,0.0,2,1,1,51362.82,Loyal,0
580.0,Germany,Male,45.0,2,179334.83,2,1,1,169303.65,New,0
701.0,France,Male,51.0,9,0.0,2,0,0,61961.57,Loyal,0
850.0,France,Male,58.0,8,156652.13,1,0,0,25899.21,Loyal,1
563.0,France,Female,32.0,0,148326.09,1,1,0,191604.27,New,1
594.0,France,Male,27.0,0,197041.8,1,0,0,151912.49,New,0
590.0,Spain,Female,44.0,3,139432.37,1,1,0,62222.81,Mid,0
488.0,Germany,Male,32.0,3,114540.38,1,1,0,92568.07,Mid,0
720.0,Spain,Male,34.0,3,0.0,2,1,1,77047.78,Mid,0
665.0,Spain,Male,41.0,8,0.0,2,1,0,132152.32,Loyal,0
683.0,Germany,Male,62.0,9,124730.26,1,1,1,51999.5,Loyal,0
625.0,France,Male,34.0,6,0.0,2,0,0,197283.2,Loyal,0
542.0,Spain,Male,37.0,8,0.0,1,1,1,807.06,Loyal,0
506.0,France,Male,34.0,7,0.0,2,0,0,115842.1,Loyal,0
516.0,Germany,Male,50.0,7,139675.07,2,1,0,45591.23,Loyal,0
691.0,Germany,Male,30.0,7,116927.89,1,1,0,21198.39,Loyal,0
472.0,France,Male,29.0,8,102490.27,1,0,1,181224.56,Loyal,0
458.0,Spain,Female,35.0,5,166492.48,1,1,0,135287.74,Mid,0
819.0,France,Male,38.0,9,122334.26,2,1,1,181507.44,Loyal,0
641.0,France,Male,62.0,9,0.0,3,1,1,81514.06,Loyal,0
697.0,Germany,Male,51.0,1,147910.3,1,1,1,53581.14,New,0
850.0,France,Male,32.0,4,0.0,1,1,1,180622.02,Mid,0
535.0,Spain,Male,58.0,1,0.0,2,1,1,11779.98,New,1
774.0,France,Female,26.0,5,0.0,2,1,1,64716.08,Mid,0
777.0,France,Female,29.0,9,131240.61,1,1,1,163746.09,Loyal,1
850.0,Spain,Female,29.0,10,0.0,2,1,1,94815.04,Loyal,0
611.0,France,Male,62.0,9,0.0,2,1,1,53277.15,Loyal,0
687.0,Spain,Female,62.0,1,137715.66,1,1,1,37938.74,New,0
639.0,France,Female,42.0,4,0.0,2,0,0,167682.37,Mid,0
508.0,France,Female,62.0,2,0.0,1,1,1,6076.62,New,0
637.0,France,Male,40.0,8,125470.81,1,1,1,174536.17,Loyal,0
701.0,France,Female,37.0,3,0.0,2,1,1,164268.28,Mid,0
674.0,Germany,Female,44.0,4,131593.85,1,0,1,171345.02,Mid,1
751.0,Germany,Male,34.0,9,108513.25,2,1,1,27097.82,Loyal,0
706.0,Germany,Male,32.0,5,88348.43,2,1,1,104181.78,Mid,0
638.0,France,Female,29.0,9,103417.74,1,1,1,15336.4,Loyal,0
425.0,Spain,Female,39.0,5,0.0,2,1,0,140941.47,Mid,0
574.0,Germany,Male,54.0,1,99774.5,1,0,0,4896.11,New,1
631.0,France,Female,33.0,8,0.0,2,0,0,117374.22,Loyal,0
695.0,France,Male,36.0,6,114007.5,2,1,0,118120.88,Loyal,0
520.0,Spain,Female,35.0,4,115680.81,1,1,1,90280.7,Mid,0
596.0,Germany,Female,27.0,2,151027.56,1,1,0,170320.58,New,0
752.0,Germany,Female,38.0,10,101648.5,2,1,0,172001.44,Loyal,0
762.0,France,Male,35.0,9,0.0,2,1,1,43075.7,Loyal,0
511.0,France,Male,33.0,7,0.0,2,0,1,158313.87,Loyal,0
655.0,Spain,Female,35.0,1,82231.51,2,1,0,88798.02,New,0
435.0,France,Male,54.0,3,0.0,1,1,0,156910.46,Mid,1
850.0,Spain,Female,36.0,2,155180.56,2,0,0,169415.54,New,0
589.0,Germany,Male,48.0,5,126111.61,1,0,1,133961.19,Mid,0
629.0,Spain,Female,30.0,2,34013.63,1,1,0,19570.63,New,0
709.0,France,Male,38.0,5,0.0,2,1,1,81452.29,Mid,0
504.0,Germany,Male,32.0,8,170291.22,2,0,1,15658.99,Loyal,0
660.0,France,Male,34.0,1,0.0,2,1,0,9692.58,New,0
565.0,France,Female,38.0,5,126645.13,1,1,1,168303.55,Mid,0
685.0,Germany,Female,30.0,4,84958.6,2,0,1,194343.72,Mid,0
692.0,France,Female,30.0,7,0.0,2,1,1,18826.34,Loyal,0
548.0,Spain,Male,33.0,6,0.0,1,1,1,31728.35,Loyal,0
678.0,France,Male,36.0,0,107379.68,1,1,1,84460.18,New,0
762.0,Spain,Female,19.0,6,0.0,2,1,0,55500.17,Loyal,0
609.0,France,Male,48.0,1,108019.27,3,1,1,184524.65,New,1
729.0,Germany,Male,26.0,4,97268.1,2,1,0,39356.38,Mid,0
745.0,Spain,Female,54.0,8,0.0,1,1,0,173912.29,Loyal,1
